0x00A00000, NisimoriTest - Waits for a controller button combination while pumping debug output and frame synchronization
0x00A00088, _IsEndOfMode - Returns true when debug mode offset 0x14 is enabled, controller flag 0x800 is set, and companion flag 0x100 is set
0x00A000E8, _DoAnyOnePausing - Returns the pausing player index selected from mode and both controllers pause-state bits
0x00A00188, _IsEndOfPause - Returns pause bit 0x800 for the selected controller, or the union of both controllers when the index is negative
0x00A001D0, _EndOfFrame - Flushes 2D paint and particles, runs the draw job, then yields for frame completion
0x00A00218, _GetStageData - Populates stage background name, camera vectors, and bounds selected by stage identifier
0x00A00478, _GetStageDataBySerial - Selects a stage table entry by serial, defaulting to stage two when out of range
0x00A004E8, _GetStageHardDataBySerial - Populates stage data using the fixed hard-mode stage identifier three
0x00A00500, _GetEnemyLevelBySerial - Returns one of four normal enemy levels; warns and returns zero for serials greater than three
0x00A00568, _GetEnemyHardLevelBySerial - Returns one of four hard-mode enemy levels; warns and returns zero for serials greater than three
0x00A005D0, _GetEnemyChar - Writes the selected enemy character name and three weapon names into battle setup data
0x00A006A0, _GetHardEnemyChar - Writes a hard-mode enemy character and fixed weapon loadout selected by serial index
0x00A00990, _InitDataBase - Reads the robot database from text, clears the shot and weapon databases, then loads their resource files
0x00A00A20, _Title - Loads and runs the title screen until selection or cancellation, then releases its interface and prepared files
0x00A00AE0, _SelectOneChar - Runs one player's AGWS selection interface, returns its result, and copies the confirmed loadout into battle setup data
0x00A00D40, _AnnSetRound - Starts the round-one, round-two, or round-three announcement for round indices zero through two and ignores other values
0x00A00D98, _AnnSetResult - Selects draw, game-over, win, lose, or split win-loss announcement IDs from battle-result masks and elapsed time
0x00A00EA0, _GameInfoInit - Clears both player results, stage index, active player, play-time totals, and damage totals
0x00A00EE0, _GameInfoEndOfBattle - Accumulates battle play time and player damage into game totals, then records the latest result state
0x00A00F98, _GameInfoIsPlayerGetGame - Returns whether the indexed player result exceeds one, indicating that player won the game
0x00A00FB0, _GameInfoGetCurrentPlayTime - Returns the active player's accumulated play time from the indexed array at offset 0x10
0x00A00FC8, _GameInfoGetCurrentDamage - Returns the active player's accumulated damage from the indexed array at offset 0x20
0x00A00FE0, _GameInfoNextStage - Increments the stage index and clears both player results plus the active-player field
0x00A01000, _GameInfoGetStage - Returns the current stage index stored at game-information offset 8
0x00A01008, _GameInfoIsEndOfGame - Returns one when either player's result exceeds one, otherwise returns zero
0x00A01038, _GameInfoSetDispLife - Passes both results and an optional player-bit mask to the life display
0x00A01088, _LoadBattleData - Loads particle-effect environment and common battle resources into their owning systems
0x00A010C8, _DisposeBattleDatas - Disposes motion-info, battle-common, and effect-environment data, then releases sound sequence zero
0x00A01110, _DispPause - Draws the pause overlay using weapon-font text and translucent 2D elements
0x00A011F8, _disp_hardmode - Draws the hard-mode indicator using the battle weapon font
0x00A01268, _OneBattle - Initializes battle and announcement state, then dispatches per-frame control, timing, display, and pause handling
0x00A01800, _OneGame - Runs successive battles, accumulating play time and damage until the game result ends progression
0x00A018B0, _VsCpuGame - Runs CPU-opponent character selection, configures staged battles by difficulty, and releases shared battle resources when progression ends
0x00A01CA8, _2PGame - Runs two-player character selection, configures the versus stage, executes the match, then releases battle resources
0x00A01D78, _Help - Prepares help resources, runs update and display frames until the help screen ends, then disposes the screen and prepared files
0x00A01E28, _push - Pushes current runtime allocation and event state onto a bounded module-level stack
0x00A01E68, _pop - Restores runtime allocation and event state from the module-level stack, then decrements its depth
0x00A01EA8, RobotGameMain - Runs the title-driven robot-game mode loop, initializing systems and dispatching CPU, two-player, or help modes
0x00A01FF0, RobotGameMainDebug - No-op stub that returns immediately without reading or modifying observable state
0x00A01FF8, _nonControlMethod - No-op stub that returns immediately without reading or modifying observable state
0x00A02000, _nonDispMethod - No-op stub that returns immediately without reading or modifying observable state
0x00A02008, RgCalcLocalForChar - Builds an orientation matrix toward the negated direction, then writes the supplied translation
0x00A02078, RgCharAlloc - Allocates character storage from the runtime heap and initializes it through InitRgChar
0x00A020F0, RgCharFree - Releases character after RgHeapFree tears down owned state and heap storage
0x00A02188, InitRgChar - Stores the character type, installs default callbacks, and clears display, lifetime, and user-data fields
0x00A021F8, RgCharGetType - Returns the validated character's type field at offset zero
0x00A02238, RgCharSetType - Stores the supplied type in the validated character's first field
0x00A02288, RgCharControlMethod - Installs the supplied control callback in the character field at offset 8
0x00A022D8, RgCharDispMethod - Stores the character display callback at object offset 0xC
0x00A02328, RgCharDestructMethod - Stores the character destruction callback at offset 0x10
0x00A02378, RgCharPassTimeMethod - Installs the supplied pass-time callback in the character field at offset 0x14
0x00A023C8, RgCharControl - Calls the character control callback when its type is valid and the callback exists
0x00A02428, RgCharPassTime - Calls the character pass-time callback when its type is valid and the callback exists
0x00A02498, RgCharDisp - Invokes the character display callback at offset 0xC when state offset zero is not minus one and the callback is installed
0x00A024F8, RgGetFrameTime - Returns the constant frame interval encoded by floating-point value 0x3D088889
0x00A02510, _InitHomingThread - Clears homing-thread state and sets its default angle limit to pi
0x00A02570, _CreateHomingThread - Allocates and validates runtime-heap storage for a new homing thread object
0x00A025C0, _DisposeHomingThread - Releases homing thread after RgHeapFree tears down owned state and heap storage
0x00A02628, _StartHomingThread - Starts homing thread by updating its runtime fields and active-state flags
0x00A026B0, _StopHomingThread - Stops homing thread by clearing its active state and associated runtime fields
0x00A02708, _GetStatHomingThread - Returns the stat homing thread field stored at object offset 0x14 after pointer validation
0x00A02748, _GetSleepTimeHomingThread - Returns the stored sleep time only in state two, otherwise returns the large sentinel
0x00A027A0, _PassTimeHomingThread - Decrements an active homing timer, changes state one to two at zero, applies homing each active frame, and accumulates elapsed time in state two
0x00A02868, _CalcMaxSpeed - Returns requested force times specification scale divided by the body's geometry weight
0x00A028E8, _StopAllShotThread - Suspends the three shot-thread handles stored at offsets 0x88, 0x8C, and 0x90
0x00A02938, _BodyOnGround - Plays landing sound 0x32 only on the first grounded frame and sets the grounded latch
0x00A02978, _InitStatus - Clears six robot status fields spanning offsets 0x40 through 0x54
0x00A029D0, _CreateStatue - Allocates a status object from the runtime heap, initializes its fields, and returns it
0x00A02A20, _SetStatus - Calls the previous exit callback, resets status fields, then stores the new status identifier
0x00A02A98, _DisposeStatus - Releases status after RgHeapFree tears down owned state and heap storage
0x00A02B00, _StatusExecCmd - Returns the command callback result, or zero when no callback is installed
0x00A02B80, _StatusPassTime - Returns the pass-time callback result and always accumulates elapsed time at offset 0x44
0x00A02C10, _StatusDisp - Invokes the robot-status display callback stored at offset 0x50 when installed
0x00A02C70, _AllowAllCmdInMoving - Dispatches command types zero through nine or fourteen to their movement-state handlers
0x00A02D60, _AllowDamageCmd - Dispatches normal, weak, or body-hit damage commands and rejects other types
0x00A02DE8, _AllowDamageCmdNotVRDashHit - Dispatches only normal or weak damage commands, rejecting body and dash hits
0x00A02E48, _AllowDamageCmdNotPetrify - For damage commands, subtracts and clamps field 0x10 to zero, then returns 0x80
0x00A02E98, _MovingPassTime - Selects idle, advance, or roll motion from horizontal speed and angular speed, then raises the motion blend timer to its configured limit
0x00A03038, _InitMovingStatus - Selects status one, resets the current motion ID to negative one, and installs the moving command and frame handlers
0x00A03088, _ExecCmdInAttack - Accepts chained attack actions only at motion action time one with the same weapon, and permits a ready back weapon to fire on shot commands
0x00A031A8, _AttackPassTime - Fires at the configured action time, otherwise advances while allowed, and returns to moving after the actor motion ends
0x00A032F0, _AttackExit - Stops attack through RgWeaponShotStop and _StopHomingThread, then updates its associated active state
0x00A033A8, _InitAttackStatus - Resolves the attack motion, stops shot threads, installs attack handlers and weapon fields, starts body and weapon motion, and optionally starts homing
0x00A03550, _ExecCmdInHissatu - Checks damage-command handling and deliberately discards its returned status
0x00A03568, _HissatuPassTime - Executes the special attack action sequence, driving homing, forward thrust, dash effects, lock-on, and weapon firing according to the motion action and weapon mode
0x00A03CC0, _HissatuExit - Stops special attack through _CalcMaxSpeed and RgWeaponRestartLockon, then updates its associated active state
0x00A03D68, _InitStatusHissatu - Selects status ten, loads motion 0x4E, installs special-attack handlers, resets sequence fields, and starts the body motion
0x00A03E20, _ExecCmdInShield - Records shield release, consumes ammunition and impact direction on hit command 11, and allows a ready back weapon to fire
0x00A03F28, _ShieldPassTime - Applies impact force, transitions through raise, hold, and lower shield phases, and returns to moving when the closing motion ends
0x00A04148, _ShieldExit - Stops shield through RgWeaponRestartLockon, then updates its associated active state
0x00A041A0, _InitShieldStatus - Selects status three, installs shield handlers and motion data, stops shot threads and weapon lock-on, and starts the shield body motion
0x00A042E0, _ExecCmdInTargetting - Permits moving commands after the startup delay, but accepts weapon commands only when that weapon has ammunition and no active control mode
0x00A04400, _TargettingPassTime - Flags completed homing, plays motion 0x4B near timeout, then brakes, returns to moving, and terminates jet effects when targeting expires
0x00A04508, _ExitTargettingStatus - Stops targeting status through RgRobotEffectTermJet and RgRobotEffectSetJetInertia, then updates its associated active state
0x00A04540, _InitTargettingStatus - Selects status four, installs targeting handlers, computes an airborne targeting duration when requested, starts jet and homing behavior, and plays motion 0x13
0x00A04768, _ExecCmdInBreaking - On rotate command one, applies signed rotational force at one tenth of the configured torque and marks rotation input handled
0x00A04820, _BreakingPassTime - Decrements the break timer, restores moving status after expiration, and always returns zero
0x00A04860, _BreakingExit - Restarts body motion zero when leaving breaking status, returning no value
0x00A04880, _InitBreakingStatus - Stops shot threads, selects status eight, installs braking handlers, sets a 0.3 braking value, and plays body motion 0x14
0x00A04900, _DashExecCmd - Converts command six into a VR dash using the saved dash vector, or routes command two to weapon attack handling
0x00A049B8, _DashPassTime - Accelerates along the dash vector until time, input, or collision ends the dash, optionally changes to VR dash, then brakes before returning to moving
0x00A04C00, _DashExit - Stops dash through _CalcMaxSpeed and RgGeomPointSetMaxXYSpd, then updates its associated active state
0x00A04C78, _InitDashStatus - Rejects undercharged dashes, selects status five, stores the direction and duration by dash type, then starts jet, dash, and movement-sound effects
0x00A04E98, _DashVRMainToFollow - Changes VR dash to follow state one, sets a 0.1-second timer, and starts looping body motion zero
0x00A04ED0, _DashVRExecCmd - Handles targeting, rotation, attack, and reflection commands during VR dash and clamps steering acceleration to plus or minus four pi
0x00A052B0, _DashVRPassTime - Steers velocity at VR maximum speed, changes from main to follow mode on input flags, then homes briefly before returning to moving
0x00A05630, _DashVRExit - Stops dash VR through _CalcMaxSpeed and RgGeomPointSetMaxXYSpd, then updates its associated active state
0x00A05680, _InitDashVRStatus - Requires sufficient dash charge, selects status seven, derives heading and initial target from the input vector, and starts VR motion, speed, sound, and dash effects
0x00A05868, _DamageExecCmd - Allows normal damage responses and accepts command five as a dash escape only when its damage-state gate is nonzero
0x00A058E0, _DamagePassTime - Restores moving status after the damage timer threshold and always returns 0x10
0x00A05920, _InitDamageStatus - Stops shot threads, selects status six, clamps scaled stun time to 0.1 through 10 seconds unless overridden, and plays the directional damage motion
0x00A05A50, _ExecCmdInDrop - On command seven, switches a pending slot-two weapon drop to the slot-two drop motion and returns flag 0x200
0x00A05AF0, _DropPassTime - Unequips and clears the selected weapon at its action time, then returns to moving once the motion timer exceeds 0.15
0x00A05BB0, _InitDropStatus - Starts status nine only for an existing, unattached, droppable weapon with valid motion data, and installs drop handlers for that weapon slot
0x00A05CB0, _EntryCmdQueue - Appends command queue to object storage and advances the recorded element count
0x00A05D88, _InitCmdQueue - Resets command-queue read and write positions at offsets 0x400 and 0x404
0x00A05DD0, _ClearCmdQueue - Resets the queued-command count at offset 0x400 to zero
0x00A05E10, _CreateCmdQueue - Allocates command queue storage from the runtime heap and initializes it through _InitCmdQueue
0x00A05E60, _DisposeCmdQueue - Releases command queue after RgHeapFree tears down owned state and heap storage
0x00A05EC8, _BodyPlayMotion - Starts body motion through XrgActorSetSmoothPlay and XrgActorSetMotion and records the resulting active state
0x00A05F48, _BodyPlayMotionLoop - Starts body motion loop through XrgActorSetSmoothPlay and XrgActorSetLoopPlay and records the resulting active state
0x00A05FD0, _BodyAdvanceForAttack - Accelerates opposite the robot local forward axis using 30 percent of configured acceleration scaled by the supplied attack factor
0x00A06050, _BodyGetTargetPos - Copies the target geometry position when present and returns whether a target exists
0x00A060C0, _BodySetSpec - Stores robot-spec charge and timing values, recalculates maximum ground speed, and assigns jet and dash particle names
0x00A06168, _BodySetGeom - Replaces prior body geometry, applies spec weight and movement and rotation resistance, caches heading, and reconnects effects and maximum speed
0x00A06248, _BodySetEyeGeom - Replaces and frees the previous eye collider only when it differs from the supplied geometry
0x00A062B0, _BodySetAdvanceGeom - Replaces and frees the previous advance collider only when it differs from the required non-null geometry
0x00A06338, _BodySetSound - Stores body sound in the object field at offset 0xa8 after pointer validation
0x00A063E8, _BodySetActor - Disposes the previous actor, creates one from a non-null essence, stores its character ID, binds robot effects, and starts idle motion
0x00A06490, _BodySetTarget - Stores body target in the object field at offset 0x58 after pointer validation
0x00A064E0, _BodyDropWeapon - Detaches and disposes a slotted weapon, adjusts robot weight, and creates its dropped replacement
0x00A06618, _BodyEquipWeapon - Replaces a slotted weapon, updates weight and actor attachment, then configures its shot thread
0x00A069F8, _BodySetSpareWeapon - Replaces one of three spare-weapon slots and disposes the previous weapon when its pointer differs
0x00A06AA8, _BodySetAutoHomingEnv - Stores body auto homing environment in the object field at offset 0x18 after pointer validation
0x00A06AF8, _BodyExecCmd - Marks the incoming command type in the body command bitset and dispatches it to the current status handler
0x00A06B90, _BodyGeomPassTime - Reduces maximum turn rate as speed approaches maximum, disables the limit when homing acted, clears that flag, and integrates geometry
0x00A06C78, _EyeGeomPassTime - Returns the eye collision event flag after integrating it and relocating it from the body position by the optional target offset
0x00A06D30, _AdvanceGeomPassTime - Integrates the advance collider, places it at the body position, and moves its endpoint half a body-velocity step forward
0x00A06DD0, _BodyAutoHomingPassTime - Applies either configured automatic homing rule whose status mask matches, unless the one-frame homing suppression bit is set
0x00A06EE8, _BodyPassTime - Updates status, shot threads, homing, body and eye geometry, actor, weapons, effects, and sound, returning accumulated targeting and action flags
0x00A07110, _BodyDisp - Draws robot body status after calculating the geometry's local transform
0x00A071D0, _InitBody - Creates robot, eye, and advance geometry, three shot threads, a homing thread, and robot effects, then initializes speed, weapon, timer, and flag fields
0x00A07368, _DestructBody - Frees body geometry, three weapon pairs, three shot threads, homing and robot effects, actor data, and sound state
0x00A074A0, _CreateBody - Allocates body storage from the runtime heap and initializes it through _InitBody
0x00A074F0, _DisposeBody - Releases body after _DestructBody tears down owned state and heap storage
0x00A07598, _ExecAccelarateCmd - Sets configured maximum ground speed, accelerates along the command vector, starts movement sound, and returns command flag one
0x00A07620, _ExecRotateCmd - Applies configured rotational force in the input sign, sets the rotation flag, starts movement sound, and returns flag two
0x00A076D0, _IsBackWeaponReady - Returns true only when slot two has a weapon with positive ammunition
0x00A07758, _ExecShotOrAttackCmd - Selects special attack, empty-weapon drop, threaded shot, shield, or direct attack according to slot, ammunition, readiness, and weapon control flags
0x00A079E8, _ExecTargettingCmd - Initializes targeting status with supplied context and returns command flag 0x100
0x00A07A08, _ExecBreakCmd - Applies 0.3 linear and rotational braking, enters breaking status, and returns flag 0x40
0x00A07A60, _ExecDashCmd - Enters VR dash for dash type one, normal dash for types zero and five or greater, and rejects types two through four
0x00A07AC0, _ExecDashContinueCmd - Continues into VR dash and returns flag four only for dash type one
0x00A07AF8, _GetDropMotion - Maps drop type zero to 0x1F, one to 0x20, and two to zero
0x00A07B78, _ExecDropWeaponCmd - Resolves the selected slot's drop motion and returns flag 0x200 only when drop status starts successfully
0x00A07BD8, _ExecDamageCmd - Subtracts hit damage from life with a zero floor, enters damage status, and returns flag 0x80
0x00A07C30, _ExecHitByBody - Creates a directional impact effect, applies scaled collision force, subtracts body-hit damage with a zero floor, and starts damage status
0x00A07CF8, _ExecWeakDamageCmd - Subtracts damage, accumulates weak hits until their threshold triggers damage status, and otherwise stores the latest hit motion fields
0x00A07DB8, _DullFlagsPassTime - Updates three timed suppression flags, adds visibility of the target, and writes the resulting four-bit automatic-homing environment
0x00A07F08, _PassTimeRobot - Executes every queued command while alive, clears the queue, updates body and suppression state, and stores accepted and frame-result flags
0x00A07FE0, _DispRobot - Draws the validated robot's body using its owner pointer
0x00A08028, _DestructRobot - Validates the robot heap allocation and disposes its body, status, and command queue objects
0x00A080B0, _InitRobot - Creates the body, status storage, and command queue, enters moving status, and configures three suppression timers at 0.5, 0.5, and 0.4 seconds
0x00A081A8, CreateRgRobot - Allocates robot storage from the runtime heap and initializes it through _InitRobot
0x00A081F8, DisposeRgRobot - Releases robot after _DestructRobot tears down owned state and heap storage
0x00A08268, RgRobotPassTime - Updates the robot, forces moving status when life reaches zero, and runs a five-second death interval with randomized hit effects and sounds
0x00A08468, RgRobotDisp - Validates the robot and draws its body using the status and body pointers at offsets 4 and zero
0x00A084A8, RgRobotSetSpec - Applies the supplied specification to the validated robot's body
0x00A084F8, RgRobotSetGeom - Replaces the validated robot body's primary geometry with the supplied object
0x00A08548, RgRobotSetEyeGeom - Replaces the validated robot body's eye geometry with the supplied object
0x00A08598, RgRobotSetAdvanceGeom - Replaces the validated robot body's advance geometry with the supplied object
0x00A085E8, RgRobotSetSoundDriver - Stores the supplied sound driver in the validated robot body
0x00A08638, RgRobotSetActor - Replaces the validated robot body's actor with the supplied actor
0x00A08688, RgRobotSetTarget - Stores the supplied target in the validated robot body
0x00A086D8, RgRobotSetRgDrawView - Stores robot draw view in the object field at offset 0x48 after pointer validation
0x00A08728, RgRobotSetMotSmooth - Stores the motion-smoothing value at robot implementation offset 0x9C
0x00A08778, RgRobotSetConfuse - Stores the confusion state at robot implementation offset 0xA4
0x00A087C8, RgRobotSetWeapon - Equips the supplied weapon in the validated robot body's requested slot
0x00A08828, RgRobotSetSpareWeapon - Replaces the supplied spare-weapon slot in the validated robot body
0x00A08888, RgRobotGetGeom - Returns the robot body's primary geometry pointer at body offset 0x60
0x00A088D0, RgRobotGetWeapon - Returns the robot body weapon pointer at a validated slot below three
0x00A08950, RgRobotGetTarget - Returns the robot body's target pointer stored at offset 0x58
0x00A08998, RgRobotIsDead - Returns whether the robot body's life at offset 0x10 is nonpositive
0x00A089F8, RgRobotGetLife - Returns the robot body's current life field at offset 0x10
0x00A08A40, RgRobotGetLifeMax - Returns the robot body's maximum life field at offset 0x14
0x00A08A88, RgRobotGetActor - Returns the robot body's actor pointer stored at offset 0x5C
0x00A08AD0, RgRobotGetCharID - Returns the robot body's character identifier at offset 0x1C
0x00A08B18, RgRobotIsInvalidAttack - Returns whether attack state is active and the supplied direction opposes the body direction
0x00A08BB8, RgRobotGetDashTime - Returns the robot body's dash-time field at offset 0x50
0x00A08C00, RgRobotGetSpec - Returns the robot body's specification pointer stored at offset 0x54
0x00A08C48, RgRobotIsConfused - Returns whether the robot body's confusion timer at offset 0xA4 is positive
0x00A08CA8, RgRobotIsAcceptedCommand - Returns whether the requested command bit is set in the robot acceptance mask
0x00A08D08, RgRobotGetStatusFlags - Returns the robot status flags field stored at object offset 0x10 after pointer validation
0x00A08D48, RgRobotAccelarate - Enqueues command zero and copies the requested acceleration vector into its payload when queue space is available
0x00A08DC0, RgRobotAccelarateRotate - Queues command type one and stores its rotational acceleration argument
0x00A08E20, RgRobotShot - Validates a weapon slot below three, enqueues command two, and stores the slot in its payload
0x00A08EA0, RgRobotTargetting - Queues command type three and stores the body's current target pointer
0x00A08F00, RgRobotBreak - Queues command type four in the validated robot's command queue
0x00A08F48, RgRobotDash - Enqueues command five and copies the requested dash vector into its payload when queue space is available
0x00A08FC0, RgRobotDashContinue - Queues command type six in the validated robot's command queue
0x00A09008, RgRobotGiveDamage - Copies the hit direction and queues a normal damage command for the robot
0x00A090A8, RgRobotGiveWeakDamage - Copies the hit direction and queues a weak damage command for the robot
0x00A09160, RgRobotHitByBody - Copies body-impact data and queues the corresponding robot hit command
0x00A09208, RgRobotDropWeapon - Validates a weapon slot below three, enqueues command seven, and stores the slot in its payload
0x00A09288, RgRobotHitWeaponAttack - Queues command type ten and stores the attacking weapon argument
0x00A092E8, RgRobotInvalidAttack - Enqueues command 11, stores a normalized impact direction, and records the invalid-attack value at payload offset 0x10
0x00A09368, RgRobotHitBG - Copies background-contact data and queues the corresponding robot collision command
0x00A09408, RgRobotNearBG - Enqueues command 13 and copies the background contact direction into its payload
0x00A09480, _jobControlInput - Converts camera-relative analog input and button bits into robot acceleration, rotation, dash, shot, break, target, and weapon-drop commands
0x00A097C0, RgRobotControlSetRobot - Stores the controlled robot pointer at controller offset zero
0x00A09810, _DestructControlInput - Releases control input after RgHeapFree tears down owned state and heap storage
0x00A09878, InitRgRobotControlCommon - Stores the owning robot and clears two common control fields
0x00A098D0, _InitControlInput - Installs input-control callbacks, allocates and initializes a 0x30-byte input device, and stores its camera reference
0x00A099B0, CreateRgRobotControlNul - Allocates robot control null storage from the runtime heap and initializes it through InitRgRobotControlCommon
0x00A09A30, CreateRgRobotControlInput - Allocates robot control input storage from the runtime heap and initializes it through _InitControlInput
0x00A09AD0, DisposeRgRobotControl - Releases robot control after RgHeapFree tears down owned state and heap storage
0x00A09B50, RgRobotControlJob - Invokes the validated controller's optional job callback at offset eight
0x00A09BA0, _GetPadEdge - Returns zero; this controller-edge hook ignores all state and arguments
0x00A09BA8, _GetPadRelease - Returns zero; this controller-release hook ignores all state and arguments
0x00A09BB0, _dbgThinkTool - Runs an interactive 13-row flag editor that changes mode bits and feature toggles from pad input, draws their values, and exits after button 0x100 is released twice
0x00A0A050, _GetWeaponTypeFlag - Returns the attack-type flags from the weapon's attack essence
0x00A0A128, _CheckShootWeapon - Allows shooting when lock-on requirements, status flags, and angular tolerance permit it
0x00A0A1C8, _JobEnemy - Chooses movement, dash, break, targeting, and weapon-fire commands from target distance, heading, velocity, life, weapon capabilities, difficulty flags, and randomized timers
0x00A0C9F0, _DestructEnemy - Asserts on a null enemy pointer and otherwise returns without changing it
0x00A0CA30, _InitEnemy - Installs the enemy AI job and destructor, stores robot, target, and difficulty values, and clears all movement, attack, and decision timers
0x00A0CB10, CreateRgEnemyControl - Allocates enemy control storage from the runtime heap and initializes it through _InitEnemy
0x00A0CBC8, RgRobSubAcceralate - Normalizes and scales a direction vector, then adds the result to robot force
0x00A0CC48, RgRobSubBreak - Scales robot velocity and rotational velocity by separate braking factors
0x00A0CCD8, RgRobSubTargetting - Returns signed target-angle error and sets clamped rotational velocity toward the target
0x00A0CEA0, RgRobSubHoming - Targets the supplied point toward another robot's position, returning zero when absent
0x00A0CF20, RgRobSubDirTo - Sets robot rotation from a nonzero horizontal direction vector
0x00A0CFB8, RgRobSubGetAdvanceMot - Quantizes movement relative to robot facing and selects an advance or dash motion ID
0x00A0D068, RgRobSubGetRollMotion - Maps rotational force sign to roll motion ID 9, 10, or negative one
0x00A0D0B0, RgRobSubGetDamageMotion - Quantizes impact direction relative to robot facing and returns damage motion ID 0x17 through 0x1A
0x00A0D178, InitRgRobotSpec - Writes fixed movement and combat defaults, sets the ID to minus one, copies the eight-byte UNARMED record to offset 0x98, and clears two mode bytes
0x00A0D2D8, _ResetAnaAutoHoming - Resets the module auto-homing parser index to negative one
0x00A0D2E8, _AnaAutoHoming - Creates indexed auto-homing entries or sets their directional flags while parsing text
0x00A0D4A0, RgRobotSpecReadFromText - Resets homing analysis and parses robot specification fields from text
0x00A0D8D8, RgRobotSpecDump - Logs robot spec diagnostics through XrgLog from current object state
0x00A0DB58, _WrapperDestruct - Disposes the singleton simple database
0x00A0DB70, InstanceOfRgRobotDB - Returns the registered singleton, creating it through RgSingletonIDGet and CreateRgSimpleDB when absent
0x00A0DBD0, RgRobotDBClear - Validates the robot database and clears every entry in its simple-database storage
0x00A0DC10, RgRobotDBGet - Finds and returns a robot database entry by name
0x00A0DC88, RgRobotDBGetByID - Converts a character ID to its name and returns the matching robot database entry
0x00A0DD18, RgRobotDBGetDefault - Reinitializes the shared default robot specification and returns its address
0x00A0DD48, RgRobotDBRead - Rewinds robot database text and parses each named paragraph into an entry
0x00A0DEB0, RgRobotDBDump - Logs robot database diagnostics through RgSimpleDBSize and RgSimpleDBGetName from current object state
0x00A0DF70, _InitJetDefault - Fills a particle-effect essence with the default jet texture bytes, emission flags, lifetime, velocity, spread, scale, and color values
0x00A0E038, _InitDashDefault - Fills a particle-effect essence with the default dash texture bytes, emission flags, lifetime, velocity, spread, scale, and color values
0x00A0E108, _InitEffect - Clears effect references and initializes both distance limits to 1000000
0x00A0E130, _ClearEffect - Disposes every particle effect in the counted array, clears its entries and count, and resets both distance limits to 1000000
0x00A0E1B8, _SetShootLocalGenEffect - Stores the shooting geometry and local particle-effect pointers at offsets 0x18 and 0x1C
0x00A0E220, _AddEffect - Adds effect state through CreateRgParticleEffect, updating the owning collection
0x00A0E2A0, _StopEffect - Stops effect through RgParticleEffectStopAlive, then updates its associated active state
0x00A0E318, _SetStopTimeEffect - Stores the supplied stop time at effect-list offset 0x10
0x00A0E320, _PassTimeEffect - Repositions each active emitter through its callback, updates its particles, decrements lifetime and stop timers, and clears or stops the effect at expiration
0x00A0E480, _DispEffect - Submits each active robot particle effect for rendering
0x00A0E500, _SetInertiaEffect - Stores the supplied inertia value at effect-list offset 0x14
0x00A0E508, _InitRobEff - Clears the robot-effect owner and initializes separate jet and dash emitter groups, enabling inertia only for the jet group
0x00A0E580, _DestructRobEff - Disposes every jet and dash particle effect and resets both effect lists
0x00A0E5C8, _GetGeomVel - Copies geometry velocity into the output vector or clears it when unavailable
0x00A0E600, _GetJetShootLocal - Builds the jet shooting transform from an actor joint and negated direction
0x00A0E688, _GetDashShootLocal - Builds the dash shooting transform from actor local state and geometry velocity
0x00A0E700, CreateRgRobotEffect - Allocates robot effect storage from the runtime heap and initializes it through _InitRobEff
0x00A0E750, DisposeRgRobotEffect - Releases robot effect after _DestructRobEff tears down owned state and heap storage
0x00A0E7C0, RgRobotEffectSetActor - Stores the actor pointer in the validated robot-effect field at offset zero
0x00A0E810, RgRobotEffectSetGeom - Stores the geometry pointer in the validated robot-effect field at offset four
0x00A0E860, RgRobotEffectSetJetPtclName - Copies the requested jet particle name into the effect object field at offset 0x30
0x00A0E8B0, RgRobotEffectSetDashPtclName - Copies the requested dash particle name into the effect object field at offset 0x70
0x00A0E900, RgRobotEffectSetJetInertia - Stores jet-effect inertia at nested robot-effect offset 0x24
0x00A0E950, RgRobotEffectTermAll - Terminates the robot jet effect; this routine does not terminate dash effects
0x00A0E968, RgRobotEffectStartJet - Starts robot effect jet through _ClearEffect and RgEffectEnvGetParticleData and records the resulting active state
0x00A0EA90, RgRobotEffectTermJet - Stops the jet effect list only when the robot effect has an actor
0x00A0EAE8, RgRobotEffectStartDash - Starts robot effect dash through _ClearEffect and RgEffectEnvGetParticleData and records the resulting active state
0x00A0EBA8, RgRobotEffectTermDash - Stops the dash effect list only when the robot effect has an actor
0x00A0EC00, RgRobotEffectPassTime - Updates both jet and dash emitter groups when the robot effect has an attached geometry owner
0x00A0EC80, RgRobotEffectDisp - Draws all active effects owned by the robot-effect manager
0x00A0ECE8, _SetShotThread - Resets a shot thread for a weapon and creates motion control when supported; invalid inputs disable it with state five
0x00A0EDF0, _InitShotThread - Clears shot-thread state, sets slot negative one, and initializes mode five
0x00A0EE50, CreateRgShotThread - Allocates shot thread storage from the runtime heap and initializes it through _InitShotThread
0x00A0EEA0, DisposeRgShotThread - Releases shot thread after RgHeapFree tears down owned state and heap storage
0x00A0EF20, RgShotThreadGetStatus - Returns the shot thread status field stored at object offset 0xc after pointer validation
0x00A0EF60, RgShotThreadInit - Resets a shot thread for its weapon, recreates motion control when applicable, and otherwise marks the thread disabled with state five
0x00A0EF78, RgShotThreadSleep - Unless disabled, resets shot state and motion ID, stops motion control and firing, and sets down the weapon
0x00A0F010, RgShotThreadMotOff - Stops shot thread motion through DisposeRgShotMotCont, then updates its associated active state
0x00A0F068, RgShotThreadStart - Starts shot thread through RgShotMotContPlay and records the resulting active state
0x00A0F128, RgShotThreadPassTime - Runs the setup, repeated-fire, and setdown phases by elapsed frame time and ammunition, while advancing optional shot motion control
0x00A0F340, _InitRgDebugFlags - Enables the first five debug flags and clears the sixth
0x00A0F398, _DestructRgDebugFlags - Asserts on a null debug-flags pointer and otherwise returns without changing it
0x00A0F3D8, _WrapperDestruct - Destructs the debug-flags object and frees its storage from the shared heap
0x00A0F418, InstanceOfRgDebugFlags - Returns the registered singleton, creating it through RgSingletonIDGet and RgHeapAlloc when absent
0x00A0F490, _InitRgMotionShotInfo - Stores motion identifier, clears runtime state, and sets the slot to negative one
0x00A0F4F0, _AddActionRgMotion - Appends a 0x14-byte action record, initializes its fields, and returns the new record
0x00A0F598, _TableInit - Resets the table element count at offset 0x200 to zero
0x00A0F5A0, _TableSort - Sorts table pointers ascending by each pointed record's first integer key
0x00A0F618, _TableGet - Binary-searches sorted records by key and returns the matching pointer or null
0x00A0F698, _TableGetMatchChar - Finds a keyed record matching the character, preferring a wildcard record when necessary
0x00A0F708, _TableEntry - Appends one record pointer to the 128-entry table and increments its count
0x00A0F778, _TableFree - Releases table after RgHeapFree tears down owned state and heap storage
0x00A0F828, _InitDB - Initializes the motion table and appends a default action with 0.05 start time, 0.2 end time, and action ID zero
0x00A0F8A8, _DestructDB - Validates the motion database and frees its internal table
0x00A0F8E8, _WrapperDestruct - Destructs the motion database and frees its storage from the shared heap
0x00A0F928, InstanceOfRgMotionInfoDB - Returns the registered singleton, creating it through RgSingletonIDGet and RgHeapAlloc when absent
0x00A0F9A0, RgMotionInfoDBLoad - Parses motion-information records from a text buffer until end of file
0x00A0FDD8, RgMotionInfoDBDispose - Asserts on a null motion-information database and otherwise returns without changing it
0x00A0FE18, RgMotionInfoDBGet - Returns the matching motion record, falling back to the database's embedded default record
0x00A0FE88, RgMotionInfoDBIsDefaultData - Returns whether no motion record matches the requested motion and character
0x00A0FEF0, RgMotionInfoGetActionInTime - Returns the requested action covering the given time, or null when absent
0x00A0FFC0, RgMotionInfoIsBefore - Returns false when a matching action starts before the supplied time, otherwise true
0x00A10060, RgMotionInfoIsAfter - Returns false when a matching action ends after the supplied time, otherwise true
0x00A10100, RgMotionInfoDBDump - Logs motion information database diagnostics through XrgLog from current object state
0x00A10318, _IsSpecWep - Returns whether a ready, loaded weapon's essence does not match the supplied identifier
0x00A103C0, _IsUnarmed - Returns true for a missing weapon or control flags whose low three bits equal four
0x00A103F0, RgHissatuCheck - Validates both weapons and their essence combinations for the requested special attack
0x00A10618, InitRgPlayerEssence - Clears spawn and direction vectors, sets the default heading to negative one, and zeros three weapon and three auxiliary slots
0x00A106A8, _PlayerSetFromEssence - Applies spawn position and facing, replaces control with null control, and creates equipped and spare weapons from six essence slots
0x00A10828, _InitRgPlayer - Creates the robot and five collision groups, attaches body, eye, and advance geometry, then applies actor, sound, and essence data
0x00A10998, CreateRgPlayer - Allocates player storage from the runtime heap and initializes it through _InitRgPlayer
0x00A10A18, DisposeRgPlayer - Releases player after DisposeRgRobot tears down owned state and heap storage
0x00A10AD8, RgPlayerSetControl - Disposes the current robot controller when present and stores its replacement
0x00A10B38, RgPlayerSetTraceCamera - Stores the trace camera and creates a full-volume sound driver keyed by the robot's character ID
0x00A10BB8, RgPlayerSetLightCost - Enables light-cost rendering on the player's actor when both robot and actor exist
0x00A10C20, RgPlayerGetRobot - Returns the validated player's robot pointer from offset zero
0x00A10C60, RgPlayerGetBodyGeoms - Returns the validated player's body-geometry group from offset eight
0x00A10CA0, RgPlayerGetShotGeoms - Returns the player shot geoms field stored at object offset 0xc after pointer validation
0x00A10CE0, RgPlayerGetAtkGeoms - Returns the player attack geoms field stored at object offset 0x10 after pointer validation
0x00A10D20, RgPlayerGetEyeGeoms - Returns the player eye geoms field stored at object offset 0x18 after pointer validation
0x00A10D60, RgPlayerGetAdvGeoms - Returns the player advance geoms field stored at object offset 0x1c after pointer validation
0x00A10DA0, RgPlayerControl - Runs the assigned controller and maps accepted advance, roll, attack, targeting, lock-on, and dash states to camera action flags
0x00A10EC0, RgPlayerDisp - Draws the player's robot when its pointer is nonnull
0x00A10EF0, RgPlayerPassTime - Advances the player's robot when its pointer is nonnull
0x00A10F20, _SetBit - Sets or clears the selected word bit and returns the resulting bitmask
0x00A10F58, _CheckBit - Returns whether the selected bit is set in the supplied bitmask
0x00A10F70, _NonJobMethod - No-op stub that returns immediately without reading or modifying observable state
0x00A10F78, _InitAbstructCamera - Stores the draw studio, clears eye and target vectors, sets up to the world Y axis, and resets camera action fields
0x00A11028, _SetView - Converts the camera direction vector to pitch and wrapped yaw, then writes position and XYZ rotations to the studio view
0x00A11188, _GetVer3TimerID - Returns the index of an exact name match among ten version-three timers, or negative one when no name matches
0x00A111F8, _IsActionRoll - Tests camera action-mask bit two for the roll action
0x00A11218, _IsActionAdvance - Tests camera action-mask bit one for the advance action
0x00A11238, _IsActionAttack - Tests camera action-mask bit four for the attack action
0x00A11258, _IsActionSeeTarget - Tests camera action-mask bit five for the see-target action
0x00A11278, _IsActionLockAndAttack - Returns true when action flags contain both lock bit four and attack bit zero
0x00A112D0, _IsActionLockOn - Tests camera action-mask bit zero for the lock-on action
0x00A112F0, _IsActionDash - Tests camera action-mask bit three for the dash action
0x00A11310, _IsActionTargetInScrn - Checks the action target's geometry position against the current studio view
0x00A11360, _IsActionTrue - Returns the constant true value one for an unconditional camera action
0x00A11368, _IsActionFalse - Returns the constant false value zero for a disabled camera action
0x00A11370, _InitVer3Timer - Stores two timer parameters and clears the elapsed-value field
0x00A11380, _PreJobVer3Timer - Copies configured duration into remaining time when the timer's predicate callback succeeds
0x00A113C8, _PastVer3Timer - Subtracts elapsed time from the timer at offset eight and clamps it to zero when expired
0x00A113F8, _IsVer3TimerActive - Returns true when the timer value at offset 8 is greater than zero
0x00A11420, _SettingVersion3 - No-op stub that returns immediately without reading or modifying observable state
0x00A11428, _SetVersion3Extent - Writes default camera distance, height, angular limits, smoothing, trigger rules, and ten half-second condition timers
0x00A11530, _LoadVersion3 - Parses version-three action fields and associates their timer identifiers
0x00A119E8, _PassTimeVersion3 - Evaluates ten camera timers and four trigger rules, derives orbit position and range from target geometry, updates the view, decrements timers, and clears action flags
0x00A121D0, _InitVersion3 - Initializes the base camera, installs version-three setting and loading callbacks, and writes its default extent and timer configuration
0x00A12240, CreateRgCamera - Allocates camera storage from the runtime heap and initializes it through _InitVersion3
0x00A12348, DisposeRgCamera - Releases camera after RgHeapFree tears down owned state and heap storage
0x00A123B0, RgCameraSetting - Stores source and target geometry, invokes the camera-specific setting callback, and resets the studio view
0x00A12448, RgCameraLoadText - Invokes the camera's load callback with the supplied text reader when that callback is installed
0x00A124C8, RgCameraSetFarMode - Sets camera distance at offset 0x70 to 8 or 14 according to far mode
0x00A12540, RgCameraSelectableFar - Stores selection zero or one at offset 0x14C, mapping larger values to negative one
0x00A12598, RgCameraLocal - Builds the requested camera local matrix from stored position, direction, and up vectors
0x00A125F0, RgCameraGetTarget - Copies the camera target geometry's current position into the output vector
0x00A12660, RgCameraGetStudio - Returns the validated camera's draw-studio pointer from offset zero
0x00A126A0, RgCameraResetAction - Clears every camera action bit by zeroing the mask at offset 0x44
0x00A126E0, RgCameraSetActionLockedOn - Sets or clears lock-on bit zero in the camera action mask
0x00A12738, RgCameraSetActionAdvance - Sets or clears advance bit one in the camera action mask
0x00A12790, RgCameraSetActionRoll - Sets or clears roll bit two in the camera action mask
0x00A127E8, RgCameraSetActionDash - Sets or clears dash bit three in the camera action mask
0x00A12840, RgCameraSetActionAttack - Sets or clears attack bit four in the camera action mask
0x00A12898, RgCameraSetActionSeeTarget - Sets or clears see-target bit five in the camera action mask
0x00A128F0, RgCameraControl - Updates ten action timers, computes target-relative camera position, distance, and orientation, applies the view, then clears the action mask
0x00A12940, RgCameraDump - Logs the camera pointer and position fields through the disabled logger
0x00A129C8, _InitRgBgObj - Installs background display, update, and destruction methods, stores model and geometry, enables model mode eight, and parents geometry to the object
0x00A12AB0, CreateRgBgObj - Allocates a 0x40-byte type-2 character, initializes it from the two background inputs, and returns it
0x00A12B28, _Destruct - Disposes the background display model and frees its geometry when each handle is non-null
0x00A12B90, _PassTime - Advances background-object hide phases, timers, and fade alpha across four animation states
0x00A12CB8, _Draw - Builds the tray transform from its local geometry matrix and submits its model
0x00A12D90, RgBgObjSetLocal - Applies the supplied local matrix to the background object's tray geometry
0x00A12DE0, RgBgObjSetHardness - Stores the supplied hardness in the validated background object's field at offset 0x38
0x00A12E30, RgBgObjSetHide - Stores requested visibility and adjusts the background object's transition state unless locked
0x00A12EC8, RgBgObjIgnoreHide - Sets or clears bit zero of the background object's behavior flags
0x00A12F30, RgBgObjEnableBodyAttack - Sets or clears bit one of the background object's behavior flags
0x00A12F98, RgBgObjNotUseGeomLocal - Sets offset 0x3C to one, disabling use of the geometry-local matrix
0x00A12FE0, RgBgObjGetDispModel - Returns the background obj display model field stored at object offset 0x20 after pointer validation
0x00A13020, RgBgObjTryToBreak - Applies damage to a breakable background object, spawning an effect and freeing it when depleted
0x00A130F0, RgBgObjTryToBodyAttack - Breaks body-attack-enabled background objects above the damage threshold and spawns a hit effect
0x00A131B0, StaticRgBgObjGetBlight - Returns the shared background-object brightness value unchanged
0x00A131C0, StaticRgBgObjSetBlight - Clamps global background brightness to zero through one and stores it
0x00A13200, assert_prog - Formats an assertion failure with source and line information, then halts through the runtime error handler
0x00A13260, _Error - Logs allocator failure context and an optional heap dump, then deliberately loops forever
0x00A13350, _Link - Links a heap node to the supplied previous and next nodes by writing both linkage fields
0x00A13360, _InsertPre - Inserts a heap node before another node and repairs the neighboring bidirectional links
0x00A133A8, _InsertNext - Inserts a heap node after another node and repairs the neighboring bidirectional links
0x00A133F0, _Unlink - Unlinks a heap node by connecting its previous and next neighbors to each other
0x00A13410, _MarkAlloc - Marks a heap block allocated by writing one to its halfword at offset 0xC
0x00A13420, _UnmarkAlloc - Marks a heap block free by clearing its halfword at offset 0xC
0x00A13428, _IsAllocated - Returns whether the heap block's allocation halfword at offset 0xC is nonzero
0x00A13438, _SetMagicString - Copies the allocator's 15-byte magic signature into the block header at offset 0x30
0x00A13470, _IsCollectMagicString - Compares the 15 bytes at object offset 0x30 with the fixed magic string and returns one only on a full match
0x00A134B8, _SetHeapHead - Requires at least 65 bytes, links the arena head to itself in both directions, stores arena size, and returns its address
0x00A13528, _MergeBlocks - Coalesces physically adjacent blocks while walking the circular heap free list
0x00A13590, InstanceOfRgHeap - Returns the registered singleton, creating it through InitRgHeap when absent
0x00A135F0, InstanceOfRgHeapData - Returns the registered singleton, creating it through InitRgHeap when absent
0x00A13650, ClearRgHeap - Rebuilds the free-list head over the heap's full stored arena
0x00A136A0, InitRgHeap - Requires a 16-byte-aligned size, clears the supplied arena, and stores its base, size, initial free-list head, and zero allocation count
0x00A13750, RgHeapAlloc - Searches the heap free list for a best-fit block, splits it when useful, and records the allocation
0x00A13AA8, RgHeapFree - Validates allocation metadata, unlinks the block, merges adjacent free blocks, and updates heap counters
0x00A13D58, RgHeapIsInSelf - Returns whether an address lies inside the heap's base-inclusive, end-exclusive memory range
0x00A13DC8, RgHeapIsInvalidMemory - Returns true unless the pointer has valid allocation metadata and belongs to this heap
0x00A13E38, RgHeapDump_sub - Logs heap diagnostics through XrgLog from current object state
0x00A13F88, RgHeapDumpBlock - Logs heap block diagnostics through XrgLog and RgHeapIsInSelf from current object state
0x00A140A0, _Clear - Clears fifteen singleton pointers, destructor callbacks, insertion-order entries, and the active count
0x00A14110, _Destruct - Calls registered singleton destructors in reverse insertion order, clears their slots, then resets the registry
0x00A141D0, _Entry - Registers a singleton pointer and destructor by ID while recording insertion order
0x00A142D8, _Get - Returns the singleton pointer stored at the validated ID index
0x00A14350, RgSingletonIDClear - Clears the global singleton registry without invoking registered destructors
0x00A14370, RgSingletonDispose - Disposes all registered singletons in reverse registration order and resets the registry
0x00A14390, RgSingletonIDEntry - Registers a pointer and destructor under the supplied singleton ID
0x00A143C0, RgSingletonIDGet - Returns the pointer registered under the supplied singleton ID
0x00A143E0, _FindPtr - Returns the index of a pointer in the bounded array, or negative one when absent
0x00A14420, _EntryPtr - Stores a nonnull pointer at the supplied free index and returns the next count
0x00A144D0, _DeletePtr - Removes a required pointer, shifts later entries left, and returns the decremented count
0x00A14568, RgCharMgrEntry - Adds character manager state through _EntryPtr, updating the owning collection
0x00A145C8, RgCharMgrFree - Removes a character from the manager array, clears its manager link at offset 0x18, updates the count, and frees it
0x00A14638, RgCharMgrSearch - Searches for character manager using RgCharGetType and returns the matching entry or index
0x00A146E8, RgCharMgrIsFullOfBuffer - Returns whether adding the requested characters would exceed the manager's 256-entry capacity
0x00A14740, RgCharMgrGC - Snapshots every registered character whose state is negative one, then frees those entries after the scan
0x00A14808, _RgCharMgrCallControl - Snapshots up to 256 registered character pointers before invoking control on each, insulating iteration from list mutations
0x00A148A8, _RgCharMgrCallDisp - Iterates the character manager and dispatches display processing for each character
0x00A14948, _RgCharMgrCallPassTime - Snapshots up to 256 registered character pointers before advancing each by the supplied frame time
0x00A149F8, RgCharMgrControl - Calls control behavior for every active character managed by the singleton
0x00A14A10, RgCharMgrPassTime - Advances every active character managed by the singleton using current frame time
0x00A14A28, RgCharMgrDisp - Draws every active character managed by the singleton
0x00A14A40, _DestructCharMgr - Snapshots and frees all managed characters, runs garbage collection, verifies an empty list, and reinitializes the manager
0x00A14B00, _DisposeCharMgr - Releases character manager after _DestructCharMgr tears down owned state and heap storage
0x00A14B40, InitRgCharMgr - Clears the character manager's active-entry count at offset 0x400
0x00A14B80, InstanceOfRgCharMgr - Returns the registered singleton, creating it through RgSingletonIDGet and RgHeapAlloc when absent
0x00A14BF8, InstanceOfRgCharMgrClear - Gets the character-manager singleton, destructs all of its registered character state, and returns the same manager
0x00A14C30, RgCharMgrDump - Logs character manager diagnostics through XrgLog and RgCharGetType from current object state
0x00A14D38, _InitDB - Allocates two pointer tables for the requested entry count plus one fixed-size heap block per entry, and stores count and element size
0x00A14E48, _ClearDB - Releases database after RgHeapFree tears down owned state and heap storage
0x00A14EE8, _DisposeDB - Releases database after RgHeapFree tears down owned state and heap storage
0x00A15018, _GetDataID - Linearly searches database names and returns the matching index or negative one
0x00A150D8, _GetDataSize - Returns the simple database's current entry count from offset zero
0x00A15118, _EntryDB - Adds database state through _GetDataID and XrgLog, updating the owning collection
0x00A15260, _GetDataDB - Returns the database pointer at a validated nonnegative index
0x00A152E8, _GetDataDBName - Returns the database name pointer at a validated nonnegative index
0x00A15370, CreateRgSimpleDB - Allocates and validates runtime-heap storage for a new simple database object
0x00A15400, DisposeRgSimpleDB - Releases simple database after _DisposeDB tears down owned state and heap storage
0x00A15470, RgSimpleDBFind - Returns the index matching a requested database name, or negative one
0x00A15488, RgSimpleDBSize - Returns the current number of entries in the simple database
0x00A154A0, RgSimpleDBGet - Returns the simple-database data pointer at the requested validated index
0x00A154B8, RgSimpleDBGetName - Returns the simple-database name pointer at the requested validated index
0x00A154D0, RgSimpleDBEntry - Inserts a named data pointer into the simple database, growing storage when required
0x00A154E8, RgSimpleDBClear - Frees all stored names and data through the configured callback, then empties the database
0x00A15528, RgSimpleDBDump - Logs simple database diagnostics through XrgLog from current object state
0x00A15600, _CommonGetGeom - Returns the required shot geometry pointer stored at offset 0x34
0x00A15668, _GetShotPos2 - Computes the secondary shot position or clears the output when unavailable
0x00A156D0, _GetShotPosDir - Computes shot origin and direction using the secondary shot-position helper
0x00A15760, _ShotCommonControl - No-op stub that returns immediately without reading or modifying observable state
0x00A15768, _ShotCommonPassTimeGeom - Fetches the required shot geometry at offset 0x34 and advances it by the supplied frame time
0x00A15798, _ShotCommonPassTimeLife - Decrements finite shot life and, on expiry, either invokes the no-life callback and sound or frees the shot character
0x00A15838, _ShotCommonPassTimeEffect - Sets the shot effect segment from the geometry's old position to its current position, then advances the effect
0x00A158D0, _ShotCommonPassTime - Advances shot geometry, lifetime, and visual effect in that order
0x00A15918, _ShotCommonDisp - Draws the shot effect pointer stored at offset 0x38
0x00A15930, _ShotCommonDestruct - Frees shot geometry at 0x34, disposes the effect at 0x38, clears both handles, and stops the associated looping sound
0x00A15988, _ShotCommonHit - Resets shot geometry status and frees the shot character after impact
0x00A159B8, _ShotCommonIsReleased - Returns the constant released value one for ordinary shot objects
0x00A159C0, _InitShotCommonSub - Installs shot control, display, destruction, update, and hit callbacks, creates its visual effect and ball collider, and clears lifetime and sound fields
0x00A15B10, _InitShotCommon - Copies lifetime and speed from the essence, configures model, particle, and texture-line visuals, and initializes position and velocity from shot origin data
0x00A15C48, _InitRgShotEssence - Initializes shot-essence speed, scale, colors, flags, and optional references to defaults
0x00A15CA8, _CreateRgNormalShot - Allocates a 0x70-byte type-3 character, applies common shot state from the owner's essence at 0x120, and returns it
0x00A15D28, InitRgNormalShotEssence - Sets the normal-shot factory and default speed of 45 after applying common shot defaults
0x00A15D88, _HomingPassTime - After its delay expires, rotates shot velocity toward the target within the configured angular limit while preserving configured speed
0x00A15F60, _InitHoming - Installs homing update behavior and copies turn rate, angular threshold, speed, delay, target geometry, and random-targeting flag from creation data
0x00A15FE0, _CreateHoming - Allocates a 0x90-byte type-3 character, initializes it from validated owner and target inputs, and returns it
0x00A16098, InitRgHomingShotEssence - Sets the homing-shot factory with speed 30, turn rate pi over four, cosine threshold, delay 0.3, and type value two
0x00A16138, _GrenadeEntryHistory - Appends grenade history to object storage and advances the recorded element count
0x00A16210, _GrenadeBomPassTime - Expands grenade collision radius and effect scale over its fuse, rotates and fades the effect, then disables collision and lifetime at detonation end
0x00A16548, _GrenadeShotZeroLife - Converts an expired grenade shot into its bomb state
0x00A16560, _GrenadeHomingHit - Converts a homing grenade into its bomb state after impact
0x00A16578, _GrenadeBomHit - No-op stub that returns immediately without reading or modifying observable state
0x00A16580, _GrenadeHitRobot - Records grenade impact history before applying common shot-versus-robot handling
0x00A16720, _GrenadeHitBg - Records grenade impact history before applying common shot-versus-background handling
0x00A16788, _GrenadeSetBom - Switches to bomb update and hit behavior, stops movement and particle emission, zeroes collision radius, and optionally creates an impact effect
0x00A168D0, _GrenadeHomingPassTime - Applies homing and switches the grenade to bomb mode when it enters the configured radius around its target
0x00A169C8, _InitGrenade - Installs grenade homing, robot-hit, background-hit, and zero-life callbacks and copies explosion radius, duration, proximity, and sound-repeat settings
0x00A16A90, _CreateGrenade - Allocates a 0xD0-byte type-3 character, initializes it from validated owner and target inputs, and returns it
0x00A16B48, InitRgGrenadeEssence - Sets the grenade factory with explosion radius 10, duration one, and zeroed proximity and repeat fields
0x00A16B98, _FireKill - Stops fire through RgShotEffectStopAlive, then updates its associated active state
0x00A16C08, _FirePassTime - Tracks a fire segment between source positions, updates its collider and effect, and transitions through active and dying phases when attachment or lifetime ends
0x00A16E10, _FireIsReleased - Returns whether the fire object's state at offset 0x70 exceeds one
0x00A16E58, _FireRelease - Kills the fire effect unless its state at offset 0x70 already equals two
0x00A16EB8, _FireHit - No-op stub that returns immediately without reading or modifying observable state
0x00A16EC0, _FireHitRobot - Applies common shot damage and fire-specific effects to the struck robot
0x00A16F08, _InitFire - Installs fire release and hit callbacks, sets unit collision radius and reverse particle shooting, clears endpoints, and copies source and lifetime parameters
0x00A17020, _CreateFire - Allocates a 0xE0-byte type-3 character, initializes it from validated owner and target inputs, and returns it
0x00A170B8, InitRgFireEssence - Sets the fire factory with infinite common lifetime, speed 20, duration two, and zero trailing parameter
0x00A17138, _BeamPassTime - Extends the beam while its source remains valid, advances its origin after release, shrinks on hit, frees it at zero length, and updates collision endpoints
0x00A172F8, _BeamIsReleased - Tests the beam released field at object offset 0x98 and returns the boolean result
0x00A17358, _BeamHit - Clears beam field 0x98 and sets hit-state field 0x9C to one
0x00A173A0, _BeamRelease - Marks the beam released by storing negative one-half in its lifetime field at offset 0x98
0x00A173B0, _InitBeam - Installs beam hit and release callbacks, sets unit collision radius, copies initial endpoints, and initializes growth, duration, and source data
0x00A17490, _CreateBeam - Allocates a 0xD0-byte type-3 character, initializes it from validated owner and target inputs, and returns it
0x00A17528, InitRgBeamEssence - Sets the beam factory with common value 99, speed 40, and duration two
0x00A175A0, CreateRgShotFromEssence - Dispatches shot creation through the factory function pointer stored at essence offset zero
0x00A175F8, RgShotSetSoundDriver - Stores shot sound driver in the object field at offset 0x4c after pointer validation
0x00A17648, RgShotSetHitSound - Stores shot hit sound in the object field at offset 0x5c after pointer validation
0x00A176A8, RgShotSetBgHitSound - Stores shot background hit sound in the object field at offset 0x60 after pointer validation
0x00A17708, RgShotSetNoLifeSound - Stores shot no life sound in the object field at offset 0x58 after pointer validation
0x00A17768, RgShotSetHideSound - Stores shot hide sound in the object field at offset 0x68 after pointer validation
0x00A177B8, RgShotGetDamage - Returns the shot damage field stored at object offset 0x44 after pointer validation
0x00A177F8, RgShotIsReleased - Returns the installed release-test callback result, defaulting to true when no callback exists
0x00A17850, RgShotGetHitRobNum - Returns the shot hit robot number field stored at object offset 0x48 after pointer validation
0x00A17890, RgShotRelease - Invokes the shot's optional release callback and returns no value
0x00A178E0, RgShotHitRobot - Increments the shot's robot-hit count at 0x48, then invokes its robot-hit and common-hit callbacks when installed
0x00A17990, RgShotHitBg - Invokes the shot's background-hit callback at 0x2C and common-hit callback at 0x30 when installed
0x00A17A30, _ShotCommonHitRobot - Applies shot damage using robot geometry and the shot's previous position
0x00A17BE0, _ShotCommonHitBg - Damages a breakable background object and plays the configured impact sound
0x00A17C90, _InitEffect - Clears effect ownership and vectors, writes an identity transform, and sets default scale, alpha, color, and texture-line parameters
0x00A17D48, _DestructEffect - Disposes the non-null display model at offset zero and particle effect at offset 0x10
0x00A17D98, CreateRgShotEffect - Allocates and validates runtime-heap storage for a new shot effect object
0x00A17E08, DisposeRgShotEffect - Releases shot effect after _DestructEffect tears down owned state and heap storage
0x00A17E78, RgShotEffectStopAlive - Stops the shot's particle effect when the nested pointer at offset 0x10 exists
0x00A17EE8, RgShotEffectSetModel - Disposes the prior display model and creates a replacement from the shared shot-model resource when available
0x00A17F70, RgShotEffectSetParticle - Resolves particle essence data by name and creates and stores the corresponding particle effect when found
0x00A17FE8, RgShotEffectSetParticleShootReverse - Clears the shot effect's particle direction flag at offset 0x14
0x00A18028, RgShotEffectGetPtclEffect - Returns the shot effect particle effect field stored at object offset 0x10 after pointer validation
0x00A18068, RgShotEffectSetTexLine - Resolves and stores a texture-line picture from the effect archive when the supplied name is nonempty
0x00A180F0, RgShotEffectSetTexLineModelSize - Stores shot effect texture line model size in the object field at offset 0x20 after pointer validation
0x00A18150, RgShotEffectSetTexLineModelColor - Copies the supplied four-component color into shot-effect offset 0x30
0x00A181A8, RgShotEffectSetPos - Stores segment endpoints, builds a Z-to-Y orientation from their direction, and applies the transform or reversed transform to attached particles
0x00A18310, RgShotEffectSetScale - Stores the supplied scale at shot-effect offset four
0x00A18360, RgShotEffectSetYRot - Stores the supplied Y rotation at shot-effect offset eight
0x00A183B0, RgShotEffectSetTransparent - Stores shot effect transparent in the object field at offset 0xc after pointer validation
0x00A18400, RgShotEffectSetAddAlpha - Enables additive-alpha mode four on the shot's display model when present
0x00A18458, RgShotEffectPassTime - Advances the attached particle effect and disposes and clears it immediately after it ceases to be alive
0x00A184D8, RgShotEffectDisp - Builds transformed shot-effect matrices and submits active effects for rendering
0x00A18668, _EntryTemporariesShotDB - No-op callback retained for InstanceOfRgShotDB, intentionally leaving state unchanged
0x00A18670, _WrapperDestruct - Disposes the singleton simple database
0x00A18688, InstanceOfRgShotDB - Returns the registered singleton, creating it through RgSingletonIDGet and CreateRgSimpleDB when absent
0x00A186E8, RgShotDBGetEssence - Finds and returns a shot-essence database entry by name
0x00A18730, _ReadCommon - Parses fields shared by all shot-essence types from text
0x00A18A08, _ReadNormal - Allocates, initializes, and parses a normal-shot essence from text
0x00A18AE8, _ReadHomingMain - Parses common shot fields followed by homing-specific floating-point parameters
0x00A18C50, _ReadHoming - Allocates, initializes, and parses a homing-shot essence from text
0x00A18D10, _ReadGrenade - Allocates, initializes, and parses a grenade-shot essence from text
0x00A18E98, _ReadBeam - Allocates, initializes, and parses a beam-shot essence from text
0x00A18FB8, _ReadFire - Allocates, initializes, and parses a fire-shot essence from text
0x00A19138, RgShotDBRead - Parses typed shot-essence records into the shot database until end of file
0x00A19340, RgShotDBClear - Clears shot database entries, then invokes its temporary-entry callback
0x00A19388, _InitAttach - Clears the attachment record's active pointer at offset 0x20
0x00A193C8, _ReleaseAttach - Removes attach through RgShotRelease and updates the owning collection state
0x00A19448, _GetNumAttach - Returns the number attach field stored at object offset 0x20 after pointer validation
0x00A19488, _GetAllAttach - Copies all attached-shot pointers to the output array and returns their count
0x00A19500, _AddShotAttach - Appends a nonnull shot pointer to the eight-entry attachment array and increments its count
0x00A19598, _CheckAttach - Removes released shots by compacting live attachment pointers and updating their count
0x00A19680, _CommonDispose - No-op stub that returns immediately without reading or modifying observable state
0x00A19688, _CommonPassTime - Restarts the configured weapon actor motion when it ends for a valid parent character, then reconciles attached shots
0x00A19718, _CommonDisp - Updates lock-on visibility and matrix-effector activity before drawing the weapon
0x00A19870, _InitWeaponCommon - Copies weapon and equipment data, selects slot-specific orientation, creates the optional actor, and initializes callbacks, sounds, motions, and effect parameters
0x00A19E80, _DestructWeaponCommon - Releases shot attachments, disposes the actor at 0x68, and removes effector 0x1B4 from the owning robot actor
0x00A19EF8, _InitEssenceCommon - Writes default weapon ranges and motion IDs, initializes equipment plus three actor essences, and clears creation, sound, and effect fields
0x00A1A070, _ShotTypeShot - Creates and configures one shot when cooldown elapsed and no attachment exists
0x00A1A1B8, _ShotTypeIsBusy - Returns whether the shot weapon's cooldown at offset 0x1F4 remains positive
0x00A1A218, _ShotTypeFree - Clears only the shot weapon's cooldown field at offset 0x1F4
0x00A1A258, _ShotTypePassTime - Decrements the shot-type cooldown only while no shots remain attached and clamps it to zero
0x00A1A2B8, _InitWeaponCommonEffector - Creates and stores a robot-to-weapon actor constraint for eligible control modes and weapon slots zero or one
0x00A1A388, _InitWeaponShot - Installs shot-weapon update, fire, busy, and free callbacks, copies its cooldown, and creates the optional actor constraint
0x00A1A410, _CreateWeaponShotType - Allocates weapon shot type storage from the runtime heap and initializes it through _InitWeaponShot
0x00A1A4D8, InitRgWeaponShotEssence - Sets the shot-weapon factory, control flag 0x20, and default cooldown 0.4 after common essence defaults
0x00A1A540, _ShotAttackType - Activates the attack-type state and rings its sound once, then returns zero
0x00A1A5A8, _ShotStopAttackType - Clears attack duration at 0x224 and marks the attack stopped at 0x220
0x00A1A5F0, _PassTimeAttackType - Moves an active attack collider between the previous and current weapon-joint positions and disables collision when no attack is active
0x00A1A6D0, _DestructAttackType - Frees the attack collision geometry stored at offset 0x200
0x00A1A6E8, _HitBgAttackType - Applies attack-type weapon damage to a breakable background object
0x00A1A720, _HitRobotAttackType - Applies attack-type weapon damage using the target robot's geometry position
0x00A1A888, _InitWeaponAttack - Installs melee update and hit callbacks, copies attack timing fields, and creates a disabled radius-1.5 collision ball
0x00A1A9C0, _CreateWeaponAttackType - Allocates weapon attack type storage from the runtime heap and initializes it through _InitWeaponAttack
0x00A1AA88, InitRgWeaponAttackEssence - Sets the melee-weapon factory, six attack motion pairs, control flags, radius 10, and default callback values
0x00A1AB30, _InitWeaponUnArmedType - Uses the robot actor as the attack actor and selects one of four unarmed joints from character ID and hand slot
0x00A1ABC8, _CreateWeaponUnArmedType - Allocates weapon un armed type storage from the runtime heap and initializes it through _InitWeaponUnArmedType
0x00A1AC90, InitRgWeaponUnArmedEssence - Sets the unarmed factory, replaces six attack motion pairs with IDs 0x15 and 0x16, and disables the extra attack field
0x00A1AD28, _ShotShieldType - Returns zero unconditionally
0x00A1AD60, _ShotStopShieldType - Validates the shield weapon and performs no state change
0x00A1ADA0, _PassTimeShieldType - No-op stub that returns immediately without reading or modifying observable state
0x00A1ADA8, _DestructShieldType - No-op stub that returns immediately without reading or modifying observable state
0x00A1ADB0, _InitWeaponShield - Installs shield update, destruction, fire, and stop callbacks and clears active attack and effect fields
0x00A1AE10, _CreateWeaponShieldType - Allocates weapon shield type storage from the runtime heap and initializes it through _InitWeaponShield
0x00A1AED8, InitRgWeaponShieldEssence - Sets the shield factory, six attack motion pairs to IDs 0x2B and 0x2C, and control mode three
0x00A1AF68, _EnergyIsBusy - Returns true while shots remain attached or the energy-active field is nonzero
0x00A1AFC0, _EnergyFree - Clears the energy active and accumulated-energy fields at offsets 0x1F0 and 0x1F8
0x00A1B008, _EnergyShot - Starts a one-frame cooldown and reports whether no attachments or configured shot remain
0x00A1B048, _EnergyPassTime - Charges energy while held, creates and attaches a shot at threshold, releases attachments when canceled, and drains the meter after firing
0x00A1B220, _InitEnergyType - Installs energy fire, update, busy, and free callbacks, copies charge and drain rates, clears state, and creates the optional actor constraint
0x00A1B2C8, _CreateWeaponEnergyType - Allocates weapon energy type storage from the runtime heap and initializes it through _InitEnergyType
0x00A1B390, InitRgWeaponEnergyEssence - Sets the energy-weapon factory with 50-unit charge thresholds, 200-unit range, control flag 0x20, and unit charge factor
0x00A1B420, CreateRgWeaponFromEssence - Validates the essence, destination, and factory pointer, then dispatches weapon creation through essence offset zero
0x00A1B4A8, DisposeRgWeapon - Releases weapon after _DestructWeaponCommon tears down owned state and heap storage
0x00A1B530, DisposeRgWeaponNotActor - Releases weapon not actor after _DestructWeaponCommon tears down owned state and heap storage
0x00A1B5D0, RgWeaponSetSound - Stores weapon sound in the object field at offset 0x1c4 after pointer validation
0x00A1B620, RgWeaponIsLockedOn - Tests the weapon locked on field at object offset 0x1a4 and returns the boolean result
0x00A1B660, RgWeaponIsTargetting - Tests the weapon targeting field at object offset 0x1a0 and returns the boolean result
0x00A1B6A0, RgWeaponGetShotNum - Returns the weapon shot number field stored at object offset 0x1ac after pointer validation
0x00A1B6E0, RgWeaponIsNotBusy - Returns the inverse of the optional busy callback, defaulting to true
0x00A1B738, RgWeaponGetRestUnit - Returns remaining ammunition units from the weapon's shot essence
0x00A1B818, RgWeaponRobotShotMotion - Returns one of six shot-motion values indexed from the weapon's motion table base at offset 0x1A8
0x00A1B8A0, RgWeaponGetActor - Returns the weapon actor field stored at object offset 0x68 after pointer validation
0x00A1B8E0, RgWeaponGetEquip - Returns the address of the weapon's embedded equipment structure at offset 0x70
0x00A1B920, RgWeaponGetWeight - Returns the weapon weight field stored at object offset 0x1b0 after pointer validation
0x00A1B960, RgWeaponIsAttachedShot - Returns whether the weapon's attachment container currently holds any shots
0x00A1B9A8, RgWeaponGetControlFlag - Returns the weapon control flags stored at offset zero
0x00A1B9E8, RgWeaponGetEss - Returns the weapon essence field stored at object offset 0x1b8 after pointer validation
0x00A1BA28, RgWeaponGetAttachedShot - Returns an attached shot selected from the weapon's attachment list
0x00A1BA90, RgWeaponIsActiveLockOnSys - Tests the weapon active lock on system field at object offset 0x1b4 and returns the boolean result
0x00A1BAD8, RgWeaponPlayMotion - Starts weapon motion through XrgActorSetMotion and records the resulting active state
0x00A1BB48, RgWeaponPlayShotMotion - Starts the validated weapon's configured shot motion on its actor
0x00A1BB88, RgWeaponShot - Marks a shot request and returns the shot callback result when ammunition and callback exist
0x00A1BC08, RgWeaponSetup - Marks the validated weapon equipped by setting offset 0x1BC to one
0x00A1BC50, RgWeaponSetdown - Marks the validated weapon unequipped by clearing offset 0x1BC
0x00A1BC90, RgWeaponStopLockon - Stops weapon lockon by clearing its active state and associated runtime fields
0x00A1BCD8, RgWeaponRestartLockon - Starts weapon lockon by updating its runtime fields and active-state flags
0x00A1BD18, RgWeaponDisposeLockon - Removes the lock-on effector at 0x1B4 from the robot actor and clears the stored handle
0x00A1BD78, RgWeaponShotStop - Stops weapon shot by clearing its active state and associated runtime fields
0x00A1BDD0, RgWeaponHitRobot - Invokes the weapon's robot-hit callback stored at offset 0x28 when installed
0x00A1BE40, RgWeaponHitBG - Invokes the optional background-hit callback at 0x2C, then plays the ring sound using handles at 0x1C4 and 0x1D0
0x00A1BEB8, RgWeaponSubShotNum - Computes weapon shot number directly from supplied vector, matrix, or scalar components
0x00A1BF48, RgWeaponSetFree - Invokes the weapon's optional free-state callback and returns no value
0x00A1BF98, RgWeaponDisp - Draws the weapon's active actor and associated visual effects
0x00A1C000, RgWeaponPassTime - Reconciles attachment state, invokes the weapon-type frame callback, and advances its actor when present
0x00A1C098, _CheckLockOn - Recomputes weapon lock-on flags and target position from robot status, facing, and attachments
0x00A1C2D8, _GetParentCharID - Returns the parent robot's character ID, or negative one when no parent exists
0x00A1C330, _PlayShotMotion - Starts shot motion through _GetParentCharID and XrgActorSetMotion and records the resulting active state
0x00A1C3D0, _GetDefShotPosDir - Writes default shot position and direction when enabled, returning whether data was produced
0x00A1C448, _GetDefShotPosDirFunc - Selects robot geometry or an actor joint, computes shot origin and direction, and applies optional rotational offsets
0x00A1C678, _GetShotInfo - Populates shot information output fields through RgRobotGetTarget and RgRobotIsConfused using validated source data
0x00A1C700, RgWeaponEssCastToShot - Returns the essence only when its constructor identifies the shot subtype, otherwise null
0x00A1C728, RgWeaponEssCastToEnergy - Returns the essence only when its constructor identifies the energy subtype, otherwise null
0x00A1C750, RgWeaponEssCastToAttack - Returns the essence for attack or unarmed constructors, otherwise null
0x00A1C788, RgWeaponEssCastToShield - Returns the essence only when its constructor identifies the shield subtype, otherwise null
0x00A1C7B0, RgWeaponEssCastToUnArmed - Returns the essence only when its constructor identifies the unarmed subtype, otherwise null
0x00A1C7D8, _EntryTemporaries - No-op callback retained for InstanceOfRgWeaponDB, intentionally leaving state unchanged
0x00A1C7E0, _copy_str_n - Copies string n fields from the supplied source into destination storage
0x00A1C818, _WrapperDestruct - Disposes the singleton simple database
0x00A1C830, InstanceOfRgWeaponDB - Returns the registered singleton, creating it through RgSingletonIDGet and CreateRgSimpleDB when absent
0x00A1C890, RgWeaponDBClear - Clears weapon database entries, then invokes its temporary-entry callback
0x00A1C8D8, RgWeaponDBGetEssence - Finds and returns a weapon-essence database entry by name
0x00A1C960, RgWeaponDBGetSize - Returns the validated weapon database's current entry count
0x00A1C9A0, RgWeaponDBGetIndex - Returns the weapon essence pointer at the requested database index
0x00A1C9F0, _ReadEquipType - Reads an equipment string and maps left, right, or back to IDs zero, one, or two, reporting unknown values and returning minus one
0x00A1CA80, _IsOnChar - Maps equip marker o to one, m to two, and x to zero
0x00A1CAE0, _ReadEquipBitMask - Parses character names and builds their weapon-equipment eligibility bitmask
0x00A1CCD8, _SetAllCharMotion - Writes the same three motion values into all six character records
0x00A1CD08, _ReadCommon - Parses fields shared by all weapon-essence types from text
0x00A1DE30, _ReadShotType - Allocates, initializes, and parses a shot-type weapon essence from text
0x00A1DF20, _ReadAttackType - Allocates, initializes, and parses an attack-type weapon essence from text
0x00A1E050, _ReadUnArmedType - Allocates, initializes, and parses an unarmed-type weapon essence from text
0x00A1E180, _ReadShieldType - Allocates, initializes, and parses a shield-type weapon essence from text
0x00A1E240, _ReadEnergyType - Allocates, initializes, and parses an energy-type weapon essence from text
0x00A1E3D0, RgWeaponDBRead - Parses typed weapon-essence records into the weapon database until end of file
0x00A1E600, RgWeaponDBDump - Dumps the weapon database through the simple-database diagnostic path
0x00A1E618, _PassTime - Fades the dropped actor by 0.15 per frame, hides it below zero alpha, and frees the character on the following terminal state
0x00A1E6F0, _Disp - Draws the active actor owned by this display object
0x00A1E750, _Destruct - Disposes the dropped actor when its stored handle is non-null
0x00A1E7A8, _InitDrop - Installs dropped-actor destruction, update, and display callbacks, stores the actor, and initializes full opacity
0x00A1E838, CreateRgDropWeapon - Allocates a 0x30-byte type-4 character, initializes its dropped-weapon state, and returns it
0x00A1E880, _CreateMatEffector - Maps mode zero or one to an arm-combine selector, rejects mode two, and creates the actor matrix effector
0x00A1E980, _InitCont - Duplicates source and destination actors, creates an inactive matrix effector between them, hides both duplicates, and resets motion to negative one
0x00A1EA98, _DestructCont - Disposes the actors at offsets 0x10 and 0xC, then removes the optional effector at offset 8 from the actor at offset 4
0x00A1EB30, CreateRgShotMotCont - Allocates shot motion controller storage from the runtime heap and initializes it through _InitCont
0x00A1EBD8, DisposeRgShotMotCont - Releases shot motion controller after _DestructCont tears down owned state and heap storage
0x00A1EC48, RgShotMotContPlay - Starts shot motion controller through RgMatricesEffectorSetActivity and XrgActorSetMotion and records the resulting active state
0x00A1ECB8, RgShotMotContSetFrame - Sets the same motion frame on both controlled actors while the primary actor's motion is still active
0x00A1ED38, RgShotMotContStop - Clears controller activity and disables its matrix effector
0x00A1ED80, RgShotMotContIsActive - Returns the shot-motion controller's activity field at offset zero
0x00A1EDC0, RgShotMotContIsEndOfShadowMotion - Returns whether the controller's shadow actor has finished its motion
0x00A1EE00, RgShotMotContPassTime - Advances both duplicate actors while active and disables the matrix effector when the source motion ends
0x00A1EEA0, RgEquipPosToJntID - Returns negative one for position negative one, otherwise the validated position's joint-table entry
0x00A1EF00, InitRgEquip - Clears the equipment mount count and trailing state field
0x00A1EF48, CopyRgEquip - Copies equip fields from the supplied source into destination storage
0x00A1F008, RgEquipAddMount - Appends a validated three-word mount record and increments the equipment mount count
0x00A1F118, RgEquipSetDefault - Clears equipment flags and assigns the highest enabled mount position to each of three equipment types
0x00A1F260, RgEquipIsEquipable - Returns whether any stored mount record uses the requested equipment position
0x00A1F2F0, RgEquipCheckConfrict - Returns a bitmask of equipped slots conflicting with the requested slot's mount masks
0x00A1F458, RgEquipTypeString - Returns the fixed display string corresponding to validated equipment type zero through two
0x00A1F4E8, _GetMountData - Returns the first mount record matching a position, or null when absent
0x00A1F578, RgEquipMountPos - Returns the slot's configured mount position, applying character-specific override position seven
0x00A1F658, RgEquipMountPosString - Converts a resolved mount position to its display string, with slot-name fallbacks
0x00A1F7E0, InitRgDullFlag - Clears the suppression timer and configured duration fields
0x00A1F828, RgDullFlagSetDullTime - Stores the asserted nonnegative suppression duration at offset four
0x00A1F8A8, RgDullFlagSetFlag - Reloads the active suppression timer from the configured duration
0x00A1F8F0, RgDullFlagResetFlag - Clears the active suppression timer at offset zero
0x00A1F930, RgDullFlagGet - Returns whether the active suppression timer remains greater than zero
0x00A1F990, RgDullFlagPassTime - Subtracts positive elapsed time from the suppression timer and clamps it to zero
0x00A1FA30, CreateRgHitEffect - Chooses the first nonempty effect name, skips creation when the character pool is full, and shoots a loaded particle effect from the supplied matrix
0x00A1FAF0, CreateRgHitEffectPos - Builds an identity transform at the supplied position and emits the selected hit effect from it
0x00A1FB58, CreateRgHitEffectPosDir - Builds a transform whose Z axis follows the supplied direction, stores the position, and emits the selected hit effect
0x00A1FBD8, _InitEnv - Clears all three fields in the particle-generator environment record
0x00A1FC20, _DestructEnv - Disposes the particle archive at offset zero and file-system buffers at offsets 4 and 8 before resetting the environment
0x00A1FCA8, _WrapperDestruct - Destructs the particle environment and frees its storage from the shared heap
0x00A1FCE8, InstanceOfRgEffectEnv - Returns the registered singleton, creating it through RgSingletonIDGet and RgHeapAlloc when absent
0x00A1FD60, RgEffectEnvLoadData - Reads effect resources and loads their BXX texture archive into the environment
0x00A1FE28, RgEffectEnvDisposeData - Disposes and clears the particle archive at offset zero and both file-system buffers at offsets 4 and 8
0x00A1FEB8, RgEffectEnvGetBxx - Returns the effect environment's texture-archive pointer at offset zero
0x00A1FEF8, RgEffectEnvGetShotMdl - Returns the effect environment's shot-model pointer at offset four
0x00A1FF38, RgEffectEnvGetParticleData - Parses the effect link-data container and returns the requested particle record
0x00A20040, _CreateBulletFont - Creates a 13-glyph font from picture resource table 0xA4F6A8
0x00A20070, _CreateTimeFont - Creates a 14-glyph font from picture resource table 0xA4F760
0x00A200A0, _CreateDispWpnFont - Creates a 39-glyph weapon-display font from picture resource table 0xA4F828
0x00A200D0, _CreateAnnounceNumFont - Creates an 11-glyph announcement-number font from picture resource table 0xA4FA50
0x00A20100, _InitEnv - Clears all eight fields in the particle-driver environment record
0x00A20160, _DestructEnv - Disposes and clears the battle data file, archive, three fonts, two auxiliary archives, and final font held in eight fields
0x00A20270, _WrapperDestruct - Destructs the particle environment and frees its storage from the shared heap
0x00A202B0, InstanceOfRgBattleCommonData - Returns the registered singleton, creating it through RgSingletonIDGet and RgHeapAlloc when absent
0x00A20328, RgBattleCommonDataLoad - Reads shared battle resources and loads their BXX texture archive
0x00A204A8, RgBattleCommonDataDispose - Validates the battle-common singleton and disposes all resources in its eight-field environment
0x00A20508, RgBattleCommonDataGetWeaponMot - Returns the first weapon-motion pointer when loaded, otherwise null
0x00A20558, RgBattleCommonDataGetDispTex - Returns the battle display texture archive stored at offset four
0x00A20598, RgBattleCommonDataBulletFont - Returns the validated battle-data bullet font stored at object offset 0x8
0x00A205D8, RgBattleCommonDataTimeFont - Returns the validated battle-data time font stored at object offset 0xc
0x00A20618, RgBattleCommonDataDispWeaponFont - Returns the validated battle-data weapon display font stored at object offset 0x10
0x00A20658, RgBattleCommonDataAnnounceAdd - Returns the validated additive announcement resource stored at object offset 0x14
0x00A20698, RgBattleCommonDataAnnounceSub - Returns the validated subtractive announcement resource stored at object offset 0x18
0x00A206D8, RgBattleCommonDataAnnounceFont - Returns the validated announcement number font stored at object offset 0x1c
0x00A20718, _InitShoot - Copies emitter counts, timing, position, and velocity from the essence, initializes two transforms, and clears accumulated force and flags
0x00A207A0, _ShootParticles - Computes an emission count from rate and elapsed time, interpolates spawn positions, randomizes cone velocity and rotation, and writes circular particle records
0x00A20C48, _ReInitShoot - Resets the emitted-particle flag, reloads the emission timer, and clears accumulated force
0x00A20C70, _InitEffect - Counts particles across emitters, allocates at most 4096 particles, resolves each texture, and initializes emitter timing, transforms, and driver requests
0x00A20E90, _DestructEffect - Disposes the particle array referenced at offset 4 when present
0x00A20EE8, CreateRgParticleEffect - Allocates particle effect storage from the runtime heap and initializes it through _InitEffect
0x00A20F98, DisposeRgParticleEffect - Releases particle effect after _DestructEffect tears down owned state and heap storage
0x00A21008, InitRgParticleEffectEssence - Writes default emission flags, count, lifetime, velocity, acceleration, scale, rotation, and unit direction into a particle essence
0x00A21108, RgParticleEffectEssenceSerialize - Zeroes a 0x100-byte destination and copies the essence's first 0xA0 bytes into it
0x00A21228, RgParticleEffectEssenceResume - Restores the complete particle-effect essence from a saved 0xB0-byte record
0x00A21338, RgParticleEffectSetShootLocal - Copies the supplied local transform into every emitter record in the particle effect
0x00A213C8, RgParticleEffectSetShootInertia - Copies the supplied inertia vector into every emitter record in the particle effect
0x00A21458, RgParticleEffectStopShoot - Stops particle effect shoot by clearing its active state and associated runtime fields
0x00A21498, RgParticleEffectStopAlive - Stops particle effect alive by clearing its active state and associated runtime fields
0x00A21510, RgParticleEffectSetActive - Sets or clears activity bit zero unless particle flag bit one is set
0x00A21580, InitRgParticleEffectControlData - Sets three control values to negative one and clears the remaining two
0x00A215D8, RgParticleEffectSetControlData - Copies five control values into particle-effect offsets 0x454 through 0x464
0x00A21670, RgParticleEffectIsAlive - Returns true when not forcibly stopped and every configured particle has positive lifetime
0x00A216D8, RgParticleEffectIsActive - Returns whether the low two control bits equal the active state one
0x00A21728, _decr_timer - Subtracts elapsed time from a positive timer and reports whether it expired, remained active, or was inactive
0x00A21768, RgParticleEffectPassTime - Expires start, shooting, and life timers, emits or reinitializes each active stream, queues particle-driver updates, and advances the driver
0x00A21970, RgParticleEffectDisp - Converts particle-effect state into a particle-driver display request
0x00A21A48, _DestructPtclChar - Disposes the particle effect at offset 0x1C when present and clears its handle
0x00A21AA0, _PassTimePtclChar - Advances the attached particle effect and frees its character when the effect is absent, inactive, or no longer alive
0x00A21B48, _DispPtclChar - Draws the particle character's effect only when its pointer at offset 0x1C exists
0x00A21BA0, _InitPtclChar - Installs particle-character destruction, update, and display callbacks and stores its particle-effect handle
0x00A21C20, CreateRgParticleEffectChar - Allocates a 0x20-byte type-4 character and initializes it to own the supplied particle effect
0x00A21C58, _InitReader - Reads the requested file in file-system mode one, stores its buffer and first two header words, clears cursors, and returns whether loading succeeded
0x00A21CF8, _DisposeReader - Disposes the file-system data pointer stored at reader offset zero when present
0x00A21D58, _IsCurOnEOF - Returns whether the candidate cursor is at or beyond the reader buffer end
0x00A21D70, _IsWhiteSpace - Returns one for space, carriage return, newline, or tab; otherwise returns zero
0x00A21DB0, _SkipWhiteSpace - Skips whitespace and comments, updates the cursor, and returns the next token or null
0x00A21EA0, _SetCurrent - Validates the cursor against buffer bounds before storing it at offset 0xC
0x00A21F08, _IsEOF - Returns false while unget data exists; otherwise tests whether whitespace skipping reaches the end
0x00A21F38, _GetString - Populates string output fields through _SkipWhiteSpace and _IsWhiteSpace using validated source data
0x00A22048, _GetFloat - Skips leading whitespace, reads one token, and parses a floating-point value
0x00A220B0, _GetInt - Skips leading whitespace, reads one token, and parses an integer value
0x00A22110, _GetBool - Skips leading whitespace, reads one token, and parses a boolean value
0x00A22198, CreateRgReadText - Allocates and validates runtime-heap storage for a new read text object
0x00A22240, DisposeRgReadText - Releases read text after _DisposeReader tears down owned state and heap storage
0x00A222B0, RgReadTextIsEOF - Returns whether the validated text reader has no remaining token after whitespace
0x00A222F0, RgReadTextIsOnDelimitor - Returns whether the reader's paragraph-delimiter pointer at offset 0x10 is nonnull
0x00A22338, RgReadTextUnget - Copies a nonempty token into the unget buffer and marks it pending
0x00A223C8, RgReadTextRewind - Clears unget and delimiter state, then resets the cursor to the buffer start
0x00A22418, RgReadTextGetString - Reads the next token into a 64-byte output string
0x00A22470, RgReadTextGetFloat - Parses and returns the next text token as floating-point
0x00A224B0, RgReadTextGetInt - Parses and returns the next text token as an integer
0x00A224F0, RgReadTextGetBool - Parses and returns the next text token as a boolean
0x00A22530, RgReadTextNextParagraph - Clears the required delimiter and advances the current cursor one byte past it
0x00A225A0, RgReadTextFindParagraph - Searches for read text paragraph using RgReadTextIsEOF and RgReadTextIsOnDelimitor and returns the matching entry or index
0x00A22668, _FindEntry - Scans stored entries for entry, returning the first matching pointer or index
0x00A22718, RgTextInfoRead - Parses text-information key/value records until reaching end of file
0x00A22A78, _InitInfo - Creates a priority-four 2D painter using the battle display texture and initializes draw ID, scale, animation, and visibility fields
0x00A22B30, _DisposeInfo - Disposes the 2D paint object stored at display-information offset 8
0x00A22B90, _SetHostRobot - Stores the host robot pointer at display-information offset zero
0x00A22BE0, _SetSubRobot - Stores the secondary robot pointer at display-information offset four
0x00A22C30, _PassTimeInfo - Asserts on a null display-information pointer and otherwise returns without changing state
0x00A22C70, _paint_one_texture_alpha - Selects one picture texture and draws it with the requested alpha
0x00A22D28, _paint_one_texture - Draws one texture using full alpha through the shared textured-quad helper
0x00A22D40, _paint_set_tex_alpha - Selects a picture texture and draws it with stored alpha settings
0x00A22DC8, _paint_xy_color - Initializes a rectangle at the supplied coordinates and fills it with color
0x00A22E70, _DispInfo - Draws robot status information derived from its flags and geometry state
0x00A23788, CreateRgDispGameInfo - Allocates and validates runtime-heap storage for a new display game information object
0x00A237D8, DisposeRgDispGameInfo - Releases display game information after _DisposeInfo tears down owned state and heap storage
0x00A23848, RgDispGameInfoSetHostRobot - Stores the host robot pointer at validated display-information offset zero
0x00A23898, RgDispGameInfoSetSubRobot - Stores the secondary robot pointer at validated display-information offset four
0x00A238E8, RgDispGameInfoSetStudio - Stores the studio ID and assigns it as the game-information painter's draw ID
0x00A23940, RgDispGameInfoPassTime - Validates the display-information object and leaves its state unchanged
0x00A23990, RgDispGameInfoDisplay - Draws targeting range, direction, confusion jitter, fade transitions, and ready-weapon markers, then flushes its 2D painter
0x00A239D0, _InitGauge - Initializes a full 100-unit gauge with unit interpolation and scale values and creates its display object
0x00A23A48, _DestructGauge - Disposes the gauge-display object stored at offset 0x18
0x00A23A88, CreateRgGauge - Allocates and validates runtime-heap storage for a new gauge object
0x00A23AD8, DisposeRgGauge - Releases gauge after _DestructGauge tears down owned state and heap storage
0x00A23B48, RgGaugeSetValue - Stores the target value and initializes current plus maximum values on first assignment
0x00A23BB0, RgGaugeSetActivity - Stores the gauge activity flag at offset zero
0x00A23C00, RgGaugeGetValue - Returns the gauge's interpolated current value from offset eight
0x00A23C40, RgGaugeGetMax - Returns the gauge max field stored at object offset 0xc after pointer validation
0x00A23C80, RgGaugeGetDisp - Returns the gauge display field stored at object offset 0x18 after pointer validation
0x00A23CC0, RgGaugePassTime - Moves the active gauge value toward its target at configured speed, clamping on overshoot
0x00A23DA8, RgGaugeDraw - Transfers the gauge value to its display object and draws the result
0x00A23E48, _CheckDatas - Writes validation state two, one, or zero at offset 8 based on texture and rectangle fields
0x00A23EE0, _InitDisp - Initializes display dimensions to 100 by 100, mode two, zeroed color vectors and offsets, and enabled state
0x00A23F80, _DestructDisp - Asserts on a null display pointer and otherwise returns without changing it
0x00A23FC0, CreateRgGaugeDisp - Allocates gauge display storage from the runtime heap and initializes it through _InitDisp
0x00A24010, DisposeRgGaugeDisp - Releases gauge display after _DestructDisp tears down owned state and heap storage
0x00A24080, RgGaugeDispIsDrawable - Returns whether the gauge display validation state at offset eight is below two
0x00A240C8, RgGaugeDispSetValue - Stores current and maximum values, then recomputes gauge display validation state
0x00A24128, RgGaugeDispSetTex - Stores texture and picture identifiers at offsets 0xC and 0x10, then revalidates
0x00A24188, RgGaugeDispSetBarUVWH - Stores bar UVWH at offset 0x20 and recomputes validation state
0x00A24210, RgGaugeDispSetRestUVWH - Stores remainder UVWH at offset 0x30 and recomputes validation state
0x00A24298, RgGaugeDispSetPos - Stores gauge display position in the object field at offset 0x40 after pointer validation
0x00A242F8, RgGaugeDispSetOrder - Stores gauge display order in the object field at offset 0x48 after pointer validation
0x00A24348, RgGaugeDispSetAlpha - Stores gauge display alpha in the object field at offset 0x4c after pointer validation
0x00A24398, _disp_bar - Draws the filled gauge bar using adjusted texture coordinates
0x00A24498, _disp_bar_rest - Draws the unfilled gauge remainder using adjusted texture coordinates
0x00A24520, RgGaugeDispDraw - Draws the filled and remaining portions of a gauge display
0x00A245D8, _InitWepDisp - Stores the weapon-display texture, creates its ammunition gauge, and leaves weapon binding for later setup
0x00A24650, _DestructWepDisp - Disposes the weapon-display gauge stored at offset 0xC
0x00A24668, _SetWepDisp - Binds a weapon slot, enables its gauge unless control mode is four, and selects slot-specific texture, UV rectangle, and screen position
0x00A24938, _UpdateWepDisp - Clears the weapon when no robot is assigned, or rebuilds the slot display whenever the robot's weapon pointer changes
0x00A249B8, _PassTimeWepDisp - Copies current ammunition into the slot gauge and advances that gauge when a weapon is equipped
0x00A24A28, _DispWepDisp - Draws weapon text and its associated value gauge
0x00A24BC0, _InitDisp - Loads weapon HUD pictures and fonts, creates the dash gauge at screen position 142,424, and initializes three weapon-slot displays
0x00A24D68, _DestructDisp - Disposes the 2D painter at 0x54, the gauge at 0x50, and gauges in each of three weapon-display entries
0x00A24DF8, CreateRgDispWpn1P - Allocates display weapon 1P storage from the runtime heap and initializes it through _InitDisp
0x00A24E48, DisposeRgDispWpn1P - Releases display weapon 1P after _DestructDisp tears down owned state and heap storage
0x00A24EB8, RgDispWpn1PSetRobot - Stores the one-player robot and binds each of its three weapons to the corresponding HUD slot
0x00A24F48, RgDispWpn1PPassTime - Updates the assigned robot's dash gauge and refreshes and advances all three weapon-slot ammunition gauges
0x00A25018, RgDispWpn1PDisp - Draws the first player's weapon panel textures with configured transparency
0x00A251A8, _InitWep - Clears the weapon pointer and sets its slot identifier to negative one
0x00A251F0, _DestructWep - Asserts on a null weapon-display entry and otherwise returns without changing it
0x00A25230, _SetWep - Stores weapon and slot, clearing the weapon when either input denotes no selection
0x00A252A8, _UpdateWep - Clears binding when no robot is assigned, otherwise rebuilds an enabled slot when its robot weapon changes
0x00A25350, _DispWep - Draws a weapon entry using battle weapon-font resources
0x00A254A0, _InitRobInfo - Creates a priority-four HUD painter, a dash gauge, and three empty per-weapon information records
0x00A25558, _DestructRobInfo - Disposes the 2D painter at offset 4, gauge at 0x34, and each of three embedded weapon-display entries
0x00A255E8, _SetRobInfo - Binds three weapons and a dash gauge to one robot and positions the HUD on the left or right player side
0x00A257C0, _PassTimeRobInfo - Copies the assigned robot's current dash time into its gauge and advances that gauge
0x00A25840, _DispRobInfo - Updates and draws the selected robot's weapon information
0x00A25A30, _InitDisp - Initializes two robot HUD records and stores the shared bullet font and weapon-panel picture
0x00A25AC8, _DestructDisp - Disposes both robot-information blocks at offsets zero and 0x50
0x00A25B10, CreateRgDispWpn2P - Allocates display weapon 2P storage from the runtime heap and initializes it through _InitDisp
0x00A25B60, DisposeRgDispWpn2P - Releases display weapon 2P after _DestructDisp tears down owned state and heap storage
0x00A25BD0, RgDispWpn2PSetRobot - Assigns host and secondary robots to the two corresponding display-information records
0x00A25C40, RgDispWpn2PPassTime - Advances the dash and weapon information records for both player robots
0x00A25CB8, RgDispWpn2PDisp - Draws robot and weapon information for both player panels
0x00A25D30, _GetAgwsNameUVWH - Searches six 32-byte character-ID records, copies the matching 16-byte UVWH vector to the output, and returns one or zero for success
0x00A25D80, _DispAgwsName - Draws an AGWS name texture using its configured UV offset
0x00A25E58, _InitDisp - Loads life-HUD pictures, creates two differently positioned life gauges, stores timer and painter state, and clears both robot bindings
0x00A26190, _DestructDisp - Disposes two gauges at offsets 0x1C and 0x20 and the 2D painter at offset 0x48
0x00A26220, CreateRgDispLife - Allocates display life storage from the runtime heap and initializes it through _InitDisp
0x00A26288, DisposeRgDispLife - Releases display life after _DestructDisp tears down owned state and heap storage
0x00A262F8, RgDispLifeSetRobot - Stores robot and player identifiers at offsets 0x14 and 0x18
0x00A26358, RgDispLifeSetTimer - Stores a nonnegative timer at display-life offset 0x44 and ignores negative values
0x00A263B8, RgDispLifeSetWin - Clamps both result indices to zero through two and stores their winner bitmask
0x00A26458, RgDispLifeSetVsMode - Stores versus mode and switches the life-board and name-board pictures between single-player and versus variants
0x00A264F8, RgDispLifePassTime - Copies each assigned robot's life into its gauge, advances both gauges, and wraps the HUD animation timer after one second
0x00A265E0, RgDispLifeDisp - Draws the life display texture with its configured transparency
0x00A26A00, RgDispWpnDat_CreateRestNumStr - Formats remaining weapon units from shot count, capacity, and current rest-unit values
0x00A26B08, RgDispWpnDat_GetNameUVWH - Copies matching weapon-name UVWH data and returns one, or returns zero when absent
0x00A26BA8, RgDispWpnDat_CreateSpeedStr - Converts horizontal robot speed to an integer scaled by 3.6, adds a small random variation when moving, and formats the result
0x00A26C78, _openVifGif - Opens a packed VIF/GIF stream and emits caller-selected primitive and register bits
0x00A26CF0, _openVifGifAD - Opens an AD-format VIF/GIF stream using the module's fixed packet descriptor
0x00A26D58, _closeVifGif - Finalizes the active VIF/GIF graphics packet through two low-level runtime calls
0x00A26D80, _SetGlobalLight - Initializes the available global light's four color components to one
0x00A26DE8, _DefaultFog - Initializes fog near and far distances, density, color, and disabled state
0x00A26E20, _CopyFog - Copies fog fields from the supplied source into destination storage
0x00A26E60, _InitRgDrawView - Writes identity camera axes, stores the graphics context, sets a 512 by 448 viewport, and clears projection and clipping fields
0x00A26F00, _DestructRgDrawView - Asserts on a null draw-view pointer and otherwise returns without changing it
0x00A26F40, _CreateRgDrawView - Allocates draw view storage from the runtime heap and initializes it through _InitRgDrawView
0x00A26FC0, _DisposeRgDrawView - Releases draw view after _DestructRgDrawView tears down owned state and heap storage
0x00A27030, _InitRgDrawStudio - Stores studio ID and fog pointer and creates a draw view unless the studio ID is negative one
0x00A270B0, _DestructRgDrawStudio - Disposes the draw view stored at studio offset 8 when present
0x00A27108, _CreateRgDrawStudio - Allocates draw studio storage from the runtime heap and initializes it through _InitRgDrawStudio
0x00A27170, _DisposeRgDrawStudio - Releases draw studio after _DestructRgDrawStudio tears down owned state and heap storage
0x00A271E0, _GetViewRgDrawStudio - Returns the draw studio's required view pointer from offset eight
0x00A27248, _InitStudioList - Clears both studio slots and resets the studio count
0x00A272B0, _ClearStudioList - Disposes and clears both studio slots at offsets 0xA40 and 0xA44, then clears the studio count at 0xA48
0x00A27330, _FullScreenStudio - Clears studios, creates one full-screen view, and configures the associated display channels
0x00A273F8, _GetSplitRect - Writes horizontal or vertical half-screen bounds and returns whether the split mode is supported
0x00A27498, _SetScreenSplitMode - Computes both split-screen rectangles and applies each to its draw view and low-level graphics channel when no override is active
0x00A27588, _DoubleScreenStudio - Clears studios, creates two views, and configures split-screen display channels
0x00A27640, _InitDraw - Enables drawing, installs default fog, creates the fallback draw studio, and initializes the studio request list
0x00A276B8, _DestructDraw - Disposes the primary studio at offset 0xA3C and clears both auxiliary studio slots
0x00A27700, _WrapperDestruct - Destructs the draw manager and frees its storage from the shared heap
0x00A27740, InstanceOfRgDraw - Returns the registered singleton, creating it through RgSingletonIDGet and RgHeapAlloc when absent
0x00A277E0, RgDrawGetStudio - Returns the indexed draw studio, null for negative one, and errors on invalid indices
0x00A27878, RgDrawCreateDrawStudioFullScreen - Clears the studio list, creates a full-screen studio, and returns the initialized object
0x00A278C0, RgDrawCreateDrawStudioDouble - Clears the studio list, creates a double-screen studio, and returns the initialized object
0x00A27908, RgDrawGetGlobalFog - Copies the draw object's global fog fields into the supplied output
0x00A27978, RgDrawSetGlobalFog - Copies supplied fog fields into the draw object's global fog storage
0x00A279E8, RgDrawViewInit - Selects the studio view and initializes its mode, projection scale, and position
0x00A27AB0, RgDrawViewSetPosition - Copies XYZ coordinates into the runtime view selected by the draw-view channel
0x00A27B50, RgDrawViewSetRotateX - Stores X rotation in the runtime view selected by the draw-view channel
0x00A27BD8, RgDrawViewSetRotateY - Stores Y rotation in the runtime view selected by the draw-view channel
0x00A27C60, RgDrawViewSetRotateZ - Stores Z rotation in the runtime view selected by the draw-view channel
0x00A27CE8, RgDrawViewIsPointInView - Transforms a point against four clip planes and returns whether all pass the threshold
0x00A27E40, RgDrawViewGetScreenRect - Copies the four screen-rectangle fields at offsets 0x70 through 0x7C into the output record
0x00A27EA8, RgDrawStudioGetView - Returns the selected studio view after copying its matrix into caller storage
0x00A28028, RgDrawReq - Appends a callback, object, priority, view selector, and argument to the draw queue
0x00A28128, _FadeShadow - Builds and submits a GIF packet for a full-screen shadow rectangle using the supplied alpha and fixed GS blend, test, color, and vertex registers
0x00A282B0, _DrawReqTerminate - Invokes queued termination callbacks and resets the draw-request count
0x00A28320, _DrawMain - Dispatches queued draw callbacks by priority and selected studio view
0x00A284C0, RgDrawJob - Applies global lighting, renders all requested studios and characters, then terminates the frame's draw requests
0x00A28510, RgDrawFadeIn - Repeatedly draws and sleeps while reducing the full-screen fade opacity
0x00A285A0, RgDrawFadeOut - Asserts on a null draw manager and otherwise returns without changing fade state
0x00A285E0, InitRgLight - Writes three default light directions, two light colors, ambient color, and clears the unused color vectors
0x00A286E0, _DisposeGlobalLight - Releases global light after RgHeapFree tears down owned state and heap storage
0x00A28718, InstanceOfGlobalLight - Returns the registered singleton, creating it through RgSingletonIDGet and RgHeapAlloc when absent
0x00A28790, RgLightCopy - Copies light using XrgCopyVector, preserving the source while initializing destination state
0x00A28858, _CreateBattleCamera - Creates camera type 2, optionally loads its paragraph from the battle camera text, disposes the reader, and returns the camera
0x00A28900, _GetDeadList - Builds a bitmask of player slots whose assigned robots are dead
0x00A289A8, _GetBigLifePlayer - Returns the player slot whose robot has the greatest remaining life
0x00A28A58, _GetNumOfPlayerList - Returns the validated player list's count from offset zero
0x00A28A98, _GetInPlayerList - Returns a player pointer at a validated index below the current two-slot count
0x00A28B18, _AddPlayerList - Appends player list to object storage and advances the recorded element count
0x00A28BF8, _ClearPlayerList - Disposes and clears both player pointers and resets the player count at offset zero
0x00A28C78, _ControlPlayerList - Invokes control on each non-null entry in the fixed two-player list
0x00A28CF0, _PassTimePlayerList - Advances each non-null entry in the fixed two-player list by the supplied frame time
0x00A28D78, _DispPlayerList - Iterates active player slots and dispatches each player's display routine
0x00A28DF0, _InitPlayerList - Clears the two player pointers and resets their count to zero
0x00A28E38, _DestructPlayerList - Disposes every player in the list and resets its count
0x00A28E50, _CreatePlayerList - Allocates player list storage from the runtime heap and initializes it through _InitPlayerList
0x00A28EA0, _DisposePlayerList - Releases player list after _DestructPlayerList tears down owned state and heap storage
0x00A28F10, _GetStudioBattleField - Returns the battle-field studio pointer at an index below its current count
0x00A28F90, _GetCameraBattleField - Returns the battle-field camera pointer at an index below its current count
0x00A29010, _ClearBattleField - Disposes each active field camera and geometry pair, resets the count, and restores a full-screen draw studio
0x00A290E0, _InitBattleField - Creates the battlefield geometry group, clears both camera and camera-collider slots, and creates a full-screen draw studio
0x00A29168, _DestructBattleField - Clears all field cameras and geometries, then disposes the geometry group at offset 4
0x00A291B0, _CreateBattleField - Allocates battle field storage from the runtime heap and initializes it through _InitBattleField
0x00A29200, _DisposeBattleField - Releases battle field after _DestructBattleField tears down owned state and heap storage
0x00A29270, _FullScreenBattleField - Rebuilds one full-screen studio, camera, and radius-1.5 collision ball, then returns one
0x00A29350, _DoubleScreenBattleField - Rebuilds two studios with far cameras and radius-one collision balls, returning the view count
0x00A29498, _GetGeomGroupBattleField - Returns the battle field's geometry-group pointer stored at offset four
0x00A294D8, _PassTimeBattleField - Updates every active camera and places each camera collider along a three-to-ten-unit segment behind its target
0x00A296A8, _InitDispInfo - Creates two game-information displays from the shared battle texture, clears both bindings, and initializes the visibility mask to 0xFFFF
0x00A29750, _DestructDispInfo - Disposes the two game-information displays stored at offsets 4 and 8
0x00A297C0, _CreateDispInfo - Allocates display information storage from the runtime heap and initializes it through _InitDispInfo
0x00A29810, _DisposeDispInfo - Releases display information after _DestructDispInfo tears down owned state and heap storage
0x00A29880, _SetDispInfo - Stores three supplied display values at offsets zero, 0xC, and 0x10
0x00A298F0, _DrawDispInfoOnePlayer - Assigns one player's robot to the game-information display and draws it
0x00A299E0, _DrawDispInfo - Configures game-information studio state and draws each applicable player panel
0x00A29B18, _InitBattleMgr - Creates player, collision, background, battlefield, information, life, one-player weapon, and two-player weapon subsystems and clears battle state
0x00A29BF8, _DisposeBattleMgr - Disposes players, collision and geometry groups, battlefield, HUD objects, and loaded data, clears their handles, then resets the character manager
0x00A29CB0, _BattleMgrPlayerControl - Stores the battle manager's player-control enable value at offset 0x10
0x00A29D00, _BattleMgrActivateTime - Stores the battle manager's timer-active value at offset 0x14
0x00A29D50, _InitBattle - Builds players, controls, cameras, targets, HUD bindings, and every shot, weapon, body, advance, eye, background, and camera collision pairing for the selected battle mode
0x00A2A3F0, _ControlBattle - Controls players while enabled, then controls all characters and immediately garbage-collects freed character entries
0x00A2A460, _DispBattle - Draws battle overlay rectangles using configured colors and alpha values
0x00A2A548, _PassTimeBattle - Advances players, characters, collisions, cameras, and HUDs, decrements the match timer, and selects winner flags from deaths or damage at timeout
0x00A2A6D8, CreateRgBattleMgr - Allocates battle manager storage from the runtime heap and initializes it through _InitBattleMgr
0x00A2A748, DisposeRgBattleMgr - Releases battle manager after _DisposeBattleMgr tears down owned state and heap storage
0x00A2A7B8, RgBattleMgrSetPlayerControl - Stores the requested player-control enable value at manager offset 0x10
0x00A2A808, RgBattleMgrActivateTimer - Stores the requested timer-active value at manager offset 0x14
0x00A2A858, RgBattleMgrGetPlayTime - Returns 180 seconds minus the battle manager's remaining-time field
0x00A2A8A8, RgBattleMgrGetResult - Returns the battle result stored at manager offset eight
0x00A2A8E8, RgBattleMgrGetMode - Returns the battle mode stored at manager offset zero
0x00A2A928, RgBattleMgrGetDispLife - Returns the battle manager display life field stored at object offset 0x1c after pointer validation
0x00A2A968, RgBattleMgrGetPlayerDamage - Returns accumulated damage for the requested robot's player-list entry
0x00A2AA50, RgBattleMgrInitBattle - Builds the battlefield and players, assigns cameras and human or enemy controls, pairs robot targets, configures HUDs, and registers all collision jobs
0x00A2AAA0, RgBattleMgrControl - Runs player and character-manager control for the validated battle manager
0x00A2AAE0, RgBattleMgrPassTime - Advances players, characters, collision, camera, and battle timing for the validated manager
0x00A2AB30, RgBattleMgrDisp - Draws the validated battle manager's scene and overlays
0x00A2AB70, RgHandlerRobotVsRobot - Applies body-hit damage and knockback in both directions: status 0x400 uses the attacker's body power at scale 600000, while status 0x100 uses zero power at scale 3000000
0x00A2ACD8, RgHandlerShotVsRobot - Resolves shot and robot owners from the colliders and reports the collision record to the shot's robot-hit handler
0x00A2AD20, RgHandlerWeaponVsRobot - Resolves weapon and robot owners from the colliders and reports the collision record to the weapon's robot-hit handler
0x00A2AD68, RgHandlerShotVsBG - Resolves shot and background owners from the colliders and reports the collision record to the shot's background-hit handler
0x00A2ADB0, RgHandlerWeaponVsBG - Resolves weapon and background owners from the colliders and reports the collision record to the weapon's background-hit handler
0x00A2ADF8, RgHandlerCameraVsBG - Hides the collided background object at 50 percent transparency when its collider has an owner
0x00A2AE38, RgHandlerRobotVsBG - Reports the contact direction to the robot and applies half the robot's kinetic energy as a body attack against an owned background object
0x00A2AEF0, RgHandlerRobotAdvVsBG - Reports the collision direction as a near-background command to the robot owning the advance collider
0x00A2AF20, InitRgBattleInit - Initializes two player setups with opposing positions and facing vectors, three empty weapon records each, and zero control and difficulty flags
0x00A2B098, RgBattleInitCopy - Copies battle init using XrgCopyVector, preserving the source while initializing destination state
0x00A2B198, RgBattleInitCreatePlayers - Parses at most two player records, resolves robot and three weapon essences for each, creates their players, and returns the number created
0x00A2B340, RgBattleInitCreateBg - Builds background load data from the battle-init text block at offset 0x240
0x00A2B390, _CreateBg - Builds background load data and global lighting from text, disposes the temporary builder and reader, and returns the load data or null
0x00A2B478, RgBattleInitDump - Logs battle init diagnostics through XrgLog from current object state
0x00A2B5E8, _VecAssert - Reports vector assertion context through the fatal error routine, including capacity when available
0x00A2B650, _InitRgVector - Allocates a pointer array of the requested capacity and initializes size, iterator, and ownership fields to empty
0x00A2B718, CreateRgVector - Allocates vector storage from the runtime heap and initializes it through _InitRgVector
0x00A2B7C0, DisposeRgVector - Releases vector after RgHeapFree tears down owned state and heap storage
0x00A2B838, RgVectorPush - Appends one four-byte element to backing storage and increments the vector count
0x00A2B8D8, RgVectorIndex - Returns the four-byte element at a bounds-checked vector index
0x00A2B968, RgVectorSize - Returns the vector element count stored at offset eight
0x00A2B9A8, RgVectorCapacity - Returns the vector capacity stored at offset four
0x00A2B9E8, RgVectorRemove - Removes every matching element, compacts later entries, and returns whether any match existed
0x00A2BAC0, RgVectorClear - Empties the vector by clearing only its element count at offset eight
0x00A2BB00, RgVectorFind_sub - Returns the first matching element index, or negative one when absent
0x00A2BB80, RgVectorResize - Sets the element count and zero-fills newly exposed slots without reallocating capacity
0x00A2BC38, RgVectorAssign - Writes one four-byte value at a bounds-checked existing vector index
0x00A2BCC8, RgVectorDup - Copies all active four-byte vector elements into the supplied output array
0x00A2BD38, RgVectorGetArray - Returns the vector's backing-array pointer from offset zero
0x00A2BD78, RgVectorDump - Logs vector diagnostics through XrgLog from current object state
0x00A2BE48, RgGeomInit - Sets invalid type, active status, and null parent, callbacks, and event flags
0x00A2BEA8, RgGeomFree - Releases geometry after RgHeapFree tears down owned state and heap storage
0x00A2BF28, RgGeomSetParent - Stores the parent pointer at validated geometry offset four
0x00A2BF78, RgGeomSetType - Stores the supplied geometry type at object offset zero
0x00A2BFC8, RgGeomSetPassTimeMeshod - Stores geometry pass time method in the object field at offset 0x10 after pointer validation
0x00A2C018, RgGeomSetDestructMethod - Stores geometry destruct method in the object field at offset 0x14 after pointer validation
0x00A2C068, RgGeomSetStatus - Adds supplied bits to the geometry status mask at offset eight
0x00A2C0C0, RgGeomResetStatus - Clears supplied bits from the geometry status mask at offset eight
0x00A2C118, RgGeomGetParent - Returns the geometry parent pointer stored at offset four
0x00A2C158, RgGeomGetType - Returns the geometry type stored at offset zero
0x00A2C198, RgGeomGetStatus - Returns the geometry status mask stored at offset eight
0x00A2C1D8, RgGeomGetEventFlag - Returns the geometry event flag field stored at object offset 0xc after pointer validation
0x00A2C218, RgGeomPassTime - Clears event flags, then calls pass-time behavior when the geometry is active
0x00A2C288, RgGetGeomGravity - Returns the constant geometry gravity represented by floating-point value 0x42700000
0x00A2C298, InitRgGeomPoint - Creates type-zero point geometry with its frame callback, clears position, old position, velocity, and force, and sets unlimited horizontal speed
0x00A2C370, CreateRgGeomPoint - Allocates geometry point storage from the runtime heap and initializes it through InitRgGeomPoint
0x00A2C3F0, RgGeomPointSetPos - Copies the supplied position into both current and previous position fields
0x00A2C450, RgGeomPointMovePos - Copies the supplied position into only the current position field at offset 0x20
0x00A2C4A0, RgGeomPointResetPos - Restores current position from the previous-position field at offset 0x30
0x00A2C4E8, RgGeomPointSetVel - Copies the supplied velocity into the geometry-point field at offset 0x40
0x00A2C538, RgGeomPointAddForce - Adds supplied XYZ force components to the accumulator at offset 0x50
0x00A2C590, RgGeomPointSetWeight - Stores geometry point weight in the object field at offset 0x60 after pointer validation
0x00A2C610, RgGeomPointSetMoveResist - Stores the supplied movement resistance at geometry-point offset 0x64
0x00A2C660, RgGeomPointSetMaxXYSpd - Stores geometry point max xy spd in the object field at offset 0x68 after pointer validation
0x00A2C6D0, __RgGeomPointGetPos - Copies the geometry point's current position from offset 0x20 into the output vector
0x00A2C720, __RgGeomPointGetOldPos - Copies the geometry point's previous position from offset 0x30 into the output vector
0x00A2C770, RgGeomPointGetVel - Copies the geometry point's velocity from offset 0x40 into the output vector
0x00A2C7C0, RgGeomPointGetSpeed - Returns the Euclidean length of the geometry point's velocity vector
0x00A2C800, RgGeomPointGetWeight - Returns the geometry point weight field stored at object offset 0x60 after pointer validation
0x00A2C840, RgGeomPointGetMoveResist - Returns the stored movement resistance from geometry-point offset 0x64
0x00A2C880, RgGeomPointPassTime - Integrates force by inverse weight, caps horizontal velocity, applies gravity and damping flags, advances position, then clears accumulated force
0x00A2CA28, InitRgGeomBall - Extends point geometry as type one, installs ball integration, and stores its collision radius
0x00A2CAA8, CreateRgGeomBall - Allocates geometry ball storage from the runtime heap and initializes it through InitRgGeomBall
0x00A2CB38, RgGeomBallSetRadius - Stores geometry ball radius in the object field at offset 0x70 after pointer validation
0x00A2CB88, RgGeomBallGetRadius - Returns the geometry ball radius field stored at object offset 0x70 after pointer validation
0x00A2CBC8, RgGeomBallPassTime - Advances the ball using geometry-point integration and returns no value
0x00A2CC18, RgGeomBallCheckBall - Computes swept sphere contact data and returns whether combined radii overlap
0x00A2D1B0, RgGeomBallCheckBallDist - Writes sphere separation, penetration, and positions, returning whether their radii overlap
0x00A2D290, _InitRgGeomRobot - Creates a radius-1.5 robot ball as type two, enables status bits 0x1E, and initializes rotation, torque, damping, and unlimited angular speed
0x00A2D328, CreateRgGeomRobot - Allocates and validates runtime-heap storage for a new geometry robot object
0x00A2D398, InitRgGeomRobot - Initializes a radius-1.5 ball geometry with type 2 and status 0x1E, clears robot fields, sets range 100000000, and installs its pass-time callback
0x00A2D3D8, RgGeomRobotSetRotate - Stores geometry robot rotate in the object field at offset 0x80 after pointer validation
0x00A2D428, RgGeomRobotSetDir - Converts the supplied XZ direction vector to yaw and stores it as robot rotation
0x00A2D498, RgGeomRobotSetRotVel - Stores geometry robot rot vel in the object field at offset 0x84 after pointer validation
0x00A2D4E8, RgGeomRobotAddRotForce - Adds the supplied scalar to rotational-force field 0x88
0x00A2D540, RgGeomRobotSetRotResist - Stores geometry robot rot resist in the object field at offset 0x8c after pointer validation
0x00A2D590, RgGeomRobotSetMaxRotVel - Stores geometry robot max rot vel in the object field at offset 0x90 after pointer validation
0x00A2D5E0, RgGeomRobotGetRotate - Returns the geometry robot rotate field stored at object offset 0x80 after pointer validation
0x00A2D620, RgGeomRobotGetRotVel - Returns the geometry robot rot vel field stored at object offset 0x84 after pointer validation
0x00A2D660, RgGeomRobotGetRotForce - Returns the geometry robot rot force field stored at object offset 0x88 after pointer validation
0x00A2D6A0, RgGeomRobotCalcLocal - Builds the robot orientation from rotation and writes its current position as translation
0x00A2D770, RgGeomRobotPassTime - Integrates angular force by inverse weight, clamps angular speed, wraps rotation to plus or minus pi, applies optional damping, and clears torque
0x00A2D900, _InitRgGeomPoly - Creates type-three polygon geometry, clears its model field, and initializes both transform matrices to identity
0x00A2D960, CreateRgGeomPoly - Allocates and validates runtime-heap storage for a new geometry poly object
0x00A2D9D0, InitRgGeomPoly - Initializes base geometry with type 3, clears the collision-data pointer at 0x18, and writes identity matrices at offsets 0x20 and 0x60
0x00A2DA10, RgGeomPolySetColiData - Stores geometry poly collision data in the object field at offset 0x18 after pointer validation
0x00A2DA60, RgGeomPolySetLocal - Copies the polygon local transform and stores its inverse when the geometry pointer is non-null
0x00A2DAC0, RgGeomPolyGetData - Returns the geometry poly data field stored at object offset 0x18 after pointer validation
0x00A2DB00, RgGeomPolyGetLocal - Copies the polygon local matrix, or writes identity when no polygon was supplied
0x00A2DB38, RgGeomPolyGetInvLocal - Copies the polygon inverse-local matrix, or writes identity when no polygon was supplied
0x00A2DB70, RgGeomPolyCheckBall - Transforms a ball into polygon space, tests collision, and transforms the hit point back
0x00A2DC30, RgGeomPolyCheckRay - Transforms a ray into polygon space, tests collision, and transforms the hit point back
0x00A2DD58, _InitRgGeomTray - Creates type-four tray geometry with default width and depth of 100 and two identity transforms
0x00A2DDC8, InitRgGeomTray - Tail-calls the tray initializer to set type four, 100-unit width and depth, and identity local and world transforms
0x00A2DDE0, CreateRgGeomTray - Allocates and validates runtime-heap storage for a new geometry tray object
0x00A2DE30, RgGeomTraySetSize - Stores geometry tray size in the object field at offset 0x1c after pointer validation
0x00A2DEB8, RgGeomTraySetLocal - Copies the tray local transform and stores its inverse
0x00A2DEF8, RgGeomTrayGetLocal - Copies the tray's local matrix at offset 0x20 into the output
0x00A2DF18, _CalcIntersect - Clips a movement segment against arena boundaries, returning generated contact points and normals
0x00A2E4B8, RgGeomTrayCheckBall - Clips ball movement against tray boundaries and transforms generated contacts into world space
0x00A2E698, InitRgGeomPillar - Initializes tray geometry and changes its collision type from four to five for pillar handling
0x00A2E6E8, CreateRgGeomPillar - Creates a tray geometry, changes its type to pillar type 5, and returns it
0x00A2E720, RgGeomPillarCheckPoint - Tests a point path against the pillar bounds and transforms any contact into world space
0x00A2E890, swapf - Exchanges the two supplied four-byte floating-point values in place
0x00A2E8A8, CheckIntersect - Returns whether two finite line segments intersect in the XZ plane
0x00A2E9B0, GetIntersectionPointLineX - Writes the interpolation factor for an X-plane crossing and returns whether the line varies in X
0x00A2E9F8, GetIntersectionPointLineZ - Writes the interpolation factor for a Z-plane crossing and returns whether the line varies in Z
0x00A2EA40, CheckSlope - Returns positive one, negative one, or zero from two XZ segment directions
0x00A2EAB0, CheckInBox - Returns whether a point lies inside the open XZ bounds formed by two corners
0x00A2EB18, CheckBallBoxCollision - Tests swept-ball overlap against expanded box bounds and optionally writes the earliest contact point
0x00A2F070, RgGeomPillarCheckBall - Tests a ball against pillar bounds and transforms contact position, normal, and correction into world space
0x00A2F1A0, _CheckPillarBall - Classifies ball position against pillar bounds, dispatches the corresponding contact calculation, and returns its result
0x00A2F650, _BallVsBall - Tests ball separation and writes the resulting collision response when their radii overlap
0x00A2F8A0, _BallVsPoly - Tests ball movement against polygon collision data and negates the returned contact normal
0x00A2FA50, _PolyVsBall - Swaps the two geometry and auxiliary argument pairs before running ball-versus-polygon collision
0x00A2FA90, _RobotVsPoly - Sweeps the robot's collision radius against polygon geometry and writes contact data
0x00A2FC48, _PolyVsRobot - Swaps the two geometry and auxiliary argument pairs before running robot-versus-polygon collision
0x00A2FC88, _BallVsTray - Tests a ball against tray bounds and writes contact data or clears the response
0x00A2FDC0, _TrayVsBall - Swaps the two geometry and auxiliary argument pairs before running ball-versus-tray collision
0x00A2FE00, _BallVsPillar - Tests a ball path against pillar bounds and writes or clears contact data
0x00A2FEA8, _PillarVsBall - Swaps the two geometry and auxiliary argument pairs before running ball-versus-pillar collision
0x00A2FEE8, _RobVsTray - Tests robot movement against tray bounds and writes contact data or clears the response
0x00A300D0, _TrayVsRob - Reuses tray-versus-ball collision handling for a robot collider and returns no value
0x00A300E8, _RobVsPillar - Tests the robot collision ball against a pillar and negates the returned normal
0x00A30220, _PillarVsRob - Swaps the two geometry and auxiliary argument pairs before running robot-versus-pillar collision
0x00A30260, InitRgGeomColiArg - Clears all four words of the geometry collision result structure
0x00A302B0, RgGeomCollisionJob - Dispatches an enabled geometry pair through the 6-by-6 type-handler table and marks both objects collided when the handler succeeds
0x00A303A8, _InitGroup - Creates a 128-element geometry pointer vector and stores it in the group
0x00A30410, _DisposeGroup - Clears the destructor callback on every grouped geometry, disposes the vector, and clears its handle
0x00A304C8, CreateRgGeomGroup - Allocates and validates runtime-heap storage for a new geometry group object
0x00A30538, DisposeRgGeomGroup - Releases geometry group after _DisposeGroup tears down owned state and heap storage
0x00A305A8, RgGeomGroupAddElm - Adds geometry group element state through RgVectorFind_sub and RgVectorPush, updating the owning collection
0x00A30648, RgGeomGroupRemoveElm - Removes geometry group element through RgVectorRemove and updates the owning collection state
0x00A306B8, _DestructPointMadeByGroup - Removes the point from its owning geometry group's pointer vector
0x00A30700, _DestructBallMadeByGroup - Removes the ball from its owning geometry group's pointer vector
0x00A30748, _DestructRobotMadeByGroup - Removes the robot from its owning geometry group's pointer vector
0x00A30790, _DestructPolyMadeByGroup - Removes the polygon from its owning geometry group's pointer vector
0x00A307D8, _DestructTrayMadeByGroup - Removes the tray from its owning geometry group's pointer vector
0x00A30820, _DestructPillarMadeByGroup - Removes the pillar from its owning geometry group's pointer vector
0x00A30868, _CreatePointWithGroup - Allocates point with group storage from the runtime heap and initializes it through InitRgGeomPoint
0x00A30910, _CreateBallWithGroup - Allocates ball with group storage from the runtime heap and initializes it through InitRgGeomBall
0x00A309B8, _CreateRobotWithGroup - Allocates robot with group storage from the runtime heap and initializes it through InitRgGeomRobot
0x00A30A58, _CreatePolyWithGroup - Allocates poly with group storage from the runtime heap and initializes it through InitRgGeomPoly
0x00A30AF8, _CreateTrayWithGroup - Allocates tray with group storage from the runtime heap and initializes it through InitRgGeomTray
0x00A30B98, _CreatePillarWithGroup - Allocates pillar with group storage from the runtime heap and initializes it through InitRgGeomPillar
0x00A30C38, RgGeomGroupCreatePoint - Creates a point in the validated geometry group, assigns the supplied parent, and returns it
0x00A30CA0, RgGeomGroupCreateBall - Creates a ball in the validated geometry group, assigns the supplied parent, and returns it
0x00A30D08, RgGeomGroupCreateRobot - Creates a robot geometry in the validated group and assigns the supplied parent
0x00A30D60, RgGeomGroupCreatePoly - Creates a polygon in the validated geometry group, assigns its parent and collision data, and returns it
0x00A30DE0, RgGeomGroupCreateTray - Creates a tray in the validated geometry group, assigns the supplied parent, and returns it
0x00A30E48, RgGeomGroupCreatePiller - Creates a pillar in the validated geometry group, assigns the supplied parent, and returns it
0x00A30EB0, RgGeomGroupDisposeElm - Removes the supplied geometry from the validated group and frees it
0x00A30F08, InitRgGeomGroupColiArg - Clears all six fields of the geometry-group collision argument structure
0x00A30F28, RgGeomGroupCollision - Tests every Cartesian pair from two geometry vectors, counts successful collisions, and invokes both groups' no-hit callbacks when none collide
0x00A31110, RgGeomGroupDebugDisp - Asserts on a null geometry group and otherwise returns without drawing anything
0x00A31150, _CreateColiArg - Allocates collision arg storage from the runtime heap and initializes it through InitRgGeomGroupColiArg
0x00A31220, _DisposeColiArg - Releases collision arg after RgHeapFree tears down owned state and heap storage
0x00A31288, _InitGameCollision - Creates a 16-element collision-check vector and stores it in the game-collision object
0x00A312F0, _DisposeGameCollision - Disposes every queued collision argument, frees the argument vector, and clears its handle
0x00A313A8, _AddCheck - Adds check state through RgVectorPush, updating the owning collection
0x00A31420, _ClearCheck - Disposes every collision argument in the check vector and clears the vector without freeing it
0x00A314C8, _JobCheck - Iterates every geometry group in its vector and runs collision processing for each group
0x00A31568, CreateRgGameCollision - Allocates game collision storage from the runtime heap and initializes it through _InitGameCollision
0x00A315D8, DisposeRgGameCollision - Releases game collision after _DisposeGameCollision tears down owned state and heap storage
0x00A31648, RgGameCollisionAdd - Adds game collision state through _AddCheck, updating the owning collection
0x00A316E8, RgGameCollisionClear - Disposes queued collision arguments and empties the game-collision check vector
0x00A31728, RgGameCollisionJob - Executes every queued game-collision check and processes its contact callback
0x00A31768, RgError - Logs a formatted fatal error with source context, then terminates the runtime with status one
0x00A31870, RgWarn - Logs a formatted warning with source context and returns without terminating the runtime
0x00A31970, _InitTriColi - Copies three triangle vertices, computes its plane and three normalized inward edge planes, and packs those planes into its collision matrix
0x00A31B80, _AllocDataMemory - Allocates and validates runtime-heap storage for a new data memory object
0x00A31C38, _CheckIntersectBall - Accumulates correction vectors from every intersecting collision ball and returns whether any intersected
0x00A31DE0, _InitColiData - Clears triangle count, allocation count, and triangle-array pointer
0x00A31E28, _DisposeColiData - Releases collision data after RgHeapFree tears down owned state and heap storage
0x00A31E98, _InitTriangles - Disposes the previous triangle collision data and allocates fresh storage for a positive triangle count
0x00A31F10, _AddTriangle - Initializes the next 0x80-byte triangle record and increments the collision triangle count
0x00A31FD8, CreateRgColiData - Allocates collision data storage from the runtime heap and initializes it through _InitColiData
0x00A32028, CreateRgColiDataQuadPrism - Scales eight template vertices by width and depth, emits twelve triangles for a closed quad prism, and returns the collision data
0x00A321C0, DisposeRgColiData - Releases collision data after _DisposeColiData tears down owned state and heap storage
0x00A32230, RgColiDataInitTriangles - Reallocates storage for the requested triangle capacity and resets the active count
0x00A32280, RgColiDataAddTriangle - Appends a triangle built from the three supplied vertices to collision data
0x00A322F0, RgColiDataVsBall - Tests every collision triangle against a ball and writes the resulting contact data
0x00A32360, RgColiDataVsRay - Tests a segment against each collision triangle, writes the first hit plane and segment fraction, and returns one or zero
0x00A32688, InitRgLinkData - Stores the supplied linked-data buffer pointer after validating both arguments
0x00A326F8, _get_uint - Decodes and returns one little-endian unsigned 32-bit integer from four bytes
0x00A32728, RgLinkDataMatchDataName - Returns whether the supplied four-character name matches the linked-data header
0x00A32788, RgLinkDataVersion - Returns the linked-data version decoded from header offset 0x10
0x00A327A8, RgLinkDataTime - Returns the linked-data timestamp decoded from header offset 0x18
0x00A327F0, RgLinkDataNumOfData - Returns the linked-data entry count decoded from header offset 0x14
0x00A32838, RgLinkDataGetName - Returns the name string associated with a bounds-checked link-data entry
0x00A328C8, RgLinkDataGetSize - Returns a bounds-checked link-data entry's decoded payload size
0x00A329D0, RgLinkDataGet - Returns a bounds-checked link-data entry's payload pointer
0x00A32AA8, RgLinkDataFindExt - Searches for link data ext using RgLinkDataNumOfData and _get_uint and returns the matching entry or index
0x00A32BB0, RgLinkDataGetIndex - Searches link-data names and returns the matching entry index
0x00A32C48, _CreateColi - Looks up a collision definition by name, creates a pillar or tray in the group, applies its dimensions and local transform, and returns it or null
0x00A32D68, _EntryColi - Adds collision state through RgSimpleDBFind and RgHeapAlloc, updating the owning collection
0x00A32EB8, CreateRgBgBuilder - Allocates background builder storage from the runtime heap and initializes it through InitRgLight
0x00A32F68, DisposeRgBgBuilder - Releases background builder after DisposeRgSimpleDB tears down owned state and heap storage
0x00A32FD8, _ReadBgData - Parses background-object definitions from text until reaching end of file
0x00A33280, _NewBgObj - Creates linked display-model and tray geometry objects, offsets the tray, and returns their background object
0x00A33368, _GetTailParameter - Scans for a delimiter and parses its trailing numeric parameter, otherwise returning the default
0x00A333D8, _SetBgObjAttr - Parses the decimal value following the final asterisk in an attribute string and stores it as background hardness
0x00A33448, RgBgBuilderBuildFromText - Parses a named stage paragraph into background objects, fixed or random positions, model flags, camera vectors, light, and fog settings
0x00A33B48, RgBgBuilderGetLoadData - Returns the background builder's loaded file-data pointer at offset four
0x00A33B88, RgBgBuilderGetLight - Copies the background builder's light structure at offset 0x10 into the output
0x00A33BF8, _AllocFile - Allocates and validates runtime-heap storage for a new file object
0x00A33C38, _FindFile - Searches for file using RgVectorSize and RgVectorIndex and returns the matching entry or index
0x00A33D28, _FindFileObj - Searches for file obj using RgVectorSize and RgVectorIndex and returns the matching entry or index
0x00A33DD0, _FindInPrepare - Searches for in prepare using InitRgLinkData and RgLinkDataMatchDataName and returns the matching entry or index
0x00A33F48, _InitFileSys - Creates an empty vector with capacity 128 for file-system records and clears the active-entry field
0x00A33FB0, _WrapperDestruct - Clears file-system state, disposes its record vector, and frees the file-system object from the shared heap
0x00A34010, InstanceOfRgFileSys - Returns the registered singleton, creating it through RgSingletonIDGet and RgHeapAlloc when absent
0x00A34088, RgFileSysClear - Releases file system after XrgFileSysFree tears down owned state and heap storage
0x00A34190, RgFileSysRead - Returns file data from prepared or registered entries, loading it when required
0x00A34420, RgFileSysDup - Copies file system using RgFileSysRead and XrgFileSysAlloc, preserving the source while initializing destination state
0x00A34518, RgFileSysPrepareFile - Reads a named file and registers its data in the prepared-file list
0x00A345D8, RgFileSysDisposePrepares - Warns about each outstanding prepared file, resets its state, disposes it, and clears the prepare count
0x00A34700, RgFileSysOnMemory - Registers a named memory buffer as a file-system entry and returns its new descriptor
0x00A34848, DisposeRgFileSysData_sub - Releases file system data after XrgFileSysFree tears down owned state and heap storage
0x00A34AA8, RgFileSysDataGetName - Returns the address of the file-data object's inline name at offset 0x1C
0x00A34AE8, RgFileSysDump - Logs file system diagnostics through RgVectorSize and XrgLog from current object state
0x00A34C68, RgActorMotIDGetFromName - Maps recognized motion names to fixed identifiers and returns an error sentinel otherwise
0x00A368E8, RgActorNameToCharID - Compares a name against the fixed character table and returns its identifier or negative one
0x00A36B88, RgActorCharIDToName - Returns the fixed character-name table entry for IDs zero through 0x18, otherwise null
0x00A36DE8, _ManiSet - Invokes a nonnull manipulator's setter callback stored at offset four
0x00A36E18, _ManiGet - Returns the manipulator matrix or an identity matrix when no value is available
0x00A36E70, _InitEffector - Creates a vector of 0x30-byte manipulation records and clears identifier, callbacks, owner, activity, and count fields
0x00A36EC8, _DestructSingleEffector - Releases single effector after RgHeapFree tears down owned state and heap storage
0x00A36F90, _DestructDoubleEffector - Releases double effector after RgHeapFree tears down owned state and heap storage
0x00A370A0, _DestructEffector - Selects single- or double-effector cleanup from the identifier, reports unknown types, then invokes the stored finalizer at offset 0x10
0x00A37130, _SingleEffectorJob - Optionally runs its start callback, then loads, transforms, and writes back each single manipulation record through the active effector callback
0x00A37248, _DoubleEffectorJob - Optionally runs its start callback, then loads paired manipulation records, transforms both through the active callback, and writes both back
0x00A37360, _EffectorSetActivity - Stores effector activity at offset 0x1C and invokes its optional change callback
0x00A373C0, _EffectorAddUnit - Appends a nonnull manipulator pointer to the effector's vector
0x00A373F0, _EffectorAddDoubleUnit - Adds effector double unit state through RgHeapAlloc and RgVectorPush, updating the owning collection
0x00A37458, _EffectorJob - Invokes the effector's optional job callback at offset 0xC
0x00A374A8, _InitSingleEffector - Initializes an effector, identifies it as single-input, and installs the single-record job callback
0x00A374E8, _InitDoubleEffector - Initializes an effector, identifies it as double-input, and installs the paired-record job callback
0x00A37528, _ConstraintStartFunc - Advances clamped interpolation and derives constraint transforms from manipulation records, using identity matrices when records are absent
0x00A376F0, _ConstraintFunc - Multiplies the target matrix by both stored constraint matrices in sequence
0x00A37738, _ConstraintDestructFunc - Releases constraint func after RgHeapFree tears down owned state and heap storage
0x00A377E8, _InitConstraint - Installs constraint start, transform, and destruction callbacks, clears target and interpolation fields, and sets its axis to a unit vector
0x00A37848, _CreateConstraint - Allocates constraint storage from the runtime heap and initializes it through _InitConstraint
0x00A378B8, _ConstraintSetRoot - Stores constraint root in the object field at offset 0x24 after pointer validation
0x00A37950, _ConstraintSetTop - Stores constraint top in the object field at offset 0x28 after pointer validation
0x00A379A8, _ConstraintGetPointTo - Copies the constraint target vector at offset 0x30 into the output
0x00A379C8, _ConstraintSetPointTo - Copies the supplied target vector into constraint offset 0x30
0x00A379E0, _CombineStartFunc - Starts combine func through _ManiGet and XrgInvMatrix and records the resulting active state
0x00A37AB8, _CombineFunc - When blend weight is positive, composes both source transforms, interpolates their basis vectors, and rebuilds the destination matrix from the blended axes
0x00A37B98, _CombineDestructFunc - Releases combine func after RgHeapFree tears down owned state and heap storage
0x00A37C20, _InitCombine - Installs combine start, two-input blend, and destruction callbacks and clears blend source and weight fields
0x00A37C90, CreateRgMatEffCombine - Allocates matrix effect combine storage from the runtime heap and initializes it through _InitCombine
0x00A37CE0, RgMatEffCombineSetRoot - Stores matrix effect combine root in the object field at offset 0x20 after pointer validation
0x00A37D70, RgMatricesEffectorSetActivity - Applies the requested activity state to the validated matrix effector
0x00A37DC0, DisposeRgMatricesEffector - Releases matrices effector after _DestructEffector tears down owned state and heap storage
0x00A37E30, RgMatricesEffectorAddManipulator - Validates single-effector type and appends one manipulator pointer to its vector
0x00A37EA8, RgMatricesEffectorAddDoubleMani - Validates double-effector type and appends a newly allocated manipulator pair
0x00A37F30, RgMatricesEffectorJob - Invokes the validated matrix effector's configured job callback
0x00A37F70, CreateRgMatEffConstraint - Allocates and initializes a matrix constraint effector
0x00A37F88, RgMatEffConstraintSetRoot - Configures the validated constraint's root manipulator and associated joint reference
0x00A37FE8, RgMatEffConstraintSetTop - Stores the validated constraint's top manipulator reference
0x00A38038, RgMatEffConstraintSetTarget - Copies the supplied target vector into validated constraint offset 0x30
0x00A38088, RgMatEffConstraintGetTarget - Copies validated constraint target offset 0x30 into the output vector
0x00A380D8, _disp_pic - Draws a selected picture texture with configured alpha
0x00A38138, _disp_pic_pl - Draws a player-selection picture texture with configured alpha
0x00A381C0, _CreateSelectWepFont - Creates a 41-glyph weapon-selection font from the supplied picture resource
0x00A381E8, _SinInit - Resets the shared sine phase value to zero
0x00A381F8, _SinPassTime - Advances the shared phase by pi over eight and wraps it into minus-pi through pi
0x00A382B8, _SinGet - Returns the integer product of the supplied amplitude and sine of the shared phase
0x00A38300, _CheckEquipWeps - Builds three weapon-essence pointers and checks their equipment conflict for one slot
0x00A38358, _CharCursorToCharID - Returns the six-entry cursor mapping or negative one for an out-of-range cursor
0x00A38380, _CharIDToCharCursor - Returns the index of a character ID in the six-entry cursor table, or sentinel index six when absent
0x00A383C0, _InitSelectChar - Initializes character cursor to six and selectable-character mask to 0x40
0x00A38410, _GetSelectChar - Returns the character ID mapped from the validated selection cursor
0x00A38450, _GetSelectCursor - Returns the current validated character-selection cursor from offset zero
0x00A38490, _SetSelectableSelectChar - Converts six character-ID mask bits to cursor bits, always enables cursor six, and moves selection to the first enabled cursor if needed
0x00A38590, _SetCharSelectChar - Selects the requested character cursor when enabled, otherwise falls back to the last enabled cursor among zero through six
0x00A38658, _IsExistItemUpper - Returns whether the selectable mask contains any set bit below the current cursor
0x00A386B0, _IsExistItemLower - Returns whether the selectable mask contains any set bit above the current cursor
0x00A38710, _GetSelectableSelectChar - Converts selectable character IDs into their corresponding cursor positions
0x00A387A8, _PassTimeSelectChar - Moves up or down among enabled character IDs zero through six without wrapping and plays the cursor sound on change
0x00A38880, _InitSelWep - Clears the weapon-selection cursor and its essence-list count
0x00A388C8, _InitCharTypeSelWep - Enumerates at most 128 selectable weapons for one character slot, stores the resulting count, and selects the first entry
0x00A38990, _GetEssSelWep - Returns the weapon essence at the validated current cursor
0x00A38A00, _GetEssListSelWep - Returns the address of the selection's inline weapon-essence pointer list
0x00A38A40, _GetEssListSizeSelWep - Returns the essence list size selection weapon field stored at object offset 0x204 after pointer validation
0x00A38A80, _GetCursorSelWep - Returns the current weapon-selection cursor at offset zero
0x00A38AC0, _SetCursorSelWep - Stores a cursor strictly below the weapon-essence list count
0x00A38B40, _SetCursorByNameSelWep - Selects the first weapon essence with a matching name and reports success
0x00A38C10, _GetNameOnCursorSelWep - Copies the selected weapon essence name into the output, or emits an empty string
0x00A38C90, _PassTimeSelWep - Moves the weapon cursor within zero and count minus one on up or down input and sounds only when the index changes
0x00A38D58, _EquipCurIDToEquipType - Maps cursor IDs zero through two to matching equipment types and returns minus one for IDs three or four
0x00A38DD8, _SetSelTypeCursor - Updates the selection cursor while preserving its previous value when changed
0x00A38E38, _ResumeSelTypeOldCursor - Restores the current equipment-type cursor from its saved previous value
0x00A38E48, _GetCursorSelType - Returns the current equipment-type cursor from offset zero
0x00A38E88, _GetTypeSelType - Returns the equipment type corresponding to the current selection-type cursor
0x00A38EC8, _GetCurSelType - Converts the current equipment cursor identifier into its selection type
0x00A38F30, _GetSelWepSelType - Returns the embedded weapon-selection object for the requested equipment type
0x00A38F90, _GetConfrictSelType - Returns the selection-type conflict mask stored at offset 0x638
0x00A38FE8, _SetDetermModeSelType - Sets selection-type cursor mode to the fixed determination value four
0x00A39030, _SetSpecModeSelType - Sets selection-type cursor mode to the fixed special value five
0x00A39080, _GetCurrentConfrictSelType - Returns the conflict entry selected by the current cursor's equipment type
0x00A39100, _GetCurrentWeaponSelType - Returns the current weapon essence's selection type for the active equipment cursor
0x00A39188, _GetAllSelType - Collects selection types for every selected weapon essence
0x00A391E0, _GetAllNameOnCursorSelType - Collects weapon names currently shown under every selection cursor
0x00A39280, _CheckConfrictSelType - Collects three selected weapon essences and records conflict results for every slot
0x00A39310, _SetAllCursorByNameSelType - Selects named weapons in all three type lists and then recomputes cross-slot conflicts
0x00A393C0, _InitSelType - Initializes three weapon-selection lists and conflict flags, selects type zero, and marks the previous cursor as negative one
0x00A39458, _InitByCharSelType - Rebuilds all three weapon-type lists for the selected character, stores the character handle, and resolves conflicting selections
0x00A394F0, _PassTimeSelType - Updates the active weapon list, moves left or right across types while skipping type three, updates the cursor, and rechecks conflicts
0x00A39600, _DetachWeaponIfConfrictSelType - Clears conflicting weapon selections, recomputes conflicts, and returns whether any were detached
0x00A396D0, _InitWepListDisp - Resolves the weapon-list panel and three cursor pictures, creates its font, sets position 568,168, and clears display state
0x00A397B8, _CreateWepListDisp - Allocates weapon list display storage from the runtime heap and initializes it through _InitWepListDisp
0x00A39810, _DestructWepListDisp - Disposes the weapon-list font stored at offset 8 when present
0x00A39868, _DisposeWepListDisp - Releases weapon list display after _DestructWepListDisp tears down owned state and heap storage
0x00A398D8, _SetSelectorWepListDisp - Stores the weapon-list selector and resets its cursor and auxiliary state
0x00A39930, _DrawWepListDisp - Draws weapon-list entries according to cursor and selection types
0x00A39D90, _InitSelectData - Initializes character and weapon-type selectors, populates weapon choices for the initial character, resets player ID, and clears AGWS output data
0x00A39E18, _DumpSelect__ - Logs selection diagnostics through XrgLog from current object state
0x00A39F00, _SaveCharSelectData - Stores the selected character and selectable-character mask in the first two words of base selection data
0x00A39F80, _SaveWepSelectData - For character IDs below six, stores all three selected weapon names in that character's 0x60-byte base-data record
0x00A3A010, _LoadCharSelectData - Initializes selected and selectable character records from the current selection data
0x00A3A090, _LoadWepSelectData - Initializes weapon-selection records according to each selected character's type
0x00A3A140, _GetBaseSelectData - Copies the 0x248-byte base-selection data block starting at object offset 0x660 into the output buffer
0x00A3A1F0, _SetBaseSelectData - Copies 0x244 bytes into embedded base data and reloads character and weapon selectors from that copy
0x00A3A2B8, _GetModeSelectData - Returns the selection-data mode stored at offset zero
0x00A3A2F8, _CreateSelectData - Allocates selection data storage from the runtime heap and initializes it through _InitSelectData
0x00A3A348, _DisposeSelectData - Releases selection data after RgHeapFree tears down owned state and heap storage
0x00A3A3B0, _TransitToWeaponSelect - Requires a selected character, enters mode one, saves character selection, and loads that character's weapon choices
0x00A3A440, _TransitToCharSelect - Saves current weapon choices, restores character selection from base data, and enters mode zero
0x00A3A4A8, _SaveToBaseData - Writes current weapon choices followed by character selection and availability into the embedded base-data block at offset 0x660
0x00A3A4E8, _TransitToOffSelect - Ends selection by storing mode two at offset zero
0x00A3A530, _SetPlayerModeSelectData - Stores the supplied player-selection mode at offset 0x8A8
0x00A3A580, _GetPlayerModeSelectData - Returns the player-selection mode stored at offset 0x8A8
0x00A3A5C0, _PassTimeSelectData - Selects pad zero or one from player ID and updates either character selection in mode zero or weapon-type selection in mode one
0x00A3A668, _GetSelectCharID - Returns the selected character ID from the embedded character-selection object at offset 0x10
0x00A3A6A8, _GetSelectWeps - Collects selected weapon types together with their recorded conflict states
0x00A3A740, _GetWepSelection - Returns the selected weapon essence for the current selection type
0x00A3A838, _DrawPlayerMode - Selects and draws the picture for the current player-selection mode
0x00A3A910, _SetCharSelDisp - Shows, hides, and darkens six character picture groups from availability and selection, then animates upper and lower scroll arrows
0x00A3AD60, _InitDetermWin - Resolves and validates eleven confirmation-window pictures and stores the supplied character and weapon selection references
0x00A3B020, _DispDetermWindow - Draws the confirmation window for the selected character and weapon
0x00A3B288, _InitFloatArrowHori - Resolves and validates the two horizontal-arrow pictures and clears position, phase, direction, and visibility fields
0x00A3B338, _SetFloatArrowPos - Computes and stores four arrow rectangle bounds from base and offset coordinates
0x00A3B360, _DispFloatArrow - Draws a selection arrow with sinusoidal floating displacement
0x00A3B438, _SetWepSelPicList - In weapon mode, hides navigation pictures and colors and highlights the three weapon-type icons according to cursor and conflict state
0x00A3B6D0, _DispWepSelOverlaps - Draws overlapping weapon-selection elements and initializes their horizontal floating arrows
0x00A3B880, _init_camera - Initializes the required draw view used by the selection camera
0x00A3B8C0, _set_camera - Sets camera position to (0,1,4) and clears all three view rotations
0x00A3B940, _Destruct - Disposes the selection painter, four picture lists, selection data, weapon-list display, robot preview, and loaded BXX resource
0x00A3B9E8, _PassTime - Runs the character-to-weapon selection state machine, animates screen transitions, applies confirm and cancel input, and updates the robot preview from current choices
0x00A3BE70, _Disp - Advances selection oscillation and draws the robot-selection interface
0x00A3BFB0, _LoadPicList - Reads picture-list binary data and constructs its runtime list object
0x00A3C090, _InitSelect - Creates selection data, configures the studio camera, loads four picture lists and weapon UI, creates the robot preview, and starts in state four
0x00A3C248, InitRgSelectAGWSData - Sets default character availability and clears all six characters' three weapon-name slots
0x00A3C2E0, RgSelectAGWSSetSelectData - Replaces the selection screen's embedded base data and reloads its character and weapon selectors
0x00A3C350, RgSelectAGWSGetSelectData - Saves current AGWS selection state and writes its base selection data through the supplied output pointer
0x00A3C3C8, RgSelectAGWSGetCollectData - Collects selected character and weapon data into the caller's result structure
0x00A3C448, RgSelectAGWSSetMode - Stores player selection mode in the interface's nested selection-data object
0x00A3C460, RgSelectAGWSIsEnd - Returns one for terminal mode six, two for mode seven, otherwise zero
0x00A3C4C0, RgSelectAGWSGetCharacter - Returns the character ID selected by the interface's nested selection data
0x00A3C500, RgSelectAGWSGetWeapon - Writes the currently selected weapon data into the supplied output
0x00A3C550, CreateRgSelectAGWS - Allocates selection AGWS storage from the runtime heap and initializes it through _InitSelect
0x00A3C5A0, DisposeRgSelectAGWS - Releases selection AGWS after _Destruct tears down owned state and heap storage
0x00A3C610, RgSelectAGWSPassTime - Advances selection input, robot previews, and interface transitions using supplied frame time
0x00A3C660, RgSelectAGWSDisp - Draws the validated selection interface and its robot previews
0x00A3C6A0, RgSelectIgnoreEventFlag - Permanently sets the module flag that bypasses event-based selection filtering
0x00A3C6B0, RgSelectGetPlayerChars - Collects all player characters currently marked usable by event state
0x00A3C730, RgSelectGetEnemyChars - Collects all enemy characters currently marked usable by event state
0x00A3C7B0, _get_all_weapons - Collects weapons permitted by the current event level from the weapon database
0x00A3C908, RgSelectWeapons - Builds the available weapon list; both event-filter branches currently use the same collector
0x00A3C940, RgSelectGetEnemyChar - Randomly selects one enemy character currently usable by event state
0x00A3CA08, RgSelectGetEnemyWeapons - Selects enemy weapons from available entries while rejecting equipment conflicts
0x00A3CD10, _ReadCallback - On completion code four, increments the successful-load count when a requester exists, warns otherwise, and clears the loading flag
0x00A3CD88, _KillLoad - Stops load by clearing its active state and associated runtime fields
0x00A3CDD8, _KillLoadIfMe - Cancels the active asynchronous request only when its owner matches the supplied object
0x00A3CE18, _ReqLoad - Cancels the current asynchronous load before installing the next request
0x00A3CF30, _IsEndOfLoad - Returns one only when loading is inactive, at least one request exists, and completed requests have reached the requested count
0x00A3CF70, _JobLoad - Starts the next pending asynchronous load or clears its owner when all requests finish
0x00A3D008, _InitLoad - Clears the loading flag, request count, completion count, and requester pointer before tail-calling load-system initialization at 0x21E330
0x00A3D040, _InitAct - Initializes four model slots and, for a parent node, allocates three 0x164-byte children plus model storage and a display-model resource
0x00A3D1F0, _select_light - Scales four preset light colors to 80 percent and applies one ambient plus three directional lights to the selected object
0x00A3D320, _ActorPos - Interpolates between the selection actor's endpoint vectors into its current position field
0x00A3D350, _ActorPosUpdate - Writes the computed preview position and smoothed yaw to the actor, clears translation offsets, and submits the actor transform
0x00A3D530, _ActivateAct - Builds a preview actor from three loaded model regions, applies light and render flags, attaches optional equipment, and updates actor positions
0x00A3D830, _ReqAct - Compares requested actor file names with active slots, cancels stale loads, transitions active models to disposal, and recursively requests three child actors
0x00A3DB58, _DestructAct - Releases act after RgHeapFree tears down owned state and heap storage
0x00A3DC88, _JobAct - Drives preview assets through request, wait, active fade-in and positioning, and delayed disposal states, then recursively updates three child actors
0x00A3DED8, _DrawAct - Builds an actor transform from selection position and submits the actor for drawing
0x00A3E0A0, _InitSelRob - Initializes loader state, reserves a 12 MiB arena, and partitions it into four 768 KiB preview-actor regions
0x00A3E128, _DestructSelRob - Cancels pending loads, destroys selection actors, and releases their data-heap resource
0x00A3E1A8, CreateRgSelectRobot - Allocates selection robot storage from the runtime heap and initializes it through _InitSelRob
0x00A3E1F8, DisposeRgSelectRobot - Tears down the selection robot, frees its heap allocation, and tail-calls load-system cleanup at 0x21E330
0x00A3E270, RgSelectRobotScreenPos - Stores the requested preview screen-position interpolation value at offset 0x138
0x00A3E2C0, RgSelectRobotSetMode - Maps selection mode negative one through two to a robot display-position value
0x00A3E390, RgSelectRobotSet - Builds an actor essence from the selected character and requests its body plus three selected accessory models
0x00A3E3F8, RgSelectRobotPassTime - Advances the selection actor state machine through load request, load completion, activation and fade-in, position updates, and delayed destruction
0x00A3E448, RgSelectRobotDisp - Loads pending selection resources and draws each available robot actor
0x00A3E510, _DumpHead - No-op callback retained for _ActivateAct, intentionally leaving state unchanged
0x00A3E518, CreateRgFont - Allocates a font, stores texture metrics, initializes colors, and returns the object
0x00A3E5E8, DisposeRgFont - Releases font after RgHeapFree tears down owned state and heap storage
0x00A3E650, RgFontSetColor - Copies the supplied four-component color into font offsets 0x10 through 0x1C
0x00A3E6B8, RgFontSetDefaultColor - Sets font color components to 0x80 with alpha 0x7F
0x00A3E710, RgFontPut - Finds and optionally draws one glyph, returning its advance width or zero when missing
0x00A3E8C0, RgFontStr - Optionally right-aligns and draws a string glyph by glyph, returning the final horizontal position
0x00A3EA10, _InitBxx - Clears archive storage, copies its name, and stores the ownership mode
0x00A3EA80, _DestructBxx - Releases texture archive after RgHeapFree tears down owned state and heap storage
0x00A3EBB0, CreateRgBxx_sub - Allocates and validates runtime-heap storage for a new texture archive object
0x00A3EC18, LoadRgBxx_sub - Reads a BXX archive file and creates its runtime texture object
0x00A3ECC8, DisposeRgBxx_sub - Releases texture archive after _DestructBxx tears down owned state and heap storage
0x00A3ED58, RgBxxSetData - Frees prior link data, wraps the replacement archive, verifies two sections, and points every texture picture back to the archive
0x00A3EEA8, _GetHeader - Finds and returns the named header entry from the texture archive
0x00A3EF10, _GetPicTop - Returns the first picture record, located 0x30 bytes after the archive header
0x00A3EF78, RgBxxGetHeader - Returns the texture archive's decoded linked-data header
0x00A3EF90, RgBxxGetTexNum - Returns the texture count stored at archive-header offset four
0x00A3EFB0, RgBxxGetPicID - Resolves a texture archive picture identifier from its header and picture table
0x00A3F038, _FindPicByName - Searches for picture by name using _GetHeader and _GetPicTop and returns the matching entry or index
0x00A3F108, RgBxxGetFindPic - Returns a named picture index and raises an error when the name is absent
0x00A3F160, RgBxxGetPic - Finds and returns a picture record by name from the texture archive
0x00A3F1C8, RgBxxGetXtx - Returns the indexed XTX payload from the texture archive's link data
0x00A3F230, _disp_blight - Clamps brightness to zero through one, scales it to 0 through 128, and stores the value in all three blight color channels
0x00A3F298, _disp_normal - Draws a title texture using normal blending and configured color
0x00A3F350, _disp_linear - Draws a title texture using linear blending and configured color
0x00A3F410, _disp_add - Draws a title texture using additive blending and configured color
0x00A3F4D0, _disp_add_blight - Draws a brightened title texture using additive blending and configured color
0x00A3F5F8, _InitTitle - Creates the title painter, loads nine BXX resources, resolves and validates fourteen pictures, stores input mode, and clears title state
0x00A3F8B8, _DestructTitle - Disposes the title painter at offset zero and nine archive resources stored at offsets 4 through 0x24
0x00A3F9A8, CreateRgTitle - Allocates title storage from the runtime heap and initializes it through _InitTitle
0x00A3FA00, DisposeRgTitle - Releases title after _DestructTitle tears down owned state and heap storage
0x00A3FA70, RgTitleGetResult - Returns a title-menu result based on shoulder selection and current event level
0x00A3FB38, RgTitlePassTime - Moves the menu cursor among four entries, starts a one-second confirmation delay, then a half-second completion delay, with OK or cancel sounds by choice
0x00A3FCC8, RgTitleDisp - Draws title layers with normal, linear, additive, and brightened blending modes
0x00A40008, _draw_add - Draws the selected picture texture using additive blending and configured alpha
0x00A400B0, _draw_linear - Draws the selected picture texture using linear blending and configured alpha
0x00A40158, _draw_nontex - Draws an untextured rectangle using configured color and alpha
0x00A40230, RgPicGetWidth - Returns texture width from picture record offset 0x34, or zero without a texture
0x00A40280, RgPicGetHeight - Returns texture height from picture record offset 0x38, or zero without a texture
0x00A402D0, RgPicWrite - Copies a picture's 14 header words into a zero-padded 0x100-byte record and writes it to the host when debug I/O is enabled
0x00A403F0, RgPicBinarySize - Returns the fixed picture-record size 0x100
0x00A403F8, CreateRgPicFromBinary - Allocates and validates runtime-heap storage for a new picture from binary object
0x00A40580, RgPicRead - Reads one serialized picture after validating its expected binary size
0x00A40600, CreateRgPic - Allocates and validates runtime-heap storage for a new picture object
0x00A40708, DisposeRgPic - Releases picture after RgHeapFree tears down owned state and heap storage
0x00A40770, RgPicGetName - Returns the picture object's inline name address at offset zero
0x00A407B0, RgPicGetAlpha - Returns the picture alpha field stored at object offset 0x2c after pointer validation
0x00A407F0, RgPicSetAlpha - Stores picture alpha in the object field at offset 0x2c after pointer validation
0x00A40840, RgPicGetX - Returns the picture x field stored at object offset 0x24 after pointer validation
0x00A40880, RgPicGetY - Returns the picture y field stored at object offset 0x28 after pointer validation
0x00A408C0, RgPicSetOfsXY - Stores picture X and Y offsets at 0x38 and 0x3C
0x00A40920, RgPicSetColor - Copies the supplied four-component color into picture offsets 0x40 through 0x4C
0x00A40988, RgPicGetTex - Returns the picture texture field stored at object offset 0x20 after pointer validation
0x00A409C8, RgPicSetPos - Stores picture X and Y coordinates at offsets 0x24 and 0x28
0x00A40A28, RgPicMove - Adds the supplied horizontal and vertical deltas to picture position
0x00A40A98, RgPicDraw - Draws a configured picture with its texture, color, alpha, and blend mode
0x00A40C28, RgPicSetDark - Stores picture dark in the object field at offset 0x30 after pointer validation
0x00A40C78, RgPicNotDraw - Stores the picture no-draw flag at offset 0x34
0x00A40CC8, CreateRgPicList - Allocates and validates runtime-heap storage for a new picture list object
0x00A40D58, DisposeRgPicList - Releases picture list after DisposeRgPic tears down owned state and heap storage
0x00A40E00, RgPicListAddPic - Adds picture list picture state through CreateRgPic, updating the owning collection
0x00A40EB8, RgPicListDelPic - Removes picture list picture through DisposeRgPic and updates the owning collection state
0x00A40F80, RgPicListGetPic - Returns the indexed picture pointer when in range, otherwise null
0x00A40FF0, RgPicListGetSize - Returns the picture list size field stored at object offset 0x204 after pointer validation
0x00A41030, RgPicListDraw - Applies list displacement and draws each active configured picture
0x00A410E0, RgPicListSetDrawEnable - Stores picture list draw enable in the object field at offset 0x210 after pointer validation
0x00A41130, _BinarySizePicList - Returns the fixed picture-list header size 0x40
0x00A41138, RgPicListWrite - Writes a zero-padded picture-list header of computed binary size, followed by each picture as a 0x100-byte host record
0x00A41268, CreateRgPicListFromBinary - Creates a picture list, imports dimensions and each counted binary picture, advances by each record size, and returns the list
0x00A413A0, RgPicListRead - Validates serialized picture-list size, creates the list, and reads its entries
0x00A414C0, RgPicListGetOfsX - Returns the picture list ofs x field stored at object offset 0x208 after pointer validation
0x00A41500, RgPicListGetOfsY - Returns the picture list ofs y field stored at object offset 0x20c after pointer validation
0x00A41540, RgPicListSetOffset - Stores picture list offset in the object field at offset 0x20c after pointer validation
0x00A415A0, RgPicListMoveAllPic - Adds the supplied X and Y deltas to every picture in the list
0x00A41640, CreateRgPicDebug - Allocates and validates runtime-heap storage for a new picture debug object
0x00A416D8, DisposeRgPicDebug - Releases picture debug after DisposeRgPicList tears down owned state and heap storage
0x00A41748, RgPicDebugEditPosition - Moves debug X and Y coordinates from pad edges, using aligned eight-pixel steps while modified
0x00A417F8, RgPicDebugControl - Edits picture position and alpha, adds or deletes pictures, changes texture and list offsets, and saves or loads the picture list according to debug mode and pad input
0x00A41D80, RgPicDebugDisp - Dispatches picture-debug display modes, drawing lists and reporting selected texture metadata
0x00A420D8, CreateRgPlacer2D - No-op stub that returns immediately without reading or modifying observable state
0x00A420E0, _set_global_blight - Scales brightness by 128, clamps it to zero through 128, and updates all RGB channels
0x00A42130, _InitHelp - Creates the help painter, initializes navigation, loads 19 BXX files, and resolves 62 named pictures against those resources
0x00A42350, _DestructHelp - Disposes the help painter at 0x650 and every counted archive referenced by 0x44-byte entries starting at offset 0x44
0x00A42400, CreateRgHelp - Allocates help storage from the runtime heap and initializes it through _InitHelp
0x00A42450, DisposeRgHelp - Releases help after _DestructHelp tears down owned state and heap storage
0x00A424C0, RgHelpIsEnd - Returns the help interface's end-state value stored at offset zero
0x00A42500, RgHelpPassTime - Updates help navigation until cancel or start begins a half-second fade, then marks the help screen complete after the fade expires
0x00A42620, RgHelpDisp - Draws help backgrounds and the controls for the active interface mode
0x00A426B8, _init_mode_left - Clears left-menu cursor, animation, and transition fields at offsets 0x654 through 0x65C
0x00A426C8, _control_mode_left - Maps directional or confirm input through the current page's four-way transition table, clamps pages to zero through 15, and resets blink phase after two seconds
0x00A427D0, _color - Multiplies the global RGBA color by an optional per-channel color at 7-bit fixed-point precision and applies the result to the painter
0x00A428A8, _paint - Draws a selected help texture using caller-specified blend and alpha settings
0x00A42948, _paint_b - Draws a selected help texture using computed color and blending settings
0x00A42A40, _paint_lin - Draws the selected help texture with linear blending mode
0x00A42A68, _paint_lin_uvwh - Draws a help texture with supplied UV rectangle and linear blending
0x00A42B40, _paint_add - Draws the selected help texture with additive blending mode
0x00A42B68, _paint_sub - Draws the selected help texture with subtractive blending mode
0x00A42B90, _paint_bg_lower - Draws the lower help background texture with its fixed coordinates and blend mode
0x00A42BF0, _paint_bg_higher - Draws the upper help background texture using linear blending
0x00A42C18, _paint_mode_left - Draws help prompts for the left-side interface mode
0x00A43330, _paint_mode_right - Draws help prompts for the right-side interface mode
0x00A434B8, _InitAnn - Resolves and validates 50 announcement pictures from the additive and subtractive battle resources, creates a priority-five painter, and resets animation state
0x00A43EE0, _DestructAnn - Disposes the announcement 2D painter stored at offset 4
0x00A43F40, CreateRgAnnounce - Allocates and validates runtime-heap storage for a new announce object
0x00A43F90, DisposeRgAnnounce - Releases announce after _DestructAnn tears down owned state and heap storage
0x00A44000, RgAnnouncePassTime - Decrements finite announcement time and clears timer plus active state when it expires
0x00A44090, RgAnnounceDisp - Draws the active announcement using configured texture, color, and alpha
0x00A44388, _time_disp_title - Enables painter alpha and draws picture 0x17 with the fixed time-title UV rectangle at the supplied position
0x00A44400, _time_disp - Formats time units into three two-digit groups, draws them at fixed horizontal offsets, and inserts separator picture 0x18
0x00A445C0, _damage_disp_title - Enables painter alpha and draws picture 0x17 with the fixed damage-title UV rectangle at the supplied position
0x00A44638, _damage_disp - Rounds damage to an unsigned integer, formats it as decimal text, draws it at horizontal offset 0x11F, and appends picture 0x19
0x00A44718, _round1 - Draws subtractive picture 0x2B and additive picture zero at the current announcement alpha
0x00A44758, _round2 - Draws subtractive picture 0x2C and additive picture one at the current announcement alpha
0x00A44798, _round3 - Draws subtractive picture 0x2D and additive picture two at the current announcement alpha
0x00A447D8, _ready - Draws subtractive picture 0x2A and additive picture three at the current announcement alpha
0x00A44818, _fight - Draws subtractive picture 0x27 and additive picture four at the current announcement alpha
0x00A44858, _youwin - Draws subtractive picture 0x1B and additive picture five at the current announcement alpha
0x00A44898, _youlose - Draws subtractive picture 0x30 and additive picture six at the current announcement alpha
0x00A448D8, _draw - Draws announcement layers with subtractive, additive, and linear blending
0x00A44918, _gameover - Draws subtractive picture 0x29 and additive picture nine at the current announcement alpha
0x00A44958, _timeover - Draws subtractive picture 0x2F and additive picture eight at the current announcement alpha
0x00A44998, _stageclear - Draws subtractive picture 0x2E and additive picture ten at the current announcement alpha
0x00A449D8, _gameclear - Draws subtractive picture 0x28 and additive picture 11 at the current announcement alpha
0x00A44A18, _you_win_you_lose - Draws the win pair 128 pixels left and the lose pair 128 pixels right using the current announcement alpha
0x00A44A80, _you_lose_you_win - Draws the lose pair 128 pixels left and the win pair 128 pixels right using the current announcement alpha
0x00A44AE8, _paint - Draws an announcement texture with caller-selected blend and alpha settings
0x00A44B80, _paint_uvwh - Draws an announcement texture using the supplied UV rectangle
0x00A44C10, _paint_lin - Draws the selected announcement texture using linear blending mode
0x00A44C40, _paint_add - Draws the selected announcement texture using additive blending mode
0x00A44C70, _paint_sub - Draws the selected announcement texture using subtractive blending mode
0x00A44CA0, _paint_flush - Flushes the announcement object's paint renderer stored at offset four
0x00A44CB8, RgAnnounceDispInit - Selects an announcement callback by type and resets its timing state
0x00A44D40, RgAnnounceDispInitTime - Initializes announcement display and stores duration only when the announcement became active
0x00A44D80, RgAnnounceDispOff - Clears the announcement display-enable and active-state fields after validating the object
0x00A44DC8, RgAnnounceSetStageClear - Activates a stage-clear announcement with supplied type and timing values
0x00A44E38, RgAnnounceSetGameClear - Copies up to sixteen result pairs and activates the game-clear announcement
0x00A44F08, InitRgDispModel - Writes an identity transform, unit scale and opacity, and clears mode plus display and destruction callbacks
0x00A44F68, DisposeRgDispModel - Releases display model after RgHeapFree tears down owned state and heap storage
0x00A44FE8, RgDispModelDisplay - Invokes the display-model callback unless rendering is disabled by mode bit two
0x00A45048, RgDispModelSetMode - Sets the supplied bits in display-model mode field 0x40
0x00A45068, RgDispModelResetMode - Clears the supplied bits from display-model mode field 0x40
0x00A45088, RgDispModelSetLocal - Copies a matrix into a nonnull display model's local transform
0x00A450B0, RgDispModelGetLocal - Copies a nonnull display model's local transform into the output matrix
0x00A450E8, RgDispModelSetTransparent - Stores display model transparent in the object field at offset 0x44 after pointer validation
0x00A450F8, RgDispModelSetBlight - Stores display model blight in the object field at offset 0x48 after pointer validation
0x00A45108, RgDispModelGetTransparent - Returns display-model transparency at offset 0x44, or zero for null
0x00A45120, _Disp - Draws the model only when both geometry handles are valid and alpha is positive, applying fade, color, texture, and visibility flags
0x00A45298, _DispRgDispModelImpl - Queues the display-model implementation for drawing through the global draw manager
0x00A452D8, _DestructRgDispModelImpl - Asserts on a null display-model implementation and otherwise returns without changing it
0x00A45318, _InitRgDispModelImpl - Stores model and texture implementations and installs concrete display and destruction callbacks after base display-model defaults
0x00A453D0, CreateXrgDispModelImpl - Allocates display model impl storage from the runtime heap and initializes it through InitRgLinkData
0x00A454F8, _ActJntToAccID_sub - Returns the accessory ID from the 21-entry joint mapping table and reports an error for an index above 20
0x00A45558, XrgActorJntIDtoAccID - Returns the accessory ID mapped from the supplied actor joint ID
0x00A45578, _AccIDToJoint - Validates the actor wrapper and passes it with the accessory ID unchanged to runtime joint lookup at 0x306A70
0x00A455C8, _ActJntToJoint - Converts actor joint ID to accessory ID, then resolves the runtime joint
0x00A45640, _GetXenoDatEntry - Searches 25 actor-data records by character ID, warning and returning null when absent
0x00A456B0, _SkeManiGet - Populates skeleton manipulator output fields through XrgUnitMatrix and XrgCopyMatrix using validated source data
0x00A45770, _SkeManiSet - Converts the supplied transform to actor-local space when needed and writes its three basis columns into the selected skeleton joint matrix
0x00A45848, _InitSkeMani - Installs skeleton callbacks and clamps the requested joint index to an available joint
0x00A45928, _CreateSkeMani_sub - Allocates skeleton manipulator storage from the runtime heap and initializes it through _InitSkeMani
0x00A459F8, _CreateAccMani_sub - Allocates acc manipulator storage from the runtime heap and initializes it through _InitSkeMani
0x00A45B20, _DisposeUseXenoActor - Disposes four loaded files, the actor, both banks of matrix effectors, and the vector at offset 0x64, then clears bank counts and the vector handle
0x00A45C98, _copy_matrix - Copies matrix using XrgCopyMatrix, preserving the source while initializing destination state
0x00A45CC8, _store_matrix - Preserves four destination words, copies the source matrix over it, then restores those destination fields
0x00A45D30, _PassTime - Advances actor timing, aligns an attached actor's joint hierarchy through cached relative matrices, and runs every active matrix effector
0x00A46148, _ActorDrawFunction - Applies the shared fog color and range when fog debugging is enabled, then selects render mode 0x10 for flagged actors
0x00A461D0, _DrawActor - Stores draw-context field 4 in the shared fog pointer and tail-calls renderer 0x307420 with the wrapped actor
0x00A46228, _SetMotionToXenoActorWithRgMotID - Maps enabled IDs at or above 0x800 to `(ID - 0x800) | 0x100`, then applies the motion and playback parameter to the wrapped actor
0x00A46278, _SetMotUseXenoActor - Converts pending loop flags to motion options, applies the requested motion ID, and resets interpolation timing and special-motion state
0x00A46348, _AttachChildUseXenoActor - Validates actor wrappers, prepares the child, maps the joint ID, and performs runtime attachment
0x00A46448, _DetachChildUseXenoActor - When both wrapped actors exist, detaches the child runtime actor from the parent and clears the parent's attached-child state
0x00A464D0, _IsEndOfMotUseXenoActor - Returns true for no motion or when the runtime actor's completion flag is set
0x00A46508, _DumpHead - No-op callback retained for _LoadXenoActorMdl, intentionally leaving state unchanged
0x00A46510, _LoadXenoActorMdl - Reads and duplicates actor model data for ownership by the Xeno actor
0x00A466A0, _DupLoadXenoActor - Copies load xeno actor using RgFileSysDataGetName and RgFileSysRead, preserving the source while initializing destination state
0x00A46868, _InitXenoActor - Creates the attachment vector, writes an identity transform, marks motion and parent joints invalid, and clears actor, timing, effector, and attachment fields
0x00A46930, _SetBattleCommonWepMotion - Retrieves shared battle weapon motion and installs it on the runtime actor when available
0x00A469E0, _InitAfterLoadXenoActor - Installs the draw callback and render flags on the loaded actor, resets timing, initializes optional weapon motion, and writes fixed material flags
0x00A46AD8, XrgActorSetLightCost - Enables actor lighting flag 0x40 and installs fixed light-cost parameters
0x00A46B40, XrgActorSetDropWeapon - Adds flags 0x408 to the wrapped runtime actor when present
0x00A46B90, XrgActorSetPlayMotionComaStep - Stores motion step at 0x5C and resets its accumulator at 0x60
0x00A46BE0, _LoadXenoActor - Resolves an actor data entry and initializes its runtime Xeno actor
0x00A46D80, _DupXenoActor - Copies xeno actor using _GetXenoDatEntry and _InitXenoActor, preserving the source while initializing destination state
0x00A46E58, CreateXrgActor - Allocates and validates runtime-heap storage for a new actor object
0x00A46ED8, DuplicateXrgActor - Copies actor using RgHeapAlloc and _DupXenoActor, preserving the source while initializing destination state
0x00A46FA0, DisposeXrgActor - Releases actor after _DisposeUseXenoActor tears down owned state and heap storage
0x00A47040, XrgActorSetLocal - Copies the supplied matrix into the validated actor's local transform at offset 0x10
0x00A47090, XrgActorSetLight - Copies supplied light vectors into runtime actor fields, or restores the default light
0x00A47160, XrgActorSetMotion - Applies any motion except negative one to the validated actor wrapper
0x00A471D0, XrgActorSetSmoothPlay - Stores actor smooth play in the object field at offset 0x50 after pointer validation
0x00A47220, XrgActorSetLoopPlay - Stores actor loop play in the object field at offset 0x54 after pointer validation
0x00A47270, XrgActorDeriveMotion - Installs source motion data on the actor and reapplies shared weapon motion when available
0x00A47318, XrgActorSetMotionFrame - Stores the motion frame when the actor has an active motion
0x00A47398, XrgActorSetDraw - Clears actor flag 8 to enable drawing; disabling sets flag 8 and render-state bit 0x100 at offset 0x9A0
0x00A47420, XrgActorSetTransparent - Stores transparency and enables the actor's required transparent-rendering flags
0x00A47498, XrgActorIsEndOfMotion - Returns whether the validated actor wrapper has no active motion or its motion ended
0x00A474D8, XrgActorGetMotionLength - Returns runtime motion length at 0x700, or zero without an active actor motion
0x00A47540, XrgActorGetPlayingMotTime - Returns runtime motion time at 0x6F4, or zero without an active actor motion
0x00A475A8, XrgActorGetLocal - Copies the validated actor's local transform at offset 0x10 into the output matrix
0x00A475F8, XrgActorGetJointLocal - Resolves an actor joint and copies its local matrix into caller storage
0x00A476F8, XrgActorGetAttachedJoint - Returns attached joint ID when a parent exists, otherwise negative one
0x00A47748, XrgActorAttachChild - Adds actor child state through RgVectorPush and _AttachChildUseXenoActor, updating the owning collection
0x00A477E8, XrgActorCheckPakaPaka - Resolves the actor's PakaPaka base joint and enables the feature when found
0x00A47888, XrgActorDettachChild - Removes actor child through RgVectorRemove and _DetachChildUseXenoActor and updates the owning collection state
0x00A47930, XrgActorDraw - Queues an actor draw callback on the global draw manager
0x00A47970, XrgActorPassTime - Advances validated actor animation, attachments, and effectors using supplied frame time
0x00A479C0, InitXrgActorEssence - Stores character ID, clears the inline filename, and resets the final state field
0x00A47A18, XrgActorEssenceGetFileName - Returns the actor essence's file name from its Xeno data entry
0x00A47B98, _FindRawJntData - Scans stored entries for raw joint data, returning the first matching pointer or index
0x00A47BE0, _GetPakaPakaBaseJnt - Finds the named PakaPaka base joint and logs lookup failures
0x00A47C88, XrgActorCreateEffConstraint - Builds a joint constraint from raw skeleton data, installs root and top manipulators, stores it inactive in the selected actor bank, and returns it
0x00A47F38, XrgActorCreateEffArmCombine - Pairs matching joint manipulators across two actors, installs the shared root, stores the inactive combine effector in the selected bank, and returns it
0x00A48218, XrgActorDisposeEffector - Removes and disposes a matching effector from either actor bank, compacts remaining handles, and updates both bank counts
0x00A48440, XrgActorDebugDisp - Logs diagnostic information for the validated actor wrapper
0x00A48548, _Log2 - Returns the bucket count needed for powers through 0x1000, erroring above that range
0x00A48610, XrgBxxPs2Tex0 - Constructs a PS2 TEX0 register value from archive format, dimensions, palette, and buffer addresses
0x00A487C0, _GetLocalPath - Returns the address of the module's fixed local-path string
0x00A487D0, _RootName - Extracts the final path component and optionally prefixes a supplied root directory
0x00A488C8, XrgCdFileSize - Tail-calls CD file-size query 0x21DE58 with the caller's path unchanged and returns its result
0x00A488E0, XrgCdFileRead - Performs a CD-file read with zeroed optional arguments and returns one for a nonnegative result, otherwise zero
0x00A48908, XrgCdFileAlignmentSize - Rounds the requested byte count upward to a 0x800-byte CD sector boundary
0x00A48918, _PushMode - Pushes one mode onto the bounded eight-entry module stack and increments its depth
0x00A48988, _PopMode - Pops one mode by decrementing stack depth, asserting when only the base mode remains
0x00A489E0, _CurMode - Returns the mode at the top of the module stack
0x00A48A00, XrgFileSysPushMode - Appends file system mode to object storage and advances the recorded element count
0x00A48A18, XrgFileSysPopMode - Pops the current file-system mode from the bounded module stack
0x00A48A30, XrgFileSysModeGet - Returns the current file-system mode from the top of its module stack
0x00A48A48, XrgFileSysAlloc - Allocates and validates runtime-heap storage for a new file system object
0x00A48B50, XrgFileSysFree - Releases file system after RgHeapFree tears down owned state and heap storage
0x00A48C08, _openVifGif - Opens a packed particle VIF/GIF stream with caller-selected primitive and register bits
0x00A48C80, _openVifGifAD - Opens an AD-format particle VIF/GIF stream using its fixed packet descriptor
0x00A48CE8, _closeVifGif - Finalizes the active VIF/GIF graphics packet through two low-level runtime calls
0x00A48D10, _InitDriver - Clears particle driver control fields, request count, and terminal state
0x00A48D60, _DisposeDriver - Asserts on a null particle-driver pointer and otherwise returns without changing it
0x00A48DA0, _Calc - Integrates position, velocity, and parameter deltas for each particle, applies optional damping, clamps two scalars, and wraps two angles to plus or minus pi
0x00A49318, _Disp - Emits a particle-effect VIF/GIF packet between AD stream delimiters
0x00A497E0, CreateXrgParticleDriver - Allocates particle driver storage from the runtime heap and initializes it through _InitDriver
0x00A49830, DisposeXrgParticleDriver - Releases particle driver after _DisposeDriver tears down owned state and heap storage
0x00A498A0, _WrapperDestruct - Disposes the singleton particle driver
0x00A498B8, InstanceOfXrgParticleDriver - Returns the registered singleton, creating it through RgSingletonIDGet and CreateXrgParticleDriver when absent
0x00A49910, XrgParticleDriverSet - Stores two supplied driver values at offsets zero and four
0x00A49970, XrgParticleDriverPassTimeReq - Appends one three-word pass-time request to the driver's bounded 16-entry queue
0x00A49A50, XrgParticleDriverDispReq - Appends a particle object, draw value, and callback to the bounded driver queue
0x00A49B50, XrgParticleDriverPassTime - Applies the queued calculation callback to every particle request using frame time, then clears the request count
0x00A49BE8, _DrawDriver - Builds particle-driver draw data from the studio view and selected texture
0x00A49D98, _ClearReqDisp - Resets the particle driver's display-request count at offset 0x30CC to zero
0x00A49DD8, XrgParticleDriverDisp - Queues validated particle-driver rendering and request cleanup on the global draw manager
0x00A49E40, CreateArrayOfXrgParticle - Allocates and validates runtime-heap storage for a new array of particle object
0x00A49F08, DisposeArrayOfXrgParticle - Releases array of particle after RgHeapFree tears down owned state and heap storage
0x00A49F70, InitXrgInput - Stores device ID, clears button and direction state, and initializes analog limits
0x00A49FF0, XrgInputDeviceCheck - Normalizes analog sticks, applies dead zones, tracks button chords, and advances input hold timers
0x00A4A620, _openVifGif - Opens a packed paint VIF/GIF stream with caller-selected primitive and register bits
0x00A4A698, _openVifGifAD - Opens an AD-format paint VIF/GIF stream using its fixed packet descriptor
0x00A4A700, _closeVifGif - Finalizes the active VIF/GIF graphics packet through two low-level runtime calls
0x00A4A728, _InitReq - Installs default geometry and draw callbacks, clears request fields, and initializes color channels
0x00A4A788, _DeriveInfoReq - Copies draw mode plus texture and UV vectors from a source request
0x00A4A7B8, _CalcRectangle - Expands XYWH into four vertices, clamps coordinates, and assigns uniform depth plus color
0x00A4A8A0, _CalcUV - Applies optional UV offset and size overrides, then expands them into rectangle vertices
0x00A4A920, _CalcPosOnScreen - Projects a point through the current view, writes screen coordinates, and reports clipping success
0x00A4A9E0, _CalcPosOnScreenFloat - Projects a point through the current view and writes floating-point screen coordinates
0x00A4AA58, _CalcOffset - Resolves fixed, relative, projected, or clamped screen offsets and returns projection success
0x00A4AD80, _Geom2D - Builds aligned, scaled, and optionally rotated screen vertices, returning their primitive mode
0x00A4B120, _Line3D - Projects a 3D line into a screen-space quad and returns primitive mode six
0x00A4B490, _DrawNoTex - Emits an untextured 2D primitive packet through the VIF/GIF stream
0x00A4B560, _DrawWithTex - Calculates UV coordinates and emits a textured 2D primitive packet
0x00A4B750, _InitPaint - Stores the painter name and mode, initializes its embedded request list, sets draw ID to negative two, and clears queued requests
0x00A4B7F0, _DestructPaint - Asserts on a null paint object and otherwise returns without changing it
0x00A4B830, CreateXrgPaint2D_sub - Allocates paint 2D storage from the runtime heap and initializes it through _InitPaint
0x00A4B898, DisposeXrgPaint2D_sub - Releases paint 2D after _DestructPaint tears down owned state and heap storage
0x00A4B910, _WrapperDestruct - Disposes the supplied 2D painter with the module's source and line metadata
0x00A4B930, InstanceOfXrgPaint2D - Returns the registered singleton, creating it through RgSingletonIDGet and CreateXrgPaint2D_sub when absent
0x00A4B998, XrgPaint2DSetDrawID - Stores the paint object's draw identifier at offset four
0x00A4B9E8, XrgPaint2DSetDrawPrio - Stores the paint renderer's draw priority at offset zero
0x00A4BA38, XrgPaint2DOffset2D - Selects 2D offset mode and stores supplied horizontal and vertical offsets
0x00A4BAB8, XrgPaint2DOffset2DDot - Converts pixel offsets to fixed point and selects 2D offset mode
0x00A4BB40, XrgPaint2DOffsetCenter - Selects 2D offset mode and centers drawing at coordinates 0x1000, 0xE00
0x00A4BBB0, XrgPaint2DOffset3D - Selects 3D offset mode and copies the supplied position vector
0x00A4BC18, XrgPaint2DOffset3DForce - Selects forced 3D offset mode and stores position plus force value
0x00A4BCA0, XrgPaint2DOffsetResult - Stores the result offset and enables offset-result mode bit 0x10
0x00A4BD08, XrgPaint2DOffsetLinear - Stores linear offset values and enables linear-offset mode bit eight
0x00A4BD38, XrgPaint2DColor - Copies the supplied four-component color into the current paint request
0x00A4BD98, XrgPaint2DAlpha - Maps alpha mode zero through five to the corresponding GS blend descriptor
0x00A4BE70, XrgPaint2DUseTexture - Configures paint state from a BXX picture's texture header and PS2 TEX0 value
0x00A4BF48, XrgPaint2DSetUVOffset - Converts UV offsets to fixed-point values and marks them explicitly configured
0x00A4BFC8, XrgPaint2DSetUVSize - Converts UV dimensions to fixed-point values and marks them explicitly configured
0x00A4C048, InitXrgPaint2DRect - Stores rectangle type, sets scale to one, and clears position plus size fields
0x00A4C070, XrgPaint2DDrawRect - Initializes a 2D paint request from a rectangle and submits its derived draw data
0x00A4C180, XrgPaint2DDrawXYWH - Converts XYWH coordinates into a rectangle and submits it for 2D drawing
0x00A4C1F8, InitXrgPaint2DLine3D - Clears both 3D line endpoints, stores the supplied color, and resets the line state word
0x00A4C240, XrgPaint2DDrawLine - Initializes a 2D line request and submits its derived draw data
0x00A4C370, _Paint2DFlush - Converts queued 2D requests to the current viewport, batches them by texture and blend mode into GIF packets, submits full packets, and clears no state until drawing completes
0x00A4C780, _Paint2DClearReq - Clears the 2D draw-request count, rewinds the next-request pointer to the embedded array, and initializes the first request
0x00A4C7D8, XrgPaint2DFlush - Queues paint request rendering and cleanup using the renderer's draw priority and ID
0x00A4C840, _SetDefaultLight - Normalizes three default light directions into the graphics context, copies their colors, sets alpha to one, and submits the light state
0x00A4C948, XrgSystemInit - Initializes 1 MiB and 15 MiB heaps at fixed addresses, configures low-level runtime state, clears singleton IDs and the main heap, and initializes remaining systems
0x00A4CA68, XrgSystemDispose - Disposes singletons, dumps both heaps, clears the main heap, and invokes runtime shutdown
0x00A4CAE0, XrgSleep - Tail-calls runtime scheduler entry 0x218938 while preserving the caller's arguments
0x00A4CAF8, XrgRandInt - Tail-calls integer random-number generator 0x32F0F8 and returns its result
0x00A4CB10, XrgRand - Scales a runtime random integer into the half-open floating-point interval from lower to upper
0x00A4CB68, XrgRandIntRange - Maps a runtime random integer into the half-open interval [lower, upper)
0x00A4CBB0, XrgVectorZero - Returns the address of a shared zero-vector constant stored in module data
0x00A4CBC0, XrgUnitVector - Clears a shared vector, sets its W component to one, and returns its address
0x00A4CBF0, XrgVectorX - Returns the address of the shared positive X-axis unit vector
0x00A4CC00, XrgVectorY - Returns the address of the shared positive Y-axis unit vector
0x00A4CC10, XrgVectorZ - Returns the address of the shared positive Z-axis unit vector
0x00A4CC20, XrgSetVector - Copies all four supplied components into the destination floating-point vector
0x00A4CC38, XrgSetIVector - Copies all four supplied components into the destination integer vector
0x00A4CC50, XrgSetIVectorXYZ - Copies three supplied components into an integer vector and clears its fourth component
0x00A4CC68, XrgSetVectorXYZ - Copies three supplied components into a vector and sets its fourth component to one
0x00A4CC88, XrgClearVector - Clears all four components of the destination vector to zero
0x00A4CCA8, XrgAddVector - Adds all four source-vector components and writes the sums to the destination
0x00A4CCF0, XrgAddVectorXYZ - Adds the source vectors XYZ components while preserving the first vectors W component
0x00A4CD28, XrgScaleVector - Multiplies all four source-vector components by a scalar and stores the result
0x00A4CD60, XrgScaleVectorXYZ - Scales source XYZ components while copying its W component unchanged
0x00A4CD90, XrgCopyVectorXYZ - Copies the source vectors first three components into the destination
0x00A4CDB0, XrgLinearIntpVector - Linearly interpolates source XYZ components by a weight and sets destination W to one
0x00A4CE10, XrgCopyVector - Copies all four source-vector components into the destination vector
0x00A4CE38, XrgLengthVector - Returns the Euclidean length of the supplied three-component vector
0x00A4CE90, XrgNormalizeVector - Normalizes a three-component vector, writes zero for zero length, and returns original length
0x00A4CF68, XrgOuterVector - Computes the three-component cross product of two source vectors
0x00A4CFD0, XrgInnerVector - Returns the three-component dot product of the supplied vectors
0x00A4D000, XrgInnerVectorXYZW - Returns the four-component dot product of the supplied vectors
0x00A4D040, clearRgMatrix - Clears all four rows of the destination matrix to zero
0x00A4D078, XrgCopyMatrix - Copies all four 16-byte rows from source matrix to destination
0x00A4D0D8, XrgUnitMatrix - Clears the destination matrix and sets its four diagonal components to one
0x00A4D130, XrgMulMatrix - Multiplies two 4x4 matrices with vector-unit instructions and writes all destination rows
0x00A4D178, XrgTransMatrix - Copies a matrix and adds its transformed translation vector to destination row three
0x00A4D1E8, XrgSubVector - Subtracts source XYZ components and writes them to the destination vector
0x00A4D220, XrgSubVectorXYZ - Subtracts source XYZ components and writes them to the destination vector
0x00A4D258, XrgNegateVector - Negates source XYZ components while copying W unchanged to the destination
0x00A4D288, XrgRandVector - Generates and writes a random unit vector using independent pitch and yaw samples
0x00A4D360, XrgRandVectorRange - Generates a unit vector with pitch and yaw constrained by supplied angular ranges
0x00A4D438, XrgApplyVector - Applies a full 4x4 matrix to a vector and writes the transformed result
0x00A4D468, XrgRotVector - Applies only a matrix's rotational rows to a vector and writes the result
0x00A4D498, XrgCalcMatrixYtoZ - Builds an orthonormal matrix from a desired Z axis and reference Y axis
0x00A4D518, XrgCalcMatrixZtoY - Builds an orthonormal matrix from a desired Y axis and reference Z axis
0x00A4D598, XrgCalcMatrixXtoY - Builds an orthonormal matrix from a desired X axis and reference Y axis
0x00A4D618, XrgCalcMatrixXtoZ - Builds an orthonormal matrix from a desired X axis and reference Z axis
0x00A4D698, XrgRotMatrixX - Post-multiplies the source matrix by an X-axis rotation into the destination
0x00A4D718, XrgRotMatrixY - Post-multiplies the source matrix by a Y-axis rotation into the destination
0x00A4D798, XrgRotMatrixZ - Post-multiplies the source matrix by a Z-axis rotation into the destination
0x00A4D818, XrgInvMatrix - Writes a rigid-transform inverse using transposed rotation and negated translation
0x00A4D8D0, XrgCalcRotY - Returns the yaw angle determined from the vector's X and Z components
0x00A4D928, XrgClearMatStack - Resets the shared matrix-stack pointer and writes identity into its base entry
0x00A4D950, XrgPushMatStack - Advances the shared stack pointer by one matrix and copies the previous top
0x00A4D980, XrgSetTopMatStack - Replaces the current matrix-stack top with the supplied matrix
0x00A4D9A0, XrgPopMatStack - Pops one matrix by moving the shared top pointer backward 0x40 bytes
0x00A4D9B8, XrgMulMatStack - Multiplies the current matrix-stack top in place by the supplied matrix
0x00A4D9E0, XrgTransMatStack - Transforms the supplied translation by the top matrix and replaces its translation row
0x00A4DA30, XrgRotMatStack - Applies Y, X, then Z rotations in place to the matrix-stack top
0x00A4DA98, XrgTopMatStack - Returns the shared pointer to the current matrix-stack top
0x00A4DAA8, XrgCopyMatStack - Copies the current matrix-stack top into the supplied destination
0x00A4DAC8, XrgCalcPlaneNorm - Computes and normalizes a triangle's cross-product normal, setting its W component to one
0x00A4DB58, XrgCalcPlane - Computes a plane normal and stores the negated point-normal dot product as distance
0x00A4DBA0, XrgIsTriIntersectedByRay - Tests a ray against triangle edges, writes normalized hit distance, and accepts distances below one
0x00A4DDC8, XrgQuantAngle - Wraps an angle to plus or minus pi and quantizes it into one of eight 45-degree direction sectors
0x00A4E038, XrgQuantAngle4 - Wraps an angle to plus or minus pi and quantizes it into four 90-degree sectors
0x00A4E1E8, XrgExit - No-op callback retained for RgError, intentionally leaving state unchanged
0x00A4E1F0, _vout - No-op callback retained for XrgVLog, intentionally leaving state unchanged
0x00A4E1F8, _vout_sys - No-op callback retained for XrgVLogSys, intentionally leaving state unchanged
0x00A4E200, XrgVLog - Passes the format and variadic state to an empty sink, producing no output
0x00A4E218, XrgVLogSys - Passes the format and variadic state to an empty system sink, producing no output
0x00A4E230, XrgVOut - Calls the no-op output sink and returns without producing output
0x00A4E248, XrgLog - Saves register variadic arguments into a stack list and passes them to the disabled general log sink
0x00A4E298, XrgLogSys - Saves register variadic arguments into a stack list and passes them to the disabled system log sink
0x00A4E2E8, XrgOut - Packs seven variadic arguments into a contiguous list and passes it with the format value to the variadic output routine
0x00A4E340, XrgHostCreateOpen - Reports unsupported host create-open and returns null
0x00A4E370, XrgHostReadOpen - Reports unsupported host read-open and returns null
0x00A4E3A0, XrgHostSeekTop - Reports unsupported host seek-to-start and returns zero
0x00A4E3D0, XrgHostSeekLast - Reports unsupported host seek-to-end and returns zero
0x00A4E400, XrgHostClose - Reports that host-file close is unsupported and returns
0x00A4E428, XrgHostRead - Reports that host-file reads are unsupported and returns zero
0x00A4E458, XrgHostWrite - Reports that host-file writes are unsupported and returns zero
0x00A4E488, XrgPadSetID - Stores the active controller index in the module pad-selection variable
0x00A4E498, XrgPadIsUp - Returns current selected-controller state masked with D-pad up bit 0x1000
0x00A4E4C8, XrgPadIsDown - Returns current selected-controller state masked with D-pad down bit 0x4000
0x00A4E4F8, XrgPadIsLeft - Returns current selected-controller state masked with D-pad left bit 0x8000
0x00A4E528, XrgPadIsRight - Returns current selected-controller state masked with D-pad right bit 0x2000
0x00A4E558, XrgPadIsMaru - Returns selected-controller edge state masked with circle button bit 0x20
0x00A4E588, XrgPadIsBatu - Returns selected-controller edge state masked with cross button bit 0x40
0x00A4E5B8, XrgPadIsSankaku - Returns selected-controller edge state masked with triangle button bit 0x10
0x00A4E5E8, XrgPadIsShikaku - Returns selected-controller edge state masked with square button bit 0x80
0x00A4E618, XrgPadIsL12 - Returns selected-controller edge state masked with L1 and L2 bits
0x00A4E648, XrgPadIsR12 - Returns selected-controller edge state masked with R1 and R2 bits
0x00A4E678, XrgPadIsStart - Returns selected-controller edge state masked with start button bit 0x800
0x00A4E6A8, XrgPadIsSelect - Returns selected-controller edge state masked with select button bit 0x100
0x00A4E6D8, XrgPadIsSelectLevelLR - Returns whether both selected-controller L1 and R1 level bits are set
0x00A4E710, XrgPadIsLR - Detects an L1/R1 chord when either button edge occurs while the other is held
0x00A4E780, XrgDispMainFont - Builds the fixed main-font style table, selects bright or dim intensity from the mode flag, copies the text, and draws it at the supplied position
0x00A4E8F0, _LoadSequence - Builds bank and sequence paths, loads and waits for the bank when present, then loads the sequence; null inputs unload both
0x00A4EAD0, InitXrgSoundSystem - Temporarily allocates a 4 MiB sound workspace, initializes the sound backend with two channels, frees the workspace, and clears sequence and playback state
0x00A4EB60, DisposeXrgSoundSystem - Shuts down runtime sound sequence and stream subsystems without accessing an object
0x00A4EB90, _LoadSeq - Allocates temporary sequence storage, loads the sequence, then releases the buffer
0x00A4ECE0, XrgSoundSystemPlayBGM - Loads the requested sequence, starts it once when valid, and marks playback active
0x00A4ED40, XrgSoundSystemPlayJingle - No-op stub that returns immediately without reading or modifying observable state
0x00A4ED48, XrgSoundSystemStopSequence - Stops the loaded sequence with a fade and clears the playing flag
0x00A4ED80, XrgSoundSystemDisposeSequence - Invalidates the module's loaded sequence identifier without calling runtime disposal
0x00A4ED90, XrgSoundSystemStop - Stops runtime sound sequence slot 2
0x00A4EDA8, XrgSoundSystemRing - Starts the supplied sound sequence with secondary argument zero only when its identifier is positive
0x00A4EDD8, XrgSoundSystemCursor - Plays runtime interface sound ID 3 for cursor movement
0x00A4EDF8, XrgSoundSystemOk - Plays runtime interface sound ID 1 for confirmation
0x00A4EE18, XrgSoundSystemCancel - Plays runtime interface sound ID 2 for cancellation
0x00A4EE38, XrgSoundSystemNG - Plays runtime interface sound ID 5 for invalid input
0x00A4EE58, _InitSound - Stores sound driver, initializes volume and gain to 0x40, and clears handles
0x00A4EE80, _DestructSound - No-op callback retained for DisposeXrgSound, intentionally leaving state unchanged
0x00A4EE88, CreateXrgSound - Allocates sound storage from the runtime heap and initializes it through _InitSound
0x00A4EEE0, DisposeXrgSound - Releases sound after _DestructSound tears down owned state and heap storage
0x00A4EF38, _ring - Combines sound ID, object volume, and requested gain before invoking runtime playback
0x00A4EF90, _stop - Builds the runtime sound handle from a positive ID and requests playback stop
0x00A4EFD0, XrgSoundSetVolume - Clamps normalized volume to zero through one and stores its 0x7F-scaled integer
0x00A4F030, XrgSoundRingMoving - Starts sound moving through _ring and records the resulting active state
0x00A4F110, XrgSoundRingStopMoving - Stops the active movement sound handle when present and clears the stored handle afterward
0x00A4F150, XrgSoundRing - Plays a positive sound identifier at fixed gain 0x80 through a nonnull sound object
0x00A4F188, XrgSoundRingVol - Clamps requested gain to zero through 0x80 before playing a positive sound identifier
0x00A4F1D0, XrgSoundRingStop - Stops a positive sound identifier through a nonnull sound object
0x00A4F200, XrgSoundPassTime - Decrements finite sound lifetime, stopping and clearing its handle after expiration
0x00A4F280, XrgSetEventLevel - Clears the event-level override for negative one, otherwise stores and enables the override
0x00A4F2B0, XrgEventGetLevel - Returns the override level when enabled, otherwise derives zero through two from runtime events
0x00A4F310, XrgEventIsUsableEnemy - Returns enemy availability from character ID and current event level
0x00A4F380, XrgEventIsUsablePlayer - Dispatches player availability by IDs zero through five, returning zero outside that range
0x00A4F430, XrgEventIsUsableWeapon - Returns true for a null event or when its weapon name at offset 0x330 matches an enabled entry in the 41-entry weapon table
