0x00200008, _start - Clears the uninitialized data region, initializes EE runtime services, runs main, and passes its result to Exit
0x002000B8, _exit - Loops indefinitely as the terminal fallback reached after program shutdown
0x002000C0, _root - Terminates the root thread through PS2 kernel syscall 0x23 when its entry routine returns
0x00200100, RFU000_FullReset - Dispatches reserved PS2 kernel syscall 0 for its corresponding SDK operation
0x00200110, ResetEE - Dispatches PS2 kernel syscall 1 for the reset EE operation
0x00200120, SetGsCrt - Dispatches PS2 kernel syscall 2 for the set GS CRT operation
0x00200130, RFU003 - Dispatches reserved PS2 kernel syscall 3 for its corresponding SDK operation
0x00200140, _Exit - Dispatches PS2 kernel syscall 4 for the exit operation
0x00200150, RFU005 - Dispatches reserved PS2 kernel syscall 5 for its corresponding SDK operation
0x00200160, _LoadExecPS2 - Dispatches PS2 kernel syscall 6 for the load exec ps 2 operation
0x00200170, _ExecPS2 - Dispatches PS2 kernel syscall 7 for the exec ps 2 operation
0x00200180, RFU008 - Dispatches reserved PS2 kernel syscall 8 for its corresponding SDK operation
0x00200190, RFU009 - Dispatches reserved PS2 kernel syscall 9 for its corresponding SDK operation
0x002001A0, AddSbusIntcHandler - Dispatches PS2 kernel syscall 10 for the add SBUS interrupt-controller handler operation
0x002001B0, RemoveSbusIntcHandler - Dispatches PS2 kernel syscall 0xB for the remove SBUS interrupt-controller handler operation
0x002001C0, Interrupt2Iop - Dispatches PS2 kernel syscall 0xC for the interrupt 2 IOP operation
0x002001D0, SetVTLBRefillHandler - Dispatches PS2 kernel syscall 0xD for the set vtlb refill handler operation
0x002001E0, SetVCommonHandler - Dispatches PS2 kernel syscall 0xE for the set v common handler operation
0x002001F0, SetVInterruptHandler - Dispatches PS2 kernel syscall 0xF for the set v interrupt handler operation
0x00200200, AddIntcHandler - Dispatches PS2 kernel syscall 0x10 for the add interrupt-controller handler operation
0x00200210, AddIntcHandler2 - Dispatches PS2 kernel syscall 0x10 for the add interrupt-controller handler 2 operation
0x00200220, RemoveIntcHandler - Dispatches PS2 kernel syscall 0x11 for the remove interrupt-controller handler operation
0x00200230, AddDmacHandler - Dispatches PS2 kernel syscall 0x12 for the add DMA-controller handler operation
0x00200240, AddDmacHandler2 - Dispatches PS2 kernel syscall 0x12 for the add DMA-controller handler 2 operation
0x00200250, RemoveDmacHandler - Dispatches PS2 kernel syscall 0x13 for the remove DMA-controller handler operation
0x00200260, _EnableIntc - Dispatches PS2 kernel syscall 0x14 for the enable interrupt-controller operation
0x00200270, _DisableIntc - Dispatches PS2 kernel syscall 0x15 for the disable interrupt-controller operation
0x00200280, _EnableDmac - Dispatches PS2 kernel syscall 0x16 for the enable DMA-controller operation
0x00200290, _DisableDmac - Dispatches PS2 kernel syscall 0x17 for the disable DMA-controller operation
0x002002A0, SetAlarm - Dispatches PS2 kernel syscall 0xFC for the set alarm operation
0x002002B0, ReleaseAlarm - Dispatches PS2 kernel syscall 0xFD for the release alarm operation
0x002002C0, _iEnableIntc - Dispatches PS2 kernel syscall 0xFFFFFFFFFFFFFFE6 for the i enable interrupt-controller operation
0x002002D0, _iDisableIntc - Dispatches PS2 kernel syscall 0xFFFFFFFFFFFFFFE5 for the i disable interrupt-controller operation
0x002002E0, _iEnableDmac - Dispatches PS2 kernel syscall 0xFFFFFFFFFFFFFFE4 for the i enable DMA-controller operation
0x002002F0, _iDisableDmac - Dispatches PS2 kernel syscall 0xFFFFFFFFFFFFFFE3 for the i disable DMA-controller operation
0x00200300, iSetAlarm - Dispatches PS2 kernel syscall 0xFFFFFFFFFFFFFF02 for the i set alarm operation
0x00200310, iReleaseAlarm - Dispatches PS2 kernel syscall 0xFFFFFFFFFFFFFF01 for the i release alarm operation
0x00200320, CreateThread - Dispatches PS2 kernel syscall 0x20 for the create thread operation
0x00200330, DeleteThread - Dispatches PS2 kernel syscall 0x21 for the delete thread operation
0x00200340, StartThread - Dispatches PS2 kernel syscall 0x22 for the start thread operation
0x00200350, ExitThread - Dispatches PS2 kernel syscall 0x23 for the exit thread operation
0x00200360, ExitDeleteThread - Dispatches PS2 kernel syscall 0x24 for the exit delete thread operation
0x00200370, TerminateThread - Dispatches PS2 kernel syscall 0x25 for the terminate thread operation
0x00200380, iTerminateThread - Dispatches PS2 kernel syscall 0xFFFFFFFFFFFFFFDA for the i terminate thread operation
0x00200390, DisableDispatchThread - Dispatches PS2 kernel syscall 0x27 for the disable dispatch thread operation
0x002003A0, EnableDispatchThread - Dispatches PS2 kernel syscall 0x28 for the enable dispatch thread operation
0x002003B0, ChangeThreadPriority - Dispatches PS2 kernel syscall 0x29 for the change thread priority operation
0x002003C0, iChangeThreadPriority - Dispatches PS2 kernel syscall 0xFFFFFFFFFFFFFFD6 for the i change thread priority operation
0x002003D0, RotateThreadReadyQueue - Dispatches PS2 kernel syscall 0x2B for the rotate thread ready queue operation
0x002003E0, _iRotateThreadReadyQueue - Dispatches PS2 kernel syscall 0xFFFFFFFFFFFFFFD4 for the i rotate thread ready queue operation
0x002003F0, ReleaseWaitThread - Dispatches PS2 kernel syscall 0x2D for the release wait thread operation
0x00200400, iReleaseWaitThread - Dispatches PS2 kernel syscall 0xFFFFFFFFFFFFFFD2 for the i release wait thread operation
0x00200410, GetThreadId - Dispatches PS2 kernel syscall 0x2F for the get thread id operation
0x00200420, ReferThreadStatus - Dispatches PS2 kernel syscall 0x30 for the refer thread status operation
0x00200430, iReferThreadStatus - Dispatches PS2 kernel syscall 0xFFFFFFFFFFFFFFCF for the i refer thread status operation
0x00200440, SleepThread - Dispatches PS2 kernel syscall 0x32 for the sleep thread operation
0x00200450, WakeupThread - Dispatches PS2 kernel syscall 0x33 for the wakeup thread operation
0x00200460, _iWakeupThread - Dispatches PS2 kernel syscall 0xFFFFFFFFFFFFFFCC for the i wakeup thread operation
0x00200470, CancelWakeupThread - Dispatches PS2 kernel syscall 0x35 for the cancel wakeup thread operation
0x00200480, iCancelWakeupThread - Dispatches PS2 kernel syscall 0xFFFFFFFFFFFFFFCA for the i cancel wakeup thread operation
0x00200490, SuspendThread - Dispatches PS2 kernel syscall 0x37 for the suspend thread operation
0x002004A0, _iSuspendThread - Dispatches PS2 kernel syscall 0xFFFFFFFFFFFFFFC8 for the i suspend thread operation
0x002004B0, ResumeThread - Dispatches PS2 kernel syscall 0x39 for the resume thread operation
0x002004C0, iResumeThread - Dispatches PS2 kernel syscall 0xFFFFFFFFFFFFFFC6 for the i resume thread operation
0x002004D0, JoinThread - Dispatches PS2 kernel syscall 0x3B for the join thread operation
0x002004E0, RFU060 - Dispatches reserved PS2 kernel syscall 0x3C for its corresponding SDK operation
0x002004F0, RFU061 - Dispatches reserved PS2 kernel syscall 0x3D for its corresponding SDK operation
0x00200500, EndOfHeap - Dispatches PS2 kernel syscall 0x3E for the end of heap operation
0x00200510, RFU063 - Dispatches reserved PS2 kernel syscall 0x3F for its corresponding SDK operation
0x00200520, CreateSema - Dispatches PS2 kernel syscall 0x40 for the create sema operation
0x00200530, DeleteSema - Dispatches PS2 kernel syscall 0x41 for the delete sema operation
0x00200540, SignalSema - Dispatches PS2 kernel syscall 0x42 for the signal sema operation
0x00200550, iSignalSema - Dispatches PS2 kernel syscall 0xFFFFFFFFFFFFFFBD for the i signal sema operation
0x00200560, WaitSema - Dispatches PS2 kernel syscall 0x44 for the wait sema operation
0x00200570, PollSema - Dispatches PS2 kernel syscall 0x45 for the poll sema operation
0x00200580, iPollSema - Dispatches PS2 kernel syscall 0xFFFFFFFFFFFFFFBA for the i poll sema operation
0x00200590, ReferSemaStatus - Dispatches PS2 kernel syscall 0x47 for the refer sema status operation
0x002005A0, iReferSemaStatus - Dispatches PS2 kernel syscall 0xFFFFFFFFFFFFFFB8 for the i refer sema status operation
0x002005B0, RFU073 - Dispatches reserved PS2 kernel syscall 0x49 for its corresponding SDK operation
0x002005C0, SetOsdConfigParam - Dispatches PS2 kernel syscall 0x4A for the set OSD config parameters operation
0x002005D0, GetOsdConfigParam - Dispatches PS2 kernel syscall 0x4B for the get OSD config parameters operation
0x002005E0, GetGsHParam - Dispatches PS2 kernel syscall 0x4C for the get GS h parameters operation
0x002005F0, GetGsVParam - Dispatches PS2 kernel syscall 0x4D for the get GS v parameters operation
0x00200600, SetGsHParam - Dispatches PS2 kernel syscall 0x4E for the set GS h parameters operation
0x00200610, SetGsVParam - Dispatches PS2 kernel syscall 0x4F for the set GS v parameters operation
0x00200620, RFU080_CreateEventFlag - Dispatches reserved PS2 kernel syscall 0x50 for its corresponding SDK operation
0x00200630, RFU081_DeleteEventFlag - Dispatches reserved PS2 kernel syscall 0x51 for its corresponding SDK operation
0x00200640, RFU082_SetEventFlag - Dispatches reserved PS2 kernel syscall 0x52 for its corresponding SDK operation
0x00200650, RFU083_iSetEventFlag - Dispatches reserved PS2 kernel syscall 0xFFFFFFFFFFFFFFAD for its corresponding SDK operation
0x00200660, RFU084_ClearEventFlag - Dispatches reserved PS2 kernel syscall 0x54 for its corresponding SDK operation
0x00200670, RFU085_iClearEventFlag - Dispatches reserved PS2 kernel syscall 0xFFFFFFFFFFFFFFAB for its corresponding SDK operation
0x00200680, RFU086_WaitEvnetFlag - Dispatches reserved PS2 kernel syscall 0x56 for its corresponding SDK operation
0x00200690, RFU087_PollEvnetFlag - Dispatches reserved PS2 kernel syscall 0x57 for its corresponding SDK operation
0x002006A0, RFU088_iPollEvnetFlag - Dispatches reserved PS2 kernel syscall 0xFFFFFFFFFFFFFFA8 for its corresponding SDK operation
0x002006B0, RFU089_ReferEventFlagStatus - Dispatches reserved PS2 kernel syscall 0x59 for its corresponding SDK operation
0x002006C0, RFU090_iReferEventFlagStatus - Dispatches reserved PS2 kernel syscall 0xFFFFFFFFFFFFFFA6 for its corresponding SDK operation
0x002006D0, RFU091 - Dispatches reserved PS2 kernel syscall 0x5B for its corresponding SDK operation
0x002006E0, EnableIntcHandler - Dispatches PS2 kernel syscall 0x5C for the enable interrupt-controller handler operation
0x002006F0, iEnableIntcHandler - Dispatches PS2 kernel syscall 0xFFFFFFFFFFFFFFA4 for the i enable interrupt-controller handler operation
0x00200700, DisableIntcHandler - Dispatches PS2 kernel syscall 0x5D for the disable interrupt-controller handler operation
0x00200710, iDisableIntcHandler - Dispatches PS2 kernel syscall 0xFFFFFFFFFFFFFFA3 for the i disable interrupt-controller handler operation
0x00200720, EnableDmacHandler - Dispatches PS2 kernel syscall 0x5E for the enable DMA-controller handler operation
0x00200730, iEnableDmacHandler - Dispatches PS2 kernel syscall 0xFFFFFFFFFFFFFFA2 for the i enable DMA-controller handler operation
0x00200740, DisableDmacHandler - Dispatches PS2 kernel syscall 0x5F for the disable DMA-controller handler operation
0x00200750, iDisableDmacHandler - Dispatches PS2 kernel syscall 0xFFFFFFFFFFFFFFA1 for the i disable DMA-controller handler operation
0x00200760, KSeg0 - Dispatches PS2 kernel syscall 0x60 for the k seg 0 operation
0x00200770, EnableCache - Dispatches PS2 kernel syscall 0x61 for the enable cache operation
0x00200780, DisableCache - Dispatches PS2 kernel syscall 0x62 for the disable cache operation
0x00200790, GetCop0 - Dispatches PS2 kernel syscall 99 for the get cop 0 operation
0x002007A0, FlushCache - Dispatches PS2 kernel syscall 100 for the flush cache operation
0x002007B0, CpuConfig - Dispatches PS2 kernel syscall 0x66 for the cpu config operation
0x002007C0, iGetCop0 - Dispatches PS2 kernel syscall 0xFFFFFFFFFFFFFF99 for the i get cop 0 operation
0x002007D0, iFlushCache - Dispatches PS2 kernel syscall 0xFFFFFFFFFFFFFF98 for the i flush cache operation
0x002007E0, iCpuConfig - Dispatches PS2 kernel syscall 0xFFFFFFFFFFFFFF96 for the i cpu config operation
0x002007F0, sceSifStopDma - Dispatches PS2 kernel syscall 0x6B for the SIF stop DMA operation
0x00200800, SetCPUTimerHandler - Dispatches PS2 kernel syscall 0x6C for the set cpu timer handler operation
0x00200810, SetCPUTimer - Dispatches PS2 kernel syscall 0x6D for the set cpu timer operation
0x00200820, SetOsdConfigParam2 - Dispatches PS2 kernel syscall 0x6E for the set OSD config parameters 2 operation
0x00200830, GetOsdConfigParam2 - Dispatches PS2 kernel syscall 0x6F for the get OSD config parameters 2 operation
0x00200840, GsGetIMR - Dispatches PS2 kernel syscall 0x70 for the GS get imr operation
0x00200850, iGsGetIMR - Dispatches PS2 kernel syscall 0xFFFFFFFFFFFFFF90 for the i GS get imr operation
0x00200860, GsPutIMR - Dispatches PS2 kernel syscall 0x71 for the GS put imr operation
0x00200870, iGsPutIMR - Dispatches PS2 kernel syscall 0xFFFFFFFFFFFFFF8F for the i GS put imr operation
0x00200880, SetPgifHandler - Dispatches PS2 kernel syscall 0x72 for the set pgif handler operation
0x00200890, SetVSyncFlag - Dispatches PS2 kernel syscall 0x73 for the set v sync flag operation
0x002008A0, RFU116 - Dispatches reserved PS2 kernel syscall 0x74 for its corresponding SDK operation
0x002008B0, _print - Dispatches PS2 kernel syscall 0x75 for the print operation
0x002008C0, sceSifDmaStat - Dispatches PS2 kernel syscall 0x76 for the SIF DMA stat operation
0x002008D0, isceSifDmaStat - Dispatches PS2 kernel syscall 0xFFFFFFFFFFFFFF8A for the isce SIF DMA stat operation
0x002008E0, sceSifSetDma - Dispatches PS2 kernel syscall 0x77 for the SIF set DMA operation
0x002008F0, isceSifSetDma - Dispatches PS2 kernel syscall 0xFFFFFFFFFFFFFF89 for the isce SIF set DMA operation
0x00200900, sceSifSetDChain - Dispatches PS2 kernel syscall 0x78 for the SIF set d chain operation
0x00200910, isceSifSetDChain - Dispatches PS2 kernel syscall 0xFFFFFFFFFFFFFF88 for the isce SIF set d chain operation
0x00200920, sceSifSetReg - Dispatches PS2 kernel syscall 0x79 for the SIF set reg operation
0x00200930, sceSifGetReg - Dispatches PS2 kernel syscall 0x7A for the SIF get reg operation
0x00200940, _ExecOSD - Dispatches PS2 kernel syscall 0x7B for the exec OSD operation
0x00200950, Deci2Call - Dispatches PS2 kernel syscall 0x7C for the deci 2 call operation
0x00200960, PSMode - Dispatches PS2 kernel syscall 0x7D for the ps mode operation
0x00200970, MachineType - Dispatches PS2 kernel syscall 0x7E for the machine type operation
0x00200980, GetMemorySize - Dispatches PS2 kernel syscall 0x7F for the get memory size operation
0x00200990, _InitTLB - Dispatches PS2 kernel syscall 0x82 for the init TLB operation
0x002009A0, sceResetttyinit - Clears the global ttyinit flag so the next terminal operation reinitializes the TTY service
0x002009B0, VSync - Atomically reads and clears the vertical-sync flag, waiting for its next transition when requested
0x00200A40, VSync2 - Uses SetVSyncFlag to wait for or sample vertical synchronization while preserving interrupt state
0x00200AE8, write - Initializes the TTY service and writes the supplied byte range through sceTtyWrite
0x00200B68, read - Initializes the TTY service and reads bytes into the supplied buffer through sceTtyRead
0x00200BE0, open - Sets errno to I/O error and rejects unsupported file-open requests with a negative result
0x00200C08, close - Rejects unsupported file-close requests by returning a fixed negative result
0x00200C10, ioctl - Rejects unsupported device-control requests by returning a fixed negative result
0x00200C18, lseek - Rejects unsupported file-seek requests by returning a fixed negative result
0x00200C20, sbrk - Advances heap_ptr by the requested delta, returning its old value or setting ENOMEM when exceeding EndOfHeap
0x00200CD0, isatty - Reports every descriptor as a terminal device through its fixed positive result
0x00200CD8, fstat - Initializes the supplied stat record as a character device and reports success
0x00200CF0, getpid - Returns process identifier one as the runtime process identity
0x00200CF8, kill - Exits when signaling process one, otherwise reports successful signal handling
0x00200D20, stat - Sets errno to I/O error and rejects unsupported file-status requests
0x00200D48, unlink - Sets errno to I/O error and rejects unsupported file-removal requests
0x00200D70, _sceSDC - Scans every data-cache way and writes back lines whose tags fall within the requested address range
0x00200E18, SyncDCache - Aligns the address range and writes back matching data-cache lines while preserving interrupt enablement
0x00200E98, iSyncDCache - Aligns both range endpoints to cache lines and writes back matching data-cache entries without masking interrupts
0x00200EB0, _sceIDC - Scans every data-cache way and invalidates lines whose tags fall within the requested address range
0x00200F58, InvalidDCache - Aligns both range endpoints to cache lines and invalidates them while preserving the interrupt-enable state
0x00200FD8, iInvalidDCache - Aligns both addresses down to 64-byte boundaries before invalidating the requested data-cache range
0x00200FF0, DisableIntc - Preserves the caller's interrupt-enable state, disables interrupts around _DisableIntc, synchronizes, conditionally re-enables interrupts, and returns the syscall result
0x00201058, EnableIntc - Tests `uVar2 != 0`; computes `uVar2 = Status & 0x10000` and `uVar1 = _EnableIntc(param_1)`; invokes `DIntr()` and `uVar1 = _EnableIntc(param_1)`; returns `uVar1`
0x002010C0, DisableDmac - Tests `uVar2 != 0`; computes `uVar2 = Status & 0x10000` and `uVar1 = _DisableDmac(param_1)`; invokes `DIntr()` and `uVar1 = _DisableDmac(param_1)`; returns `uVar1`
0x00201128, EnableDmac - Preserves the caller's interrupt-enable state, disables interrupts around _EnableDmac, synchronizes, conditionally re-enables interrupts, and returns the syscall result
0x00201190, iEnableIntc - Enables the specified interrupt-controller source through the interrupt-safe kernel syscall and returns its status
0x002011B0, iDisableIntc - Disables the specified interrupt-controller source through the interrupt-safe kernel syscall and returns its status
0x002011D0, iEnableDmac - Enables the specified DMA interrupt source through the interrupt-safe kernel syscall and returns its status
0x002011F0, iDisableDmac - Disables the specified DMA interrupt source through the interrupt-safe kernel syscall and returns its status
0x00201210, setup - Dispatches PS2 kernel syscall 0x74 for the setup operation
0x00201220, Copy - Dispatches PS2 kernel syscall 0x5A for the copy operation
0x00201230, kCopy - Copies length divided by four 32-bit words from source to destination and returns zero
0x00201268, GetEntryAddress - Dispatches PS2 kernel syscall 0x5B for the get entry address operation
0x00201278, InitAlarm - If RCNT3 is not enabled, installs the alarm syscall hooks, copies 0x740 bytes to KSEG0 and 0x28 bytes to 0x82000, flushes caches, and resolves six kernel entries
0x00201350, topThread - Consumes queued scheduler commands, waking, rotating, or suspending the encoded thread according to each command byte
0x00201428, InitThread - Creates the top-thread semaphore and a 0x400-byte-stack worker, starts it with topArg, raises the caller to priority 1, and returns the thread ID or -1
0x00201500, iWakeupThread - Dispatches PS2 kernel syscall 0xFFFFFFFFFFFFFFD1 for the i wakeup thread operation
0x00201598, iRotateThreadReadyQueue - Enqueues a priority below 128 for ready-queue rotation, signals topSema, or returns minus one when unavailable
0x00201618, iSuspendThread - Dispatches PS2 kernel syscall 0xFFFFFFFFFFFFFFD1 for the i suspend thread operation
0x002016B0, sceDeci2Open - Packs protocol, callback, and option fields for Deci2Call command zero and returns the assigned channel identifier
0x002016F8, sceDeci2Close - Packs the channel identifier for Deci2Call command one and returns the close operation status
0x00201720, sceDeci2ReqSend - Packs the channel identifier for Deci2Call command two and requests transmission of queued data
0x00201750, sceDeci2Poll - Invokes Deci2Call command three with no parameter block to service pending debugger traffic
0x00201778, sceDeci2ExRecv - Packs two receive pointers and a 16-bit length for Deci2Call command minus five
0x002017B0, sceDeci2ExSend - Packs two send pointers and a 16-bit length for Deci2Call command minus four
0x002017E8, sceDeci2ExReqSend - Packs the extended channel identifier for Deci2Call command minus three and requests transmission
0x00201818, sceDeci2ExLock - Packs the extended channel identifier for Deci2Call command minus two and acquires its lock
0x00201840, sceDeci2ExUnLock - Packs the extended channel identifier for Deci2Call command minus one and releases its lock
0x00201868, kputs - Sends the NUL-terminated kernel string through Deci2Call command four and returns the service status
0x00201890, QueueInit - Stores the queue capacity, clears its count, and points both read and write cursors at the static buffer
0x002018B8, QueuePeekWriteDone - Advances the queue write cursor and count, wrapping the cursor when it reaches the buffer end
0x002018F8, QueuePeekReadDone - Advances the queue read cursor, decrements queued count, and wraps at the buffer end
0x00201938, sceTtyHandler - Handles DECI2 TTY receive, send, and close events, moving packet bytes through the write queue and updating buffered byte counts
0x00201AD0, sceTtyWrite - Copies bytes into the TTY transmit ring, requests DECI2 sending, and returns the number accepted
0x00201C20, sceTtyRead - Copies available bytes from the TTY receive ring into the caller buffer and advances its read cursor
0x00201CF0, sceTtyInit - Flushes cache, opens DECI2 protocol 0x210 with sceTtyHandler, seeds its transmit and receive packet headers and buffers, creates a 0x100-byte queue, and reports open success
0x00201DB0, kputchar - Transforms kputchar runtime data using indexed table traversal and field selection
0x00201DE8, deci2Putchar - Buffers characters until newline or 126 bytes, terminates the line, then sends it through kputs
0x00201E98, serialPutchar - Emits carriage return before each newline, otherwise writes the character directly through kputchar
0x00201ED0, ftoi - Converts a double's magnitude bits to an integer with low-range rounding, returning 0 for underflow and saturating exponents above the supported range to 9999
0x00201F60, printfloat - Normalizes a double to decimal scientific notation, prints six fractional digits, then emits its signed exponent
0x002020C8, _printf - Formats kernel output values and emits the resulting characters through the serial console
0x00202690, kprintf - Selects serialPutchar as the output sink and formats the supplied variadic diagnostic with _printf
0x002026C8, scePrintf - Selects deci2Putchar as the output sink and formats the supplied variadic diagnostic with _printf
0x00202728, _set_sreg - Stores `*(undefined4 *)(*(int *)(param_1 + 0x10) * 4 + *(int *)(param_2 + 0x1c)) = *(undefined4 *)(param_1 + 0x14)`
0x00202748, _change_addr - Stores `*(undefined4 *)(param_2 + 8) = *(undefined4 *)(param_1 + 0x10)`
0x00202758, sceSifGetSreg - Returns `*(undefined4 *)(&soft_reg + param_1 * 4)`
0x00202770, sceSifSetSreg - Stores the supplied value in the indexed SIF software register and returns that value
0x00202790, sceSifGetDataTable - Returns `&_data_table`
0x002027A0, sceSifInitCmd - Initializes SIF command tables and packet buffers once, installs the SIF0 DMA handler, negotiates shared registers with IOP, and exchanges the initialization commands
0x00202A20, sceSifExitCmd - Invokes DisableDmac and RemoveDmacHandler to tear down SIF cmd resources and clears their dependent handles and state fields
0x00202A58, sceSifSetCmdBuffer - Stores `DAT_009918f0 = param_2` and `DAT_009918ec = param_1`; returns `uVar1`
0x00202A70, sceSifSetSysCmdBuffer - Stores `DAT_009918e8 = param_2` and `DAT_009918e4 = param_1`; returns `uVar1`
0x00202A88, sceSifAddCmdHandler - Stores `puVar1[1] = param_3` and `*puVar1 = param_2`; when `param_1 < 0`
0x00202AB8, sceSifRemoveCmdHandler - Releases SIF cmd handler records and clears their active ownership or status fields
0x00202AE0, _sceSifSendCmd - Builds a SIF command header and DMA descriptors, optionally writes back caches, and returns the DMA transfer identifier
0x00202C18, sceSifSendCmd - Sends a SIF command through _sceSifSendCmd with cache writeback and normal interrupt handling enabled
0x00202C58, isceSifSendCmd - Sends a SIF command through _sceSifSendCmd without normal cache or interrupt preparation
0x00202C98, _sceSifCmdIntrHdlr - Copies the inbound SIF packet, restarts the DMA chain, and dispatches its indexed system or user handler
0x00202DC0, sceSifWriteBackDCache - Transfers SIF back d cache between caller buffers and updates its completion state
0x00202E70, sceSifInitRpc - Initializes command transport once, configures RPC packet pools, registers end, bind, call, and other-data handlers, and performs the IOP RPC-ready handshake
0x00203010, sceSifExitRpc - Shuts down the shared SIF command transport used by RPC and clears its initialization state
0x00203038, _sceRpcGetPacket - Claims the first inactive 64-byte RPC packet under interrupt exclusion, assigns identifiers, or returns null
0x002030E0, _sceRpcFreePacket - Clears packet ownership, activity, and dependent runtime fields
0x00203100, _sceRpcGetFPacket - Returns `*(int *)(param_1 + 0x14) + iVar1 * 0x40`; after testing `*(int *)(param_1 + 0x18) == 0`
0x00203130, _sceRpcGetFPacket2 - Returns the indexed fast-packet slot when valid, otherwise allocates the next rotating fast packet
0x00203170, _request_end - Invokes iSignalSema and _sceRpcFreePacket to tear down request resources and clears their dependent handles and state fields
0x00203228, _request_rdata - Builds an RPC receive-data packet from request fields and sends SIF command 0x80000008
0x00203288, sceSifGetOtherData - Allocates an RPC packet, requests remote data synchronously or asynchronously, and returns distinct allocation, semaphore, or send errors
0x002033E0, _search_svdata - Returns `piVar2` and `(int *)0x0`; after testing `iVar3 != 0` and `piVar2 == (int *)0x0` and `iVar1 == param_1`
0x00203430, _request_bind - Tests `lVar3 == 0`; stores `*(undefined4 *)(iVar5 + 0x1c) = *(undefined4 *)(param_1 + 0x1c)` and `*(undefined4 *)(iVar5 + 0x14) = uVar1` and `*(undefined4 *)(iVar5 + 0x20) = 0x80000009`; invokes `uVar2 = _sceRpcGetFPacket(param_2)` and `lVar3 = _search_svdata(*(undefined4 *)(param_1 + 0x20),param_2)`
0x002034E0, sceSifBindRpc - Tests `lVar3 != 0` and `(param_3 & 1) == 0` and `lVar4 < 0`; stores `param_1[4] = 0` and `param_1[9] = 0` and `*param_1 = iVar5`; invokes `lVar3 = _sceRpcGetPacket(0x993280)` and `lVar4 = CreateSema(auStack_70)`; returns `uVar2`
0x00203620, _request_call - Appends a decoded RPC request to its server queue, copies call metadata, and wakes an idle server thread
0x002036B0, sceSifCallRpc - Allocates and fills an RPC call packet, writes back transfer buffers, submits it, and optionally waits synchronously
0x002038A0, sceSifCheckStatRpc - Returns one only while the client packet identifier matches an allocated active RPC packet
0x002038E0, sceSifSetRpcQueue - Initializes a six-word RPC queue node and appends it to the global queue list while interrupts are disabled
0x00203978, sceSifRegisterRpc - Initializes an RPC server descriptor and appends it to the queue's server list with interrupts disabled
0x00203A48, sceSifRemoveRpc - Invokes DIntr and EIntr to tear down SIF RPC resources and clears their dependent handles and state fields
0x00203AE0, sceSifRemoveRpcQueue - Invokes DIntr and EIntr to tear down SIF RPC queue resources and clears their dependent handles and state fields
0x00203B70, sceSifGetNextRequest - Removes and returns the head request from an RPC queue while atomically updating its pending flag
0x00203BC8, sceSifExecRequest - Calls the registered RPC service, writes back input and result caches, builds an end-command packet, and returns it by DMA or SIF command 0x80000008
0x00203D90, sceSifRpcLoop - Repeatedly dequeues RPC requests, executes each server callback, completes the request, then sleeps when empty
0x00203DD0, _sceFsIobSemaMK - Lazily creates the filesystem descriptor semaphore and returns zero or the kernel creation error
0x00203E30, new_iob - Locks the descriptor table, marks the first free entry active, unlocks it, and returns its index
0x00203EB8, get_iob - Validates and locks an active filesystem descriptor entry, returning its record or null for invalid handles
0x00203F28, _sceFs_Rcv_Intr - Stores the filesystem RPC completion value and signals the waiting semaphore from interrupt context
0x002042E8, _sceFsSemInit - Creates the filesystem semaphore with initial and maximum count 1 only when _fs_semid is still -1
0x00204338, _sceFsWaitS - Initializes the filesystem semaphore when necessary, then waits on it unless the operation is asynchronous
0x00204368, _sceFsSigSema - Signals the filesystem synchronization semaphore and returns the kernel semaphore operation status
0x00204378, scePowerOffHandler - Locks filesystem command 0x1B, initializes FS if needed, atomically replaces the power-off callback data pair, signals the FS semaphore, and returns the previous data pointer
0x00204408, _sceFs_Poff_Intr - Sets the filesystem power-off request flag when the incoming SIF command value equals one
0x00204438, sceFsInit - Starts SIF RPC, installs filesystem power-off handlers, binds server 0x80000001, clears local I/O descriptors, queries the server version, and marks FS initialized
0x00204600, _fs_version - Queries filesystem RPC version once, validates its signature, and caches whether extended commands are supported
0x00204690, sceFsReset - Zeroes the complete filesystem I/O descriptor table and returns the cleared table base
0x002046C8, sceOpen - Initializes filesystem RPC state, opens the requested path, and records its IOP descriptor
0x00204950, sceClose - Waits for filesystem RPC completion, closes the selected IOP descriptor, and releases its table entry
0x00204AD0, sceLseek - Locks the file record, submits RPC seek command three with descriptor, offset, and whence, then unlocks it
0x00204D08, sceRead - Reads bytes from the selected IOP file descriptor after synchronizing filesystem RPC state
0x00204F78, sceWrite - Writes bytes to the selected IOP file descriptor after synchronizing filesystem RPC state
0x00205238, sceIoctl - Locks the file record, marshals descriptor, command, and argument into the RPC buffer, then returns the IOP status
0x00205588, sceIoctl2 - Marshals descriptor, command, input, and output buffers for extended ioctl RPC and returns the IOP status
0x00205768, _sceCallCode - Initializes filesystem RPC, submits a path-based command selector, waits for completion, and returns the IOP result
0x00205910, sceRemove - Dispatches the filesystem remove operation through _sceCallCode using its fixed RPC selector
0x00205930, sceMkdir - Copies the pathname and mode into the filesystem RPC buffer, submits mkdir, and returns its IOP result
0x00205AE0, sceRmdir - Dispatches filesystem command seven with the pathname and returns the remote directory-removal status
0x00205B00, sceFormat - Marshals device, block device, arguments, and optional data for filesystem format RPC command ten
0x00205D70, sceAddDrv - Tests `_fs_init == 0` and `lVar3 < 0` and `iVar1 == 0`; stores `DAT_0099330c = param_1` and `DAT_00993304 = auStack_60` and `DAT_00993308 = 4`; invokes `_sceFsWaitS(0xf)` and `sceFsInit()`; returns `auStack_60[0]`
0x00205E90, sceDelDrv - Dispatches filesystem command thirteen with the driver name and returns the remote deletion status
0x00205EB0, sceDopen - Opens a directory through RPC command fourteen and allocates a local descriptor for its IOP handle
0x00205F78, sceDclose - Locks the directory descriptor, submits RPC close command fifteen, then releases its local table entry
0x002060E0, sceDread - Locks a directory descriptor, reads one remote directory record, copies it out, then unlocks
0x00206238, sceGetstat - Submits pathname status RPC command seventeen, copies the returned stat structure, and returns the IOP result
0x002063D8, sceChstat - Copies selected stat fields and mask into RPC command eighteen, then returns the remote update status
0x00206618, sceRename - Copies old and new pathnames into RPC command nineteen and returns the remote rename status
0x00206808, sceChdir - Dispatches filesystem command twenty with the pathname and returns the remote directory-change status
0x00206828, sceSync - Waits for outstanding filesystem RPC work and returns its completion status
0x002069C0, sceMount - Initializes filesystem RPC state and mounts the requested device through the IOP service
0x00206C30, sceUmount - Dispatches filesystem command twenty-two with the mount path and returns the remote unmount status
0x00206C50, sceLseek64 - Locks the file descriptor, submits a signed 64-bit seek request, and reconstructs the returned offset
0x00206E88, sceDevctl - Marshals device command plus input and output buffers for RPC command twenty-four and returns its status
0x002070C0, sceSymlink - Copies target and link pathnames into RPC command twenty-five and returns the remote creation status
0x002072A0, sceReadlink - Submits readlink RPC command twenty-six, copies the returned target into the caller buffer, and returns its length
0x00207468, sceSifInitIopHeap - Repeatedly binds IOP heap server 0x80000003 until its server pointer appears, then clears _bind and returns 0 or -1 on bind failure
0x002074F0, sceSifAllocIopHeap - Sends allocation size through IOP heap RPC function 1 and returns the remote address, or 0 when unbound or the RPC fails
0x00207560, sceSifAllocSysMemory - Sends allocation type, size, and optional address through heap RPC function 4 and returns the remote pointer or 0 on failure
0x002075E0, sceSifFreeSysMemory - Invokes sceSifCallRpc to tear down SIF sys memory resources and clears their dependent handles and state fields
0x00207658, sceSifFreeIopHeap - Frees the specified IOP heap allocation by issuing system-memory RPC operation two
0x00207678, sceSifLoadIopHeap - Loads a file directly into IOP heap memory through RPC and returns its allocated IOP address
0x00207768, _lf_bind - Tests `_bind_check < 0` and `lVar3 = sceSifBindRpc(0x994a40,0xffffffff80000006,0), -1 < lVar3` and `DAT_00994a64 != 0`; computes `_bind_check = 0` and `lVar3 = sceSifCallRpc(0x994a40,0xff,0,0,0,0x994840,4,0)`; invokes `lVar3 = sceSifCallRpc(0x994a40,0xff,0,0,0,0x994840,4,0)`; returns `0xfffeffff` and `0` and `uVar1`
0x00207868, _lf_version - Queries loadfile module version, verifies its response tag, and caches support for extended operations
0x002078F8, sceSifLoadFileReset - Zeroes the loadfile RPC client descriptor, buffers, bind state, and cached version information
0x00207930, _sceSifLoadModuleBuffer - Marshals an IOP module image and arguments, invokes loadfile RPC, and returns its module identifier
0x00207B38, sceSifStopModule - Invokes _lf_version and sceSifCallRpc to tear down SIF module resources and clears their dependent handles and state fields
0x00207D40, sceSifUnloadModule - Verifies extended loadfile support, sends module identifier with RPC function seven, and returns its result
0x00207DD0, sceSifSearchModuleByName - Copies a bounded module name into the RPC buffer, invokes function eight, and returns its identifier
0x00207E70, sceSifSearchModuleByAddress - Sends an IOP address through loadfile RPC function nine and returns the containing module identifier
0x00207F00, sceSifLoadModuleBuffer - Loads an IOP-resident module image without starting it, using loadfile RPC operation six
0x00207F20, sceSifLoadStartModuleBuffer - Loads and starts an IOP-resident module image using loadfile RPC operation six
0x00207F40, _sceSifLoadModule - Copies module path and bounded arguments into loadfile RPC storage, then loads or starts the module
0x00208168, sceSifLoadModule - Loads a module path with arguments but leaves execution stopped through the shared loadfile routine
0x00208188, sceSifLoadStartModule - Loads and starts a module path with arguments through the shared loadfile routine
0x002081A8, _sceSifLoadElfPart - Copies an ELF path and section selector into RPC storage, loads it, and fills execution addresses
0x002082B0, sceSifLoadElfPart - Loads selected ELF sections through loadfile RPC while preserving the caller's section selector
0x002082D0, sceSifLoadElf - Loads all ELF sections through loadfile RPC and fills the supplied execution-data record
0x002082F8, sceSifGetIopAddr - Requests translation of an EE pointer through IOP-heap RPC and returns the mapped IOP address
0x002083E8, sceSifSetIopAddr - Encodes an 8-, 16-, or 32-bit IOP address value into the RPC buffer, sends command 2, and returns distinct validation, RPC-failure, or success status codes
0x002084C8, sceSifResetIop - Stops SIF DMA, copies the reboot command line and mode into a 0x68-byte reset packet, DMA-sends it to IOP, clears handshake registers, and reports whether DMA started
0x00208608, sceSifIsAliveIop - Reads SIF register 0x80000000 and returns whether the IOP has published its alive value
0x00208630, sceSifSyncIop - Waits until the IOP alive register changes, then clears ttyinit and returns synchronization success
0x00208668, sceSifRebootIop - Shuts down RPC, resets the IOP with the requested image, then reinitializes RPC after synchronization
0x00208778, SetTLBHandler - Computes `_kTLBRefillHandler = (undefined4)param_1`; invokes `SetVTLBRefillHandler(1,0x208c80)` and `SetVTLBRefillHandler(2,0x208c80)`; returns `param_1`
0x002087D8, SetDebugHandler - Tests `uVar2 < 0xd` and `uVar2 < 3`; stores `*(undefined4 *)(_kDebugHandler + (int)param_1 * 4) = param_2`; invokes `SetVTLBRefillHandler(param_1,0x208ec0)` and `SetVCommonHandler(param_1,0x208ec0)`; returns `uVar1`
0x00208860, Copy - Dispatches PS2 kernel syscall 0x5A for the copy operation
0x00208870, kCopy - Copies length divided by four 32-bit words from source to destination and returns zero
0x002088A8, GetEntryAddress - Dispatches PS2 kernel syscall 0x5B for the get entry address operation
0x002088B8, setup - Dispatches PS2 kernel syscall 0x74 for the setup operation
0x002088C8, InitTLBFunctions - Installs TLB syscall and exit-handler hooks, copies the 0x328-byte kernel helper block to KSEG0, flushes caches, and resolves four additional kernel entry addresses
0x00208980, PutTLBEntry - Dispatches PS2 kernel syscall 0x55 for the put TLB entry operation
0x00208990, iPutTLBEntry - Dispatches PS2 kernel syscall 0xFFFFFFFFFFFFFFAB for the i put TLB entry operation
0x002089A0, _SetTLBEntry - Dispatches PS2 kernel syscall 0x56 for the set TLB entry operation
0x002089B0, SetTLBEntry - Tests `param_1 - 0xdU < 0x23`; computes `uVar1 = _SetTLBEntry()` and `uVar1 = 0xffffffffffffffff`; invokes `uVar1 = _SetTLBEntry()`; returns `uVar1`
0x002089E0, iSetTLBEntry - Dispatches PS2 kernel syscall 0xFFFFFFFFFFFFFFAA for the i set TLB entry operation
0x002089F0, GetTLBEntry - Dispatches PS2 kernel syscall 0x57 for the get TLB entry operation
0x00208A00, iGetTLBEntry - Dispatches PS2 kernel syscall 0xFFFFFFFFFFFFFFA9 for the i get TLB entry operation
0x00208A10, ProbeTLBEntry - Dispatches PS2 kernel syscall 0x58 for the probe TLB entry operation
0x00208A20, iProbeTLBEntry - Dispatches PS2 kernel syscall 0xFFFFFFFFFFFFFFA8 for the i probe TLB entry operation
0x00208A30, ExpandScratchPad - Dispatches PS2 kernel syscall 0x59 for the expand scratch pad operation
0x00208A40, InitTLB - Selects InitTLB32MB when GetMemorySize returns 32 MiB and otherwise calls the standard ROM _InitTLB routine
0x00208A80, InitTLB32MB - Programs kernel, default, and expansion TLB tables within 48 slots, updates Wired, fills unused entries with invalid mappings, and exits on table overflow
0x00208C80, _kTLBException - Saves kernel exception registers, calls the installed TLB refill handler, then resumes through the common exit path
0x00208DC0, _kExitTLBHandler - Restores exception return and processor status registers, then returns the saved kernel result register
0x00208EC0, _kDebugException - Saves exception context, selects the debug handler by cause code, invokes it, then restores execution state
0x00208FE0, DIntr - Transforms d intr runtime data using indexed table traversal and field selection
0x00209028, EIntr - Sets CP0 Status interrupt-enable bit sixteen and returns the previous status register value
0x00209040, supplement_crt0 - Creates topSema once, records its identifier, and returns zero or the semaphore creation error
0x00209088, kFindAddress - Returns `piVar2`; after testing `iVar1 != param_1`; with `piVar2 = (int *)0x80000000` and `iVar1 = iRam80000000`
0x002090C0, FindAddress - Dispatches PS2 kernel syscall 0x83 for the find address operation
0x002090D0, GetSystemCallTableEntry - Resolves the syscall table through FindAddress after setup and returns the entry pointer for the requested index
0x00209110, setup - Dispatches PS2 kernel syscall 0x74 for the setup operation
0x00209120, _setup - Issues syscall 0x74 and returns the `_SyscallEntry + index * 4` dispatch-table address
0x00209140, _InitSys - Runs CRT supplementation and syscall-table discovery, then installs alarm, thread, ExecPS2, and TLB kernel support
0x00209180, setup - Dispatches PS2 kernel syscall 0x74 for the setup operation
0x00209190, Copy - Dispatches PS2 kernel syscall 0x5A for the copy operation
0x002091A0, kCopy - Copies length divided by four 32-bit words from source to destination and returns zero
0x002091D8, GetEntryAddress - Dispatches PS2 kernel syscall 0x5B for the get entry address operation
0x002091E8, PatchIsNeeded - Returns `(auStack_2c[0] >> 0xd & 7) == 0` according to the explicit return paths; stores `auStack_2c[0] = uStack_30 & 0xffff1fff | 0x2000`
0x00209250, InitExecPS2 - When the ROM requires patches, installs SysExecPS2Entry and three resolved kernel hooks, copies 0x7A8 bytes to KSEG0, and flushes instruction and data caches
0x00209300, TerminateLibrary - Selects standard or 32-megabyte TLB initialization according to the installed memory size
0x00209308, ExecPS2 - Terminates registered libraries and transfers control to _ExecPS2 with the original four arguments
0x00209368, LoadExecPS2 - Terminates registered libraries and invokes _LoadExecPS2 with the executable path, argument count, and argument vector
0x002093B0, Exit - Invokes TerminateLibrary and _Exit to tear down exit resources and clears their dependent handles and state fields
0x002093D8, ExecOSD - Terminates registered libraries before handing its two arguments to the ROM OSD launcher
0x00209410, sceGsResetGraph - Resets GS display state, configures CRT mode, and removes any installed vertical-sync handler
0x002095A0, sceGsGetGParam - Returns the shared GS display-parameter structure used by graph and environment setup
0x002095B0, sceGsResetPath - Resets VIF1 and GIF control registers and restores the initial VIF register sequence
0x00209618, sceGsSetDefDispEnv - Constructs a GS display environment from framebuffer geometry and the active video mode
0x00209888, sceGsPutDispEnv - Writes the supplied display environment into the active GS display and background registers
0x00209948, sceGszbufaddr - Computes a depth-buffer base from display width, framebuffer page count, and the requested drawing-buffer index
0x00209A10, sceGsSetDefDrawEnv - Constructs a GS drawing environment containing framebuffer, clipping, depth, and test registers
0x00209BF8, sceGsPutDrawEnv - Copies the supplied drawing environment into the active GS packet or register state
0x00209CE0, sceGsSyncV - Waits for the requested vertical-sync edge and updates the GS field parity and frame counters
0x00209D78, sceGsSyncPath - Polls GIF and VIF path registers until idle, reporting a diagnostic if the timeout expires
0x0020A090, sceGsSetDefLoadImage - Builds IMAGE-mode GIF transfer registers from destination base, width, pixel format, rectangle, and coordinates
0x0020A278, sceGsSetDefStoreImage - Transfers GS set def image between caller buffers and updates its completion state
0x0020A3B8, sceGsExecLoadImage - Submits a host-to-local GS image transfer in chunks, handling alignment and waiting for GIF path availability
0x0020A538, sceGsExecStoreImage - Computes transfer size from GS pixel format, sends the store-image setup by VIF1 DMA, reads full and partial quadwords from the FIFO, restores GS/VIF registers, and returns -1 on timeout
0x0020ABC8, sceGsSyncVCallback - Installs or replaces the vertical-sync callback atomically and returns the previously registered callback pointer
0x0020AC68, sceVif1PkInit - Initializes a VIF1 packet descriptor with its output buffer and cleared open-command state
0x0020AC78, sceVif1PkReset - Resets the VIF1 packet cursor to its buffer start and clears the open-command pointer
0x0020AC88, sceVif1PkTerminate - Aligns the VIF1 packet cursor, patches the previous DMA tag count, and clears the open-command pointer
0x0020ACE0, sceVif1PkSize - Returns the VIF1 packet length measured in 16-byte quadwords
0x0020ACF8, sceVif1PkCnt - Finalizes the prior packet command, emits a CNT DMA tag, and advances the VIF1 packet state
0x0020AD50, sceVif1PkRef - Finalizes the prior packet command, emits a REF DMA tag with metadata, and advances the VIF1 packet state
0x0020ADE8, sceVif1PkEnd - Finalizes the previous command, emits an END DMA tag, and advances the VIF1 packet cursor
0x0020AE40, sceVif1PkOpenUpkCode - Opens a VIF unpack command and records its format, dimensions, and destination parameters
0x0020AED0, sceVif1PkCloseUpkCode - Closes the VIF unpack command by calculating and patching its element count
0x0020AF28, sceVif1PkOpenDirectCode - Aligns the packet, opens a DIRECT command, and records its header for later size patching
0x0020AF80, sceVif1PkCloseDirectCode - Closes the DIRECT command by patching its quadword count and clearing the open-command pointer
0x0020AFB0, sceVif1PkOpenGifTag - Appends the supplied 128-bit GIF tag, advances the packet cursor, and records its address for later patching
0x0020AFC8, sceVif1PkCloseGifTag - Clears gif tag ownership, activity, and dependent runtime fields
0x0020B070, sceVif1PkReserve - Advances the VIF packet cursor by the requested count of 32-bit words without writing data
0x0020B088, sceVif1PkAlign - Transforms VIF 1 pk align runtime data using indexed table traversal and field selection
0x0020B108, sceVif1PkAddCode - Stores `*puVar1 = param_2` and `*param_1 = (int)(puVar1 + 1)`
0x0020B120, sceVif1PkAddDataN - Stores `*puVar2 = uVar1` and `*param_1 = puVar2`; when `param_3 != 0`
0x0020B160, sceVif1PkAddUpkData128 - Appends one 128-bit value at the VIF packet cursor and advances it by sixteen bytes
0x0020B1B0, sceVif1PkAddGsData - Appends one 64-bit value at the VIF packet cursor and advances it by eight bytes
0x0020B1D8, sceVif1PkAddGsAD - Appends a 64-bit GS value plus its register identifier and advances the cursor sixteen bytes
0x0020B208, sceVif1PkRefLoadImage - Emits VIF and GIF commands referencing image payload chunks for a GS host-to-local transfer
0x0020B3F0, sceVif1PkOpenDirectHLCode - Aligns the VIF1 packet to two words, appends DIRECT code 0x51000000 or DIRECTHL 0xD1000000, and records that command pointer at context offset 0xC
0x0020B448, sceVif1PkCloseDirectHLCode - Clears direct hlcode ownership, activity, and dependent runtime fields
0x0020B478, sceVif1PkAddUpkData128N - Copies the requested number of 128-bit unpack values into the packet and advances its cursor
0x0020B4F0, sceVif1PkAddDirectDataN - Copies the requested number of 128-bit DIRECT payload values into the packet and advances its cursor
0x0020B568, sceVif1PkAddGsPacked - Appends one packed 128-bit GS payload at the current VIF packet cursor
0x0020B580, _send_to_iop - Waits for the previous pad DMA, synchronizes the source cache, then starts a new SIF transfer
0x0020B698, scePadInit - Binds pad servers 0x80000100 and 0x80000101, checks that padman major version is 4, and calls scePadInit2 or prints a version mismatch
0x0020B7D8, scePadInit2 - Zeros four pad-slot records, submits initialization RPC operation 0x10, and returns the server result or 0 if the call fails
0x0020B878, scePadEnd - Invokes sceSifCallRpc to tear down pad resources and clears their dependent handles and state fields
0x0020B8F8, scePadPortOpen - Requires a 64-byte-aligned buffer, seeds its two 0x80-byte DMA halves, opens the port by RPC, and stores buffer, IOP handle, and DMA metadata in the port table
0x0020BAE0, scePadPortClose - Invokes sceSifCallRpc to tear down pad port resources and clears their dependent handles and state fields
0x0020BB98, scePadGetDmaStr - Synchronizes the selected pad's 256-byte DMA area and returns whichever 128-byte half has the newer frame
0x0020BBF8, scePadGetFrameCount - Returns the current DMA frame counter for an open pad slot, or zero when closed
0x0020BC48, scePadRead - Copies the current pad packet from the newest DMA half and returns its reported data length
0x0020BCC8, scePadGetState - Returns the pad connection state, translating stable state six with request two into state five
0x0020BD40, scePadStateIntToStr - Copies the table string for states zero through seven, otherwise writes an empty destination string
0x0020BD78, scePadSetReqState - Tests `iVar1 != 0`; stores `*(undefined1 *)(iVar2 + 0x71) = param_3`; invokes `iVar2 = scePadGetDmaStr(param_1)`; returns `iVar1 != 0`
0x0020BDE0, scePadGetReqState - Returns the request-state byte at DMA offset 0x71 for an open pad slot, otherwise zero
0x0020BE30, scePadReqIntToStr - Copies the table string for valid request states, otherwise writes an empty destination string
0x0020BE68, scePadInfoAct - Returns actuator count or indexed actuator attributes from the current stable pad DMA record
0x0020BF88, scePadInfoComb - Returns combination count or indexed combination attributes from the current stable pad DMA record
0x0020C0A8, scePadInfoMode - Queries current mode, mode count, mode identifier, or indexed mode table values from pad DMA state
0x0020C1E0, scePadSetMainMode - Sends pad RPC operation 1 with port, slot, mode, and lock values, sets request state 2 when the server accepts it, and returns the server result
0x0020C298, scePadSetActDirect - Tests `*(char *)(iVar2 + 0x72) == '\x01'`; stores `*puVar5 = *puVar3` and `*(undefined4 *)(iVar2 + 4) = 1` and `*(undefined4 *)(iVar2 + 8) = 6`; invokes `iVar2 = scePadGetDmaStr()` and `lVar4 = gcc2_compiled_(param_1,param_2)`; returns `bVar1`
0x0020C358, scePadSetActAlign - Tests `iVar4 < 6); lVar2 = sceSifCallRpc(0x9969c0,1,0,0x996c00,0x80,0x996c00,0x80,0); if (lVar2 < 0` and `DAT_00996c14 == 1`; stores `DAT_00996c04 = (undefined4)param_1` and `DAT_00996c08 = (undefined4)param_2` and `*puVar3 = *puVar1`; invokes `lVar2 = sceSifCallRpc(0x9969c0,1,0,0x996c00,0x80,0x996c00,0x80,0)` and `scePadSetReqState(param_1,param_2,2)`; returns `iVar4`
0x0020C430, scePadGetButtonMask - Assembles the four button-capability bytes at offsets 0x79 through 0x7C into a 32-bit mask
0x0020C4E8, scePadSetButtonInfo - Tests `lVar2 < 0` and `_DAT_00996c10 == 1`; stores `DAT_00996c04 = (undefined4)param_1` and `DAT_00996c08 = (undefined4)param_2` and `DAT_00996c0c = param_3`; invokes `lVar2 = sceSifCallRpc(0x9969c0,1,0,0x996c00,0x80,0x996c00,0x80,0)` and `scePadSetReqState(param_1,param_2,2)`; returns `iVar1`
0x0020C598, scePadInfoPressMode - Reports pressure-mode support when the open pad's button capability mask equals 0x3FFFF
0x0020C5F8, scePadEnterPressMode - Enables all pressure-sensitive buttons by submitting button mask 0xFFF for an open pad slot
0x0020C650, scePadExitPressMode - Invokes scePadSetButtonInfo to tear down pad press mode resources and clears their dependent handles and state fields
0x0020C6A8, scePadSetVrefParam - Tests `lVar2 < 0` and `DAT_00996c1c == 1`; stores `DAT_00996c04 = (undefined4)param_1` and `DAT_00996c08 = (undefined4)param_2` and `DAT_00996c14 = *(undefined4 *)(param_3 + 1)`; invokes `lVar2 = sceSifCallRpc(0x9969c0,1,0,0x996c00,0x80,0x996c00,0x80,0)` and `scePadSetReqState(param_1,param_2,2)`; returns `iVar1`
0x0020C778, scePadGetPortMax - Issues pad RPC command twelve and returns the reported maximum port count, or zero on transport failure
0x0020C7E0, scePadGetSlotMax - Issues pad RPC command thirteen for a port and returns its slot count, or zero on failure
0x0020C848, scePadGetModVersion - Issues pad RPC command fourteen and returns the module version, or zero on transport failure
0x0020C8B0, scePadSetWarningLevel - Tests `lVar2 < 0`; stores `DAT_00996c04 = param_1`; invokes `lVar2 = sceSifCallRpc(0x9969c0,1,0,0x996c00,0x80,0x996c00,0x80,0)`; returns `uVar1`
0x0020C918, CB_DelayTh - Signals the CD delay semaphore from an alarm callback and returns the interrupt-safe semaphore status
0x0020C940, sceCdDelayThread - Lazily creates a delay semaphore, arms an alarm for the requested duration, then waits for its callback
0x0020C9A8, sceCdCallback - If no CD command is active, atomically installs the supplied completion callback and returns the previous callback; otherwise returns null
0x0020CA00, _sceCd_cd_callback - Records the completed CD command number, signals the NCMD semaphore and callback thread when applicable, handles command 0x0B specially, then clears sceCdCbfunc_num
0x0020CAA0, _Cdvd_cbLoop - Waits for CD callback events, invokes the registered callback with command and reason, then exits when requested
0x0020CB60, sceCdInitEeCB - Changes an existing CD callback thread's priority or creates and starts _Cdvd_cbLoop with the requested priority, stack address, and stack size; returns true only when newly created
0x0020CC38, _sceCd_cd_read_intr - Records completed CD command and reason bytes, then schedules the registered callback thread
0x0020CCD8, cmd_sem_init - Creates count-one NCMD and SCMD semaphores plus a count-zero callback semaphore when either command semaphore is uninitialized
0x0020CD70, cdvd_exit - Invokes SignalSema and DeleteSema to tear down cdvd resources and clears their dependent handles and state fields
0x0020CDF0, sceCdPOffCallback - Ensures the power-off service is bound, atomically installs callback and callback data, and returns the previous power-off callback
0x0020CE60, _sceCd_Poff_Intr - Records the incoming power-off reason and invokes the registered callback when one is installed
0x0020CEA0, PowerOffCB - Atomically replaces the CD power-off callback and installs its SIF command handler on first use
0x0020CF08, sceCdLayerSearchFile - Serializes CD search RPC, submits pathname and layer, copies the returned file record, and reports success
0x0020D220, sceCdSearchFile - Searches layer zero for the requested pathname and copies its CD file record on success
0x0020D240, _sceCd_ncmd_prechk - Initializes command semaphores, rejects conflicting callbacks or busy state, then locks the nonblocking-command semaphore
0x0020D3B0, sceCdNcmdDiskReady - Submits nonblocking disk-ready command five after precheck and returns the RPC response status
0x0020D448, sceCdSync - Tests or waits for nonblocking CD command completion and returns the callback reason when finished
0x0020D4E8, sceCdSyncS - Tests or waits for synchronous CD RPC completion, delaying between status polls when blocking
0x0020D558, _sceCd_scmd_prechk - Initializes command semaphores, rejects interrupt context or active commands, then locks the synchronous-command semaphore
0x0020D6C8, sceCdInit - Waits for CD idle, binds server 0x80000592, sends mode initialization RPC, then creates command semaphores and power-off support or tears CDVD down for exit mode
0x0020D9A8, sceCdDiskReady - Selects blocking or nonblocking readiness polling, serializes the request, and returns the drive's ready state
0x0020DBA0, sceCdMmode - Serializes media-mode RPC command twenty-two, writes back its request buffer, and returns the drive response
0x0020DC68, sceCdGetReadPos - Reads CD get position from the supplied source and updates its runtime metadata
0x0020DC98, sceCdRead - Validates readiness, marshals sector, count, destination, and read mode, then submits nonblocking read command one
0x0020DE78, sceCdPause - Ensures the drive is ready, submits nonblocking pause command six, and reports whether submission succeeded
0x0020DF28, sceCdGetDiskType - Serializes synchronous command three and returns the optical disc type reported by the CD module
0x0020DFC0, sceCdGetError - Serializes synchronous command one and returns the most recent CD drive error code
0x0020E058, sceCdStatus - Serializes synchronous command four and returns the current CD drive status byte
0x0020E110, sceCdBreak - After synchronous-command precheck 0x1E succeeds, sets callback number 8, issues SIF RPC command 0x16, clears the callback number, releases the command semaphore, and always returns 0
0x0020E1C8, _sceCdSetTimeout - Tests `lVar1 != 0` and `lVar1 < 0`; stores `DAT_004ad044 = param_2`; invokes `lVar1 = _sceCd_scmd_prechk(0x25)` and `sceSifWriteBackDCache(0x4ad040,8)`; returns `0`
0x0020E2A0, sceCdReadDvdDualInfo - Queries dual-layer status and layer-one start sector, storing both values through caller pointers
0x0020E358, sceCdPowerOff - After synchronous-command precheck 0x21 succeeds, issues SIF RPC command 0x21, writes 0 to the caller's result word only on RPC success, releases the command semaphore, and always returns 0
0x0020E410, sceCdReadClock - Serializes the read-clock command, copies the eight-byte clock record, and returns the drive success flag
0x0020E508, sceCdStInit - Issues stream command zero with buffer, bank, and sector-count parameters and returns its status
0x0020E538, sceCdStStart - Issues stream command one with the starting logical sector and returns its status
0x0020E570, sceCdStSeekF - Issues stream command two for the requested logical sector and returns its status
0x0020E5A0, sceCdStSeek - Issues stream command three for the requested logical sector and returns its status
0x0020E5D0, sceCdStStop - Issues stream command four to stop active CD streaming and returns its status
0x0020E608, sceCdStRead - Requests streamed sectors into the caller buffer, writes back its cache range, and reports sectors obtained
0x0020E790, sceCdStPause - Issues stream command five when initialized, otherwise returns zero without contacting the CD module
0x0020E7E0, sceCdStResume - Issues stream command six when initialized, otherwise returns zero without contacting the CD module
0x0020E838, sceCdStStat - Issues stream command seven and stores the returned streaming status through the caller pointer
0x0020E880, sceCdStream - Marshals a stream subcommand and arguments into nonblocking CD RPC command nine, returning submission status
0x0020E9E8, sceMcInit - Creates the registration semaphore, binds mcserv server 0x80000400, queries mcserv and mcman versions, and returns module status or version errors -0x78 and -0x79
0x0020EBA0, _lmcGetClientPtr - Returns `&mcClientID`
0x0020EBD0, sceMcChangeThreadPriority - Acquires the memory-card RPC semaphore, rejects an uninitialized client, submits command 0x14 with the requested priority, and releases the semaphore on submission failure
0x0020EC88, sceMcGetSlotMax - Locks the memory-card client, submits command twenty-one, and returns the maximum slots or an initialization error
0x0020ED48, sceMcOpen - Locks the memory-card RPC semaphore, validates service and pathname, copies up to 0x3FF path bytes, submits asynchronous open command 2, and returns detailed setup errors
0x0020EE80, sceMcMkdir - Starts memory-card open command with directory-creation mode after validating the pathname and client state
0x0020EEB8, sceMcClose - Invokes PollSema and SignalSema to tear down memory-card resources and clears their dependent handles and state fields
0x0020EF70, sceMcSeek - Tests `lVar1 < 0` and `DAT_00996f64 == 0` and `lVar1 == 0`; stores `DAT_00996fd0 = param_2` and `DAT_00996fd4 = param_3`; invokes `lVar1 = PollSema(semaidRegFunc)` and `SignalSema(semaidRegFunc)`; returns `lVar1`
0x0020F048, mceIntrReadFixAlign - Reads mce intr fix align from the supplied source and updates its runtime metadata
0x0020F0D8, sceMcRead - Starts memory-card read command six with descriptor, destination, size, and offset after locking the client
0x0020F1F8, sceMcWrite - Starts memory-card write command seven with descriptor, source, size, and offset after locking the client
0x0020F378, mcHearAlarm - Wakes the thread identifier supplied to the memory-card alarm callback and returns the interrupt-safe status
0x0020F3A0, mcDelayThread - Arms a short alarm for the current thread, sleeps, and retries if an earlier wakeup was pending
0x0020F3E8, sceMcSync - Polls or waits for memory-card RPC completion, returning command and result through optional output pointers
0x0020F4C8, mceGetInfoApdx - Copies through the output pointer via `*typeAddr = *puVar1` and `*freeAddr = puVar1[1]` and `*formAddr = puVar1[0x24]`; after testing `typeAddr != (undefined4 *)0x0` and `freeAddr != (undefined4 *)0x0` and `formAddr != (undefined4 *)0x0`; with `*typeAddr = *puVar1` and `*freeAddr = puVar1[1]`
0x0020F520, sceMcGetInfo - Starts memory-card information command one and records output pointers for type, free space, and format status
0x0020F6A8, sceMcGetDir - Starts directory enumeration command thirteen with port, slot, pathname, mode, limit, and output table
0x0020F800, mceStorePwd - Copies a bounded password string into the memory-card RPC password field and stores its length
0x0020F888, sceMcChdir - Starts memory-card directory-change command twelve and records the optional current-directory output pointer
0x0020F9D8, sceMcFormat - Starts memory-card format command four for the selected port and slot after acquiring the client semaphore
0x0020FAA0, sceMcDelete - Invokes PollSema and SignalSema to tear down memory-card resources and clears their dependent handles and state fields
0x0020FBC8, sceMcFlush - Starts memory-card flush command ten for the selected descriptor after acquiring the client semaphore
0x0020FC80, sceMcSetFileInfo - Tests `lVar1 < 0` and `DAT_00996f64 == 0` and `(param_3 == 0) || (*(char *)param_3 == '\0')`; stores `DAT_00996ff8 = param_5 & 7` and `DAT_00996f88 = param_4[1]` and `DAT_00996f90 = param_4[2]`; invokes `lVar1 = PollSema(semaidRegFunc)` and `SignalSema(semaidRegFunc)`; returns `lVar1`
0x0020FE58, sceMcRename - Copies the replacement name into file-info storage and starts command fourteen with rename flag 0x10
0x0020FFC0, sceMcUnformat - Starts memory-card unformat command five for the selected port and slot under the client semaphore
0x00210088, sceMcGetEntSpace - Starts command eighteen to query directory entry capacity for a pathname on the selected card
0x002101A0, setD3_CHCR - Stores `REG_DMAC_ENABLEW = uVar1 | 0x10000` and `REG_DMAC_3_IPU_FROM_CHCR = param_1` and `REG_DMAC_ENABLEW = uVar1 & 0xfffeffff`; invokes `DIntr()` and `EIntr()`
0x00210208, setD4_CHCR - Masks interrupts, sets DMAC ENABLEW bit 0x10000, writes the requested value to REG_DMAC_4_IPU_TO_CHCR, clears the enable bit, and restores interrupts
0x00210270, sceIpuStopDMA - Invokes setD4_CHCR and setD3_CHCR to tear down IPU DMA resources and clears their dependent handles and state fields
0x00210358, sceIpuRestartDMA - Restores saved IPU input and output DMA registers, reissues the interrupted command, and restarts valid channels
0x002104A8, sceIpuSync - Tests IPU busy state immediately or blocks until input and output DMA channels become idle
0x00210510, setD4_CHCR - Masks interrupts, sets DMAC ENABLEW bit 0x10000, writes the requested value to REG_DMAC_4_IPU_TO_CHCR, clears the enable bit, and restores interrupts
0x00210578, sceIpuInit - Stops input DMA, resets and polls IPU control, streams the supplied IQ and VQ tables through the FIFO with commands 0x50000000 and 0x60000000, and waits for each command to finish
0x002107B0, _motionComp0 - Selects MPEG motion-compensation routines from macroblock flags, resolves reference planes, and reports unsupported combinations
0x00210A00, _getAllRefs - Computes luma and chroma reference addresses for frame or field prediction, rejecting invalid motion-vector modes
0x00211108, _getRef0 - Copies through the output pointer via `piVar10[1] = iVar8 + iVar13 * -0x10` and `*piVar10 = iVar4 + (param_4 + param_5) * 0x20` and `piVar10[2] = param_6` and `piVar10[2] = iVar8`; after testing `param_11 != 0` and `(param_10 & 1) == 0` and `iVar5 + (param_6 << (param_11 & 0x1f)) < 0x11`; with `piVar10[1] = iVar8 + iVar13 * -0x10` and `*piVar10 = iVar4 + (param_4 + param_5) * 0x20`
0x00211528, _doMC - Dispatches the selected motion-compensation kernel, optionally averages its prediction with the existing macroblock, and reports errors
0x00211748, _rix_000 - Transforms rix 000 runtime data using indexed table traversal and field selection
0x002117C0, _ri0_000 - Transforms ri 0 000 runtime data using indexed table traversal and field selection
0x00211858, _rix_001 - Transforms rix 001 runtime data using indexed table traversal and field selection
0x00211910, _ri0_001 - Transforms ri 0 001 runtime data using indexed table traversal and field selection
0x002119E0, _rix_010 - Transforms rix 010 runtime data using indexed table traversal and field selection
0x00211A90, _ri0_010 - Transforms ri 0 010 runtime data using indexed table traversal and field selection
0x00211B48, _rix_011 - Transforms rix 011 runtime data using indexed table traversal and field selection
0x00211C40, _ri0_011 - Transforms ri 0 011 runtime data using indexed table traversal and field selection
0x00211D40, _rix_100 - Transforms rix 100 runtime data using indexed table traversal and field selection
0x00211DE0, _ri0_100 - Transforms ri 0 100 runtime data using indexed table traversal and field selection
0x00211E90, _rix_101 - Transforms rix 101 runtime data using indexed table traversal and field selection
0x00211F70, _ri0_101 - Transforms ri 0 101 runtime data using indexed table traversal and field selection
0x00212058, _rix_110 - Transforms rix 110 runtime data using indexed table traversal and field selection
0x00212130, _ri0_110 - Transforms ri 0 110 runtime data using indexed table traversal and field selection
0x00212200, _rix_111 - Transforms rix 111 runtime data using indexed table traversal and field selection
0x00212320, _ri0_111 - Transforms ri 0 111 runtime data using indexed table traversal and field selection
0x00212438, _copyAddRefImage - Adds paired signed halfword prediction blocks, clamps samples to 0..255, packs bytes, and writes 384 output bytes
0x00212498, _copyRefImage - Clamps 384 signed halfword reference samples to 0..255, packs them as bytes, and writes the destination block
0x002124F8, _ipuSetMPEG1 - Replaces IPU_CTRL bit 23 with the requested MPEG-1 mode flag while preserving all other bits
0x00212520, _waitBdecOut - Waits for BDEC and output DMA completion, dispatching MPEG callbacks while stalled and returning decode state
0x00212710, _dmVector - Executes IPU variable-length decode mode three and returns its decoded dual-prime motion value
0x00212730, _dualPrimeVector - Derives one or two dual-prime prediction vectors using rounded halves, field parity, and picture structure
0x002128B8, _mbAddressIncrement - Tests `uVar2 == 0x22` and `uVar2 < 0x23` and `uVar2 == 0`; stores `*(undefined4 *)((int)param_1 + 0x11c) = 1`; invokes `uVar2 = _ipuVdec(param_1,0)` and `lVar3 = _peepBit(param_1,0xb)`; returns `1` and `iVar4`
0x002129C8, _pictureData0 - Decodes successive MPEG slices until the picture boundary, waiting for pending BDEC output before returning
0x00212AD0, _sliceA0 - Locates a slice start code, parses its quantizer and extension bits, then initializes macroblock coordinates
0x00212C00, _slice0 - Decodes macroblocks across a slice, skips missing addresses, and synchronizes each completed BDEC output block
0x00212DF0, _skipMB0 - Synthesizes skipped macroblocks from prior motion vectors or reports invalid skipped intra-picture data
0x00212EB0, _decMB0 - Tests `uVar5 == 0` and `(uVar5 & 0xc) == 0` and `(uVar5 & 1) != 0`; stores `REG_IPU_CTRL = uVar2 & 0xf8ffffff | *(int *)(iVar6 + 0x150) << 0x18` and `*param_2 = (uint)uVar5` and `*(undefined4 *)(iVar6 + 0x11c) = 1`; invokes `uVar5 = _ipuVdec(param_1,1)` and `_Error(param_1,0x4d5cc0)`; returns `0` and `1`
0x00213358, _decode_motion_vector - Applies motion code and residual to the predictor, wraps it within f-code range, and handles full-pel scaling
0x002133E0, _motionVectors - Decodes frame, field, or dual-prime motion-vector pairs and updates both prediction directions as required
0x00213580, _motionVector - Decodes horizontal and vertical motion codes plus residual bits, then updates the two vector predictors
0x002136D0, _sendIpuCommand - Stores the supplied IPU command value in REG_IPU_CMD
0x00213700, _waitIpuIdle - Waits for IPU command completion, periodically requesting more data, and returns the 32-bit command register
0x002137A8, _waitIpuIdle64 - Waits for IPU command completion, periodically requesting more data, and returns the full 64-bit command value
0x00213858, _ipuVdec - Waits for IPU availability, executes VDEC mode, caches TOP and bit alignment, and returns the 16-bit decode result
0x002139D0, _peepBit - Returns upcoming bits without consuming them, refreshing the cached 32-bit IPU window when insufficient bits remain
0x00213AD8, _flushBuf - Consumes the requested bit count through IPU FDEC commands and refreshes cached bit-window state
0x00213BC8, _nextBit - Returns and consumes the requested high-order bits, issuing IPU FDEC commands and refreshing the cached window
0x00213D18, _nextStartCode - Waits for IPU idle, byte-aligns the bit pointer when needed, then flushes eight bits repeatedly until the next 24-bit start-code prefix equals 1
0x00213D98, _sliceB - Skips remaining slice payload until the next start-code prefix and aligns the MPEG bitstream boundary
0x00213E00, _nextHeader - Scans start codes and dispatches sequence, group, picture, extension, or sequence-end header parsing
0x00213F10, _pictureHeader - Parses temporal reference, coding type, VBV delay, motion f-codes, and optional picture extra information
0x00213FD8, _extensionAndUserData - Iterates extension and user-data start codes, dispatching the recognized extension parser for current decoder state
0x00214100, _pictureCodingExtension - Parses f-codes, picture structure, scan flags, chroma mode, and related MPEG-2 picture coding fields
0x002142F0, _extrainfo - Consumes repeated one-prefixed eight-bit extra-information fields and then removes their terminating zero bit
0x00214338, _updateTempTackData - Reads temp tack data control fields, branches on their values, and writes the selected state updates
0x002143B0, _groupOfPicturesHeader - Parses time-code and closed-group flags, then consumes following extension and user-data sections
0x00214450, _quantMatrixExtension - Loads selected intra and non-intra quantization matrices into IPU state according to four presence bits
0x00214518, _pictureDisplayExtension - Writes picture extension command data to the active output, invoking _nextBit to obtain or submit dependent data
0x00214610, _copyrightExtension - Parses copyright identifier, original/copy flags, and three marker-separated copyright number fields
0x002146A0, _decPicture - Tests `(iVar2 == 3) && (*(int *)(iVar3 + 0x120) != 0)` and `iVar2 == 2` and `iVar2 < 3`; stores `*(undefined4 *)(iVar3 + 0x120) = 0` and `*(undefined4 *)(iVar2 + 0x28) = 1`; invokes `_Error(param_1,0x4d5d68)` and `_Error(param_1,0x4d5d88)`; returns `lVar1`
0x00214770, _outputFrame - Chooses frame or field display output according to picture structure and returns the display routine status
0x00214800, _updateRefImage - Reads ref image control fields, branches on their values, and writes the selected state updates
0x00214AB8, _isOutSizeOK - Returns `bVar2` according to `*(int *)(iVar1 + 0xe0) == 0` and `*(int *)(param_2 + 4) <= *(int *)(iVar1 + 0xdc)` and `bVar2 == false`; sets `iVar1 = (int)param_1` and `bVar2 = *(int *)(param_2 + 0xc) * *(int *)(param_2 + 0x10) <= *(int *)(iVar1 + 0xe4)`
0x00214B58, _cpr8 - Copies eight-byte output records under interrupt exclusion while updating source, destination, and remaining-count fields
0x00214DC8, _markOutput - Marks output pending, changes state to two once, and snapshots field 0x118 into timestamp field 0xAC
0x00214DF0, _getPtsDtsFlags - Copies through the output pointer via `*param_3 = *(long *)(param_2 + 0x18)` and `*param_3 = lVar7` and `*param_3 = (long)(iVar2 + (int)((ulong)(lVar7 << 0x1f) >> 0x20) + iVar6)` and `*(uint *)(param_1 + 0x90) = uVar1 + 1`; after testing `*(int *)(param_1 + 0x70) == 0` and `lVar7 < 0` and `iVar2 < 0`; with `*param_3 = *(long *)(param_2 + 0x18)` and `*param_3 = lVar7`
0x00214F80, _dispRefImage - Writes ref image command data to the active output, invoking _getPtsDtsFlags and _isOutSizeOK to obtain or submit dependent data
0x00215090, _dispRefImageField - Writes ref image field command data to the active output, invoking _getPtsDtsFlags and _isOutSizeOK to obtain or submit dependent data
0x00215248, dmaRefImage - Programs IPU-from DMA for a reference image transfer while atomically updating decoder transfer state
0x002153A0, receiveDataFromIPU - Starts an IPU output DMA into the requested buffer and records its address, quadword count, and completion state
0x00215410, _doCSC - Starts IPU color-space conversion and destination DMA, preserving channel state under interrupt exclusion
0x00215528, _ch3dmaCSC - Handles completed IPU-from DMA during color conversion, advancing buffers and scheduling the next transfer segment
0x002156A0, _doCSC2 - Installs DMA handlers, enables channels three and four, and begins asynchronous IPU color conversion
0x00215850, _ch4dma - Handles IPU-to DMA completion, updates conversion progress, and signals or starts the next output segment
0x00215958, _csc_storeRefImage - Converts a decoded reference image to output color format, dispatching callbacks while DMA segments complete
0x00215BD0, _sysbitInit - Advances the system-stream bit reader by zero bits, forcing its initial cache and cursor setup
0x00215C08, _sysbitNext - Returns the requested high-order bits from the reader's 64-bit shift register without consuming them
0x00215C28, _sysbitFlush - Flushes sysbit and records its resulting completion status
0x00215CC0, _sysbitGet - Returns the requested high-order system-stream bits and advances the reader by that bit count
0x00215D10, _sysbitMarker - Verifies the next system-stream bit is one, consumes it, and returns the marker validity flag
0x00215D58, _sysbitJump - Advances the system-stream reader by the requested byte count expressed as eight-bit units
0x00215DB0, _sysbitPtr - Converts a bit offset to its ring-buffer byte pointer and wraps it at the configured end
0x00215DE0, _type2id - Maps stream type zero through nine to its base identifier plus the requested channel index
0x00215E68, _id2type - Transforms ID 2 type runtime data using indexed table traversal and field selection
0x00216068, sceMpegDemuxPssRing - Scans pack, system, and PES start codes in a ring buffer and dispatches matching stream callbacks
0x00216360, sceMpegDemuxPss - Demultiplexes a linear PSS buffer by configuring its end as a nonwrapping ring boundary
0x00216380, sceMpegAddStrCallback - Stores `*(int *)(iVar1 + 0x48) = iVar2 + 1` and `*plVar4 = lVar3` and `*(undefined4 *)((int)plVar4 + 0x14) = param_5` and `*(undefined4 *)(plVar4 + 2) = param_4`; invokes `lVar3 = gcc2_compiled_(param_2,param_3)` and `for (iVar5 = 1`; when `0 < iVar2` and `lVar3 == *plVar4`; returns `uVar6`
0x00216478, _pack_header - Parses SCR, mux rate, stuffing bytes, and optional following system header into the pack record
0x002165C8, _system_header - Parses system rate and stream-bound entries until the next start-code prefix, storing recognized bounds
0x00216638, _PES_packet - Parses PES length, scrambling, PTS/DTS fields, payload position, and dispatches the registered stream callback
0x00216BE8, sceMpegInit - Atomically stops IPU DMA channels 3 and 4, zeros both QWC registers, and resets the IPU through sceIpuInit
0x00216C88, sceMpegCreate - Aligns and validates at least 0x10C0 bytes of workspace, initializes decoder fields and callbacks, allocates a 0x600-byte area, resets references, and wires nine internal image descriptors
0x00216E90, sceMpegDelete - Returns 1 immediately without reading arguments or releasing decoder memory
0x00216E98, sceMpegAddBs - Tests `-1 < param_3 + 0x13`; computes `iVar1 = param_3 + 0x22` and `iVar1 = param_3 + 0x13`; invokes `_sendDataToIPU(*(undefined4 *)(param_1 + 0x40),param_2,(iVar1 >> 4) << 4)`
0x00216EC0, sceMpegGetPicture - Decodes the next picture through _getpic using converted color output mode zero and caller buffer parameters
0x00216F08, sceMpegGetPictureRAW8 - Decodes the next picture through _getpic using raw eight-bit output mode one
0x00216F50, sceMpegGetPictureRAW8xy - Decodes the next picture through _getpic using raw eight-bit XY output mode two
0x00216FA0, sceMpegSetDecodeMode - Stores three caller-selected decode-mode values at internal MPEG fields 0x94, 0x98, and 0x9C
0x00216FB8, sceMpegGetDecodeMode - Copies through the output pointer via `*param_2 = *(undefined4 *)(iVar1 + 0x94)` and `*param_3 = *(undefined4 *)(iVar1 + 0x98)` and `*param_4 = *(undefined4 *)(iVar1 + 0x9c)`; with `*param_2 = *(undefined4 *)(iVar1 + 0x94)` and `*param_3 = *(undefined4 *)(iVar1 + 0x98)`
0x00216FD8, sceMpegIsEnd - Returns the 32-bit end-of-stream flag stored at MPEG object offset 0x40
0x00216FE8, sceMpegIsRefBuffEmpty - Reads and returns the object field at offset 0x40 for MPEG is ref buff empty
0x00216FF8, sceMpegReset - Resets per-picture decoder, DMA, bitstream, and reference state while retaining the allocated MPEG object
0x00217048, sceMpegClearRefBuff - Clears MPEG ref buff fields and restores their defined idle-state values
0x002170A0, sceMpegAddCallback - Stores `*(undefined4 *)(*(int *)(param_1 + 0x40) + param_2 * 8 + 0x10) = param_4` and `*puVar2 = param_3`; returns `uVar1`
0x002170C8, _dispatchMpegCallback - Reads mpeg callback control fields, branches on their values, and writes the selected state updates
0x00217118, _dispatchMpegCbNodata - Dispatches MPEG callback type zero with a null payload to request more bitstream data
0x00217140, sceMpegSetDefaultPtsGap - Stores `*(undefined8 *)(iVar1 + 0x78) = param_2` and `*(undefined4 *)(iVar1 + 0x70) = 1`
0x00217158, sceMpegResetDefaultPtsGap - Clears the internal 64-bit default PTS gap and disables its enable flag at field 0x70
0x00217168, sceMpegSetImageBuff - Stores `*(undefined4 *)(*(int *)(param_1 + 0x40) + 0xd8) = param_2`
0x00217178, sceMpegDispWidth - Reads and returns the object field at offset 0x40 for MPEG display width
0x00217188, sceMpegDispHeight - Reads and returns the object field at offset 0x40 for MPEG display height
0x00217198, sceMpegDispCenterOffX - Reads and returns the object field at offset 0x40 for MPEG display center off x
0x002171A8, sceMpegDispCenterOffY - Reads and returns the object field at offset 0x40 for MPEG display center off y
0x002171B8, sceSetBrokenLink - Stores `*(undefined4 *)(*(int *)(param_1 + 0x40) + 0xe8) = param_2`; returns `uVar1`
0x002171C8, sceSetPtm - Stores `*(undefined4 *)(iVar1 + 0xf8) = 1` and `*(undefined8 *)(iVar1 + 0xf0) = param_2`
0x002171E0, _alalcInit - Initializes the arena base, current cursor, dynamic boundary, and alignment cursor from base and size arguments
0x002171F8, _alalcSetDynamic - Stores `*(undefined4 *)(param_1 + 0xc) = *(undefined4 *)(param_1 + 8)`
0x00217208, _alalcFree - Restores the arena allocation cursor at offset eight from its saved dynamic boundary at offset twelve
0x00217218, _alalcAlloc - Aligns the allocator cursor to the requested boundary, advances it by the allocation size when within the arena, or reports error 0x4D5948 and returns 0 on overflow
0x00217288, _alalcRest - Returns remaining arena bytes as base plus size minus the current allocation cursor
0x002172A0, _getpic - Parses headers until a decodable picture, validates output capacity, then decodes or skips and returns status
0x00217410, _decodeOrSkipFrame - Updates reference-image roles, decodes eligible frame pictures, outputs completed references, and advances the picture counter
0x00217528, _decodeOrSkip - Dispatches frame or field decode handling according to picture structure and returns its decode status
0x00217570, _decodeOrSkipField - Updates MPEG reference images, conditionally decodes the requested field, validates field order, outputs the frame, advances frame counters, and returns decode, skip, or ordering status
0x002176D0, _sceMpegFlush - Emits any delayed reference frame, resets sequence output tracking, and reports whether a frame was flushed
0x00217738, _initSeqAgain - Reapplies the decoder's MPEG-1 mode flag to IPU_CTRL when beginning another sequence
0x00217748, _lastFrame - Emits the final pending frame or field reference image and reports whether any output was produced
0x002177C8, _clearOnce - Programs IPU_CTRL MPEG-1 mode from the current sequence flag during one-time decoder clearing
0x00217828, _clearEach - Clears each state for reuse and invokes DIntr and EIntr to synchronize dependent resources
0x002178E8, _ErrMessage - Invokes `iVar1 = printf("[MPEG ERROR]%s\n",param_1)`; returns `iVar1`
0x002178F8, _Error1 - Reports the supplied MPEG error string through _Error using severity or callback code one
0x00217930, _Error - Prints an MPEG error unless suppressed and dispatches its code and message through the error callback
0x00217988, _sendDataToIPU - Flushes the source cache, appends data to IPU input DMA state, and starts or extends transfer
0x00217A78, _RefImageInit - Initializes no additional state and returns one to confirm reference-image setup succeeded
0x00217A98, _sequenceHeader - Parses MPEG dimensions, aspect, frame rate, bit rate, VBV size, and optional quantization matrices
0x00217BC0, _initSeq - Rounds sequence width and height to macroblocks, reallocates three frame buffers when dimensions change, and initializes nine full- and half-height reference images
0x00217E68, _initRefImages - Computes macroblock-plane offsets and initializes nine cached reference-image addresses with uncached segment mappings
0x00217F48, _setDefaultQM - Stores `auStack_60[0] = 2` and `REG_IPU_CMD = 0` and `REG_DMAC_4_IPU_TO_MADR = param_3 & 0xfffffff`; invokes `_dispatchMpegCallback(*(undefined4 *)((int)param_1 + 0x858),auStack_60)` and `_waitIpuIdle(param_1)`
0x00218020, _sequenceExtension - Parses MPEG-2 profile, progressive, chroma, dimension-extension, rate-extension, and low-delay fields, then clears MPEG-1 mode
0x00218150, _sequenceDisplayExtension - Writes sequence extension command data to the active output, invoking _nextBit to obtain or submit dependent data
0x002181E0, _sequenceScalableExtension - Rejects unsupported sequence scalable extensions by reporting the corresponding fixed MPEG error message
0x002181F0, _unknown_extension - Rejects an unrecognized MPEG extension identifier by reporting the fixed unknown-extension error message
0x00218200, _pictureSpatialScalableExtension - Rejects unsupported picture spatial scalable extensions through the MPEG error callback
0x00218210, _pictureTemporalScalableExtension - Rejects unsupported picture temporal scalable extensions through the MPEG error callback
0x00218220, _defStopDMA - Stops both IPU DMA channels and saves their current registers into the supplied state record
0x00218230, _defRestartDMA - Restores both IPU DMA channels and resumes the saved command from the supplied state record
0x00218240, ControlEntry - Loads startup sound resources, waits for SPU DMA, shows the logo, then loops through title selections by loading the encoded overlay and calling the encoded entry address
0x002182F8, InitializeSystem - Reboots and synchronizes IOP, loads six modules, installs CD power-off handling, sets WorkEnd to 0xA80000, and initializes sound, CD, pad, card, task, DMA, geometry, render, font, movie, and menu systems
0x00218460, main - Runs global constructors, saves argc and argv, displays the boot screen, initializes all engine subsystems, creates workers, and enters thread rotation
0x002184B8, xglTimer0Reset - Clears RCNT0_COUNT and programs RCNT0_MODE with the caller mode plus enable bit 0x80
0x002184D8, xglTimer0Get - Returns `uVar1 & 0xffff`
0x002184E8, getbit1 - Returns `uVar2 >> 0x1f`; after testing `param_1[1] == 0`
0x00218530, getbits - Returns `uVar3 << (param_2 & 0x1f) | uVar2 >> (-param_2 & 0x1f)`; after testing `uVar4 < param_2`
0x002185A8, xglArxExtract - Validates an ARX header, expands table-coded 32-bit symbols into the destination, and safely handles overlapping buffers
0x002188A0, xglCreateSignal - Initializes a binary semaphore descriptor in global storage, creates it, and returns the semaphore identifier
0x002188D0, xglThreadRotate - Cycles forever through four worker thread identifiers, waking each and waiting for its completion semaphore
0x00218938, xglSleep - Sleeps the current thread, cancels stale wakeups first, and returns after another thread explicitly wakes it
0x00218968, xglThreadInitial - Creates four worker threads from the static descriptor table, assigns descending stack regions below 0x1F8000, starts each thread, and resets iCurrentThread
0x00218A68, xglFontDebugMode - Stores a nonnegative debug mode byte and patches two font environment registers with its low eight bits
0x00218AB0, xglFontGetKanjiClutUV - Returns `(uVar1 >> 5 & 0x1f) * 0x1800000 + (uVar1 & 0x1f) * 0x140`; after testing `uVar2 < 0xad` and `uVar2 < 0xb0` and `param_2 != 0`
0x00218B60, set_ot - Links the current font packet into the selected ordering-table bucket, clears its terminator, and advances the cursor
0x00218BC0, set_xyz - Tests `((param_1 < 0x300) && (-1 < param_2)) && (param_2 < 0x200)`; stores `DAT_0088119c[7] = (char)param_3` and `*pcVar1 = cVar2 + '\x01'` and `pcVar1[1] = (char)param_1`; invokes `set_ot(param_3)`
0x00218CC0, xglFontGetSPcodeSize - Returns `cVar1`; after testing `cVar1 == -1` and `param_1 == 8` and `uVar2 != 0`; with `auStack_10[0] = DAT_004dc2a0`
0x00218D70, xglFontPrintSub - Writes font helper command data to the active output, invoking xglFontGetSPcodeSize and dptofp to obtain or submit dependent data
0x00219000, xglFontPrintDirectCore - Writes font direct core command data to the active output, invoking xglFontGetSPcodeSize to obtain or submit dependent data
0x002190E8, xglFontPrintf - Writes font command data to the active output, invoking set_xyz and xglFontPrintSub to obtain or submit dependent data
0x00219138, xglFontPrint - Writes font command data to the active output, invoking set_xyz and xglFontPrintDirectCore to obtain or submit dependent data
0x00219188, xglFontPrintDirect - Prints a direct font string through ordering-table slot minus one using the caller's position and color
0x002191A8, xglFontPrintDirectOT - Writes font direct ot command data to the active output, invoking set_ot and xglFontPrintDirectCore to obtain or submit dependent data
0x002191F8, xglFontPrintExtFunc - Writes font ext func command data to the active output, invoking set_ot to obtain or submit dependent data
0x00219298, xglFontDebugPrintf - Writes font debug command data to the active output, invoking set_xyz and xglFontPrintSub to obtain or submit dependent data
0x00219378, xglFontDebugHex - Appends an eight-byte hexadecimal debug command containing digit count and big-endian value when debugging is enabled
0x00219430, buffer_reset - Initializes sixteen font packet-list nodes as empty self-relative links and clears the proportional-font mode byte
0x00219478, xglFontFlushSub - Interprets queued font commands into GIF primitives and appends their packed data to the current VIF packet
0x00219B80, xglFontFlushSubHex - Flushes queued hexadecimal font commands using the normal helper with hexadecimal rendering enabled
0x00219BA8, xglFontFlushSubCRLF - Flushes font helper crlf and records its resulting completion status
0x00219BE8, xglFontFlushCore - Flushes pending font lines, appends their GIF payload to VIF, and resets command buffers for reuse
0x0021AB78, xglFontCheckProportional - Maps selected EUC punctuation, kana, and kanji byte pairs to proportional-width table indices, returning minus one otherwise
0x0021AC78, xglFontGetProportionalSize - Returns `uVar3`; after testing `(uVar1 & 0xff) == 0xff` and `DAT_00881192 != '\0'` and `iVar2 < 0`; with `uVar1 = *(short *)(param_1 * 2 + FS + 0x78040) + 0xff` and `uVar3 = (uint)uVar1`
0x0021AD08, hex2val - Converts an ASCII decimal or hexadecimal letter to its nibble value, returning zero for invalid characters
0x0021AD60, xglFontAscii2Euc - Maps ASCII through the font table or decodes hash-prefixed hexadecimal escapes into an EUC character
0x0021AE48, xglFontReloadTexture - Closes the current DIRECT block, references the requested font texture upload packet, then reopens DIRECTHL output
0x0021B130, xglFontFlush - Obtains the current render packet, uploads required font textures, emits queued glyphs, and resets font state
0x0021B328, xglFontGetStringWidth2 - Parses font control codes and EUC characters, accumulating fixed or proportional glyph widths until the selected delimiter
0x0021B568, xglFontGetStringWidth - Measures the entire encoded font string by invoking the delimiter-aware width routine with mode zero
0x0021B580, xglFontGetLoadAddress - Reads font get address from the supplied source and updates its runtime metadata
0x0021B590, xglFontGetFlags - Returns the 16-bit font flags field DAT_00881188
0x0021B5A0, xglFontSetFlags - Stores the caller's low flag bits in global font state after forcibly clearing bit one
0x0021B5B0, xglFontLoad - Loads the font resource file into the fixed font work address and initializes its texture metadata
0x0021B620, xglFontInitial - Points FS at FontImage, loads font set 1 and window textures, resets the print buffer, and seeds font dimensions, color, and mode bytes
0x0021B6B0, xglDmaDirectNormal - Transforms DMA direct normal runtime data using indexed table traversal and field selection
0x0021B730, xglDmaDirectSrcChain - Transforms DMA direct src chain runtime data using indexed table traversal and field selection
0x0021B7B0, xglDmaBufferReset - Sets both the DMA buffer start and current cursor fields to the supplied packet address
0x0021B7C0, xglDmaBufferCnt - Transforms DMA buffer cnt runtime data using indexed table traversal and field selection
0x0021B818, xglDmaBufferRef - Appends a DMA REF tag containing the translated source address and transfer length
0x0021B840, xglDmaBufferCall - Appends a zero-length DMA CALL tag targeting the supplied address and advances the packet cursor sixteen bytes
0x0021B868, xglDmaBufferRequest - Flushes caches and submits the accumulated DMA source chain when its start and current pointers differ
0x0021B8C8, xglDmaMFIFOSetup - Configures ring base, ring size, SPR-from address, drain descriptor, and channel state for the selected MFIFO
0x0021B940, xglDmaMFIFOKick - Transforms DMA mfifo kick runtime data using indexed table traversal and field selection
0x0021B9E0, xglDmaMFIFOLeave - Waits for GS path completion, disables MFIFO mode, and restores normal DMA ring-register state
0x0021BA60, xglDmaInitial - Provides an intentional no-op entry point for DMA initial call sites
0x0021BA68, xglPadInitial - Opens pad ports 0 and 1 on fixed DMA buffers, zeros 0x68-byte pad records, configures repeat mask 0xF00C, and builds button-bit translation tables
0x0021BB80, xglPadSetRepeat - Stores `(&DAT_00490dd8)[iVar1] = param_3` and `(&DAT_00490dd9)[iVar1] = param_4` and `*(undefined2 *)(&DAT_00490dda + iVar1) = param_2`; invokes `xglPadSetRepeat(0,param_2)`
0x0021BC38, xglPadRead - Polls both controllers, decodes buttons and analog axes, and updates press, release, repeat, and actuator state
0x0021C528, xglTaskInitial - Optionally resets GS, links the supplied count of 0x80-byte task nodes into a free list, clears active-list heads, and returns the address after the pool
0x0021C5C0, xglTaskEntryPrev - Reads entry prev control fields, branches on their values, and writes the selected state updates
0x0021C638, xglTaskEntryNext - Reads entry next control fields, branches on their values, and writes the selected state updates
0x0021C6B0, xglTaskRemove - Releases task records and clears their active ownership or status fields
0x0021C718, xglTaskWaitRemove - Replaces the task callback at offset 0xC with xglTaskRemove and returns 0
0x0021C730, xglTaskExecute - Reads ute control fields, branches on their values, and writes the selected state updates
0x0021C788, xglMenuOpen - Allocates one of sixteen 0x80-byte menu slots, copies callbacks and geometry, initializes type-0 scale and per-item flags or type-1 list fields, and returns the slot index
0x0021C960, xglMenuDrawType0 - Builds menu type 0 drawing commands from calculated geometry and current render fields
0x0021C968, xglMenuDrawType1Sub - Writes menu type 1 helper command data to the active output, invoking xglFontDebugPrintf to obtain or submit dependent data
0x0021CAE0, xglMenuDrawType1 - Writes menu type 1 command data to the active output, invoking xglMenuDrawType1Sub to obtain or submit dependent data
0x0021CE08, xglMenuDraw - Writes menu command data to the active output, invoking xglMenuDrawType0 and xglMenuDrawType1 to obtain or submit dependent data
0x0021CE98, xglMenuInitial - Clears the active byte in each of sixteen 128-byte menu records
0x0021CED0, hdd_error - Closes the pending descriptor, displays the HDD error screen, and clears the active CD queue entry
0x0021CF08, xglCdPowerOffCB - Sets the global CD power-off notification byte to one when invoked
0x0021CF18, extract - Decompresses an ARX payload into its queued destination and records success, output size, or format failure
0x0021CF98, queue_next - Starts the next queued partial-file read, advances queue indices, and invokes completed or failed callbacks
0x0021D030, xglCdControlThread - Runs the permanent CD worker loop, servicing power-off, stream-ring, HDD, and disc reads, padding and extracting completed data, reporting positions, and advancing the queued request
0x0021D2C8, BCD2INT - Converts the low packed-BCD byte to decimal by multiplying its high nibble by ten
0x0021D2E8, xglClockRead - Reads the console clock, converts BCD fields to binary, adjusts timezone, and fills the game datetime structure
0x0021D380, xglClockDayTime2UInt - Converts calendar fields since 2000 to elapsed seconds, including month offsets and leap-day corrections
0x0021D430, xglClockUInt2DayTime - Transforms clock u int 2 day time runtime data using indexed table traversal and field selection
0x0021D548, xglCdDiskCheck - Returns `0xfffffffffffffffe` and `0xfffffffffffffffd` and `0` and `0xffffffffffffffff` and `(ulong)DAT_0093cc1d` according to `DAT_0093cc33 != '\0'` and `DAT_0093cc1c == '\x01'` and `lVar1 == 1` and `lVar1 != 2`; stores `DAT_0093cc1c = '\x01'` and `DAT_0093cc1d = 0x7f`
0x0021D690, xglCdDefaultCallback - Provides the default no-op callback for CD default requests
0x0021D698, xglCdDummyCallback - Provides the default no-op callback for CD dummy requests
0x0021D6A0, xglCdReset - Restores xglCdDefaultCallback, zeros control and error bytes plus StrList, pauses the drive, and waits for CD synchronization
0x0021D6E0, xglCdSetCallback - Computes `pcVar1 = callback` and `callback = xglCdDefaultCallback` and `callback = (code *)param_1`; when `param_1 == 0` and `param_1 < 1`; returns `pcVar1`
0x0021D738, xglCdGetFilePosSub - Returns `0` and `1`; after testing `cVar7 != '\0'` and `bVar1 == 0` and `(bVar1 & 0x80) == 0`
0x0021D930, xglCdGetFilePos - Resolves a file through archive tables or filesystem lookup, returning its byte offset, size, source, and descriptor
0x0021DE20, xglCdGetFileData - Resolves the file metadata and writes its byte position and size through caller-provided output pointers
0x0021DE58, xglCdGetFileSize - Resolves a file, closes any temporary descriptor, and returns its byte size or failure code
0x0021DEB8, xglCdReadFilePart - Resolves file location, queues a bounded read from the requested offset, and records callback and request state
0x0021E310, xglCdReadFile - Queues a full-file read from offset zero with no explicit length through xglCdReadFilePart
0x0021E330, xglCdReadCancel - Cancels the active CD read, closes any open descriptor, and clears request state
0x0021E400, xglCdSync - Reports whether a CD request remains active by reading the current request counter
0x0021E410, xglCdStreamOpen - Resolves file position and medium, starts disc streaming or records HDD offsets, initializes 0x800-byte ring counters, and links callback-enabled streams into StrList
0x0021E578, xglCdStreamRead - Reads requested stream bytes, handling ring wrap and advancing the consumer position and available-byte counters
0x0021E610, StreamReadRingCoreSub - Reads one contiguous ring segment from CD streaming or a normal descriptor and returns bytes obtained
0x0021E680, StreamReadRingCoreNormal - Refills a normal stream ring across wrap boundaries, updating write position, free space, and end-of-file state
0x0021E868, StreamReadRingCoreXss - Refills an XSS stream ring from CD streaming, respecting sector availability, wrap boundaries, and terminal status
0x0021EA38, xglCdStreamReadRingCore - Selects XSS or normal ring refill according to stream mode and returns the number of bytes added
0x0021EA60, xglCdStreamReadRing - Repeatedly refills the stream ring until the requested threshold, end-of-file, or an error is reached
0x0021EAD8, xglCdStreamRewind - Tests `*(byte *)(param_1 + 9) == 0` and `*(byte *)(param_1 + 9) < 3`; stores `*(undefined1 *)(param_1 + 8) = 0` and `*(undefined4 *)(param_1 + 0x18) = *(undefined4 *)(param_1 + 0x14)`; invokes `sceCdStSeek(*(undefined4 *)(param_1 + 0x10))` and `sceLseek(*(undefined4 *)(param_1 + 0x10),0,0)`; returns `0`
0x0021EB40, xglCdStreamClose - Invokes sceCdStStop and sceSifFreeIopHeap to tear down CD stream resources and clears their dependent handles and state fields
0x0021EC20, xglCdStreamParamInit - Initializes stream defaults: 64-sector buffer, 16-sector block, invalid descriptor, zero mode, counters, and flags
0x0021EC50, FileSelectListReload - Tests `*(int *)(param_1 + 0x114) != 0` and `uVar5 < *(uint *)(param_1 + 0x114)); } for (pcVar6 = (char *)(param_1 + 0x10); *pcVar6 != '\0'; pcVar6 = pcVar6 + 1` and `cVar1 != '\0'`; stores `*puVar4 = 0` and `*pcVar7 = *pcVar6` and `*pcVar7 = cVar2`; invokes `for (pcVar6 = (char *)(param_1 + 0x10)` and `uVar3 = sceOpen(acStack_120,1)`
0x0021ED70, FileSelectSub - Tests `iVar2 == 1` and `1 < iVar2` and `iVar2 == 2`; stores `*pcVar8 = '\0'` and `*(undefined1 *)(param_1 + 0x11c) = 0` and `*(undefined4 *)(param_1 + 0xc) = 1`; invokes `FileSelectListReload()`
0x0021EFF8, xglCdFileSelect - Tests `(DAT_00490dba & 0x40) == 0` and `(_DAT_00490dbc & 0x1000) == 0` and `lVar9 < 0`; stores `*(short *)(param_1 + 0x88) = (short)param_1[0x88] + -1` and `*(short *)(param_1 + 0x88) = (short)(*(ushort *)(param_1 + 0x87) + 0xffff)` and `*(short *)((int)param_1 + 0x21e) = (short)iVar10`; invokes `FileSelectSub()` and `for (piVar11 = (int *)((int)param_1 + 0x11d)`; returns `1` and `uVar5`
0x0021F480, xglCdSifLoadModule - Builds a module path, loads it through SIF, and reports or displays errors for negative module identifiers
0x0021F5A0, xglCdLoadOverlay - Loads an ELF overlay, flushes caches, and returns its execution entry and global-pointer values through outputs
0x0021F698, xglCdArcInitSub0 - Waits for disc readiness, reads one or more sectors beginning at the archive LSN with retry mode 1, and polls sceCdSync until complete
0x0021F730, xglCdArcInitSub1 - Resolves an archive file, records destination and LSN, reads its first sector and remaining header sectors, and returns header byte 0 plus one
0x0021F7B8, xglCdArcInitSub2 - Clears all archive descriptors and resets their base offsets, entry counts, and source selectors
0x0021F818, xglCdArcInit - Loads archive headers from HDD when valid or falls back among disc paths, lays multiple dual-layer headers into WorkEnd, and advances WorkEnd to an aligned post-header address
0x0021FA30, xglCdArcCheck - Revalidates archive availability by rerunning archive initialization with the caller's source-selection flags
0x0021FA68, xglCdInitial - Resets CD globals, selects DVD mode 2, reads dual-layer information and SYSTEM.CNF, mounts the HDD, initializes archive headers, and reserves their WorkEnd storage
0x0021FB58, xglMcRequest - Transforms memory-card request runtime data using indexed table traversal and field selection
0x0021FC38, xglMcGetState - Returns the 32-bit memory-card status word DAT_0093e0a4
0x0021FC48, xglMcReset - Clears memory-card overlay and worker state, then resets the current map name
0x0021FC78, xglMcEUC2SJIS - Converts an EUC-encoded memory-card string into Shift-JIS output bytes
0x0021FD10, xglMcSetMapName - Converts up to 16 two-byte EUC characters from the two name components into the global Shift-JIS map-name buffer, inserts an optional separator, and zero-pads 17 slots
0x0021FE98, xglMcWriteMapName - Transfers memory-card map name between caller buffers and updates its completion state
0x0021FED8, xglMcSetFullPath - Stores `DAT_0093e0c0 = base_0[0]` and `*pcVar4 = cVar2` and `*pcVar4 = '*'` and `pcVar4[1] = (char)((int)param_1 % 10) + '0'`; when `cVar2 != '\0'` and `param_1 < 0`; returns `&DAT_0093e0c0`
0x002200A0, execute - Advances the memory-card request state machine through device information, directory, file, and format operations
0x00220308, create_sub2 - Advances a seven-phase card-save transaction through delete, open, map-name write, payload write, and closes, storing each phase in DAT_0093e0a1 and returning 1 at completion
0x00220528, xglMcMain - Advances the asynchronous memory-card command byte through detect, close, read, write, create, and directory-scan phases, rotates card ports, and starts queued overlay requests
0x00220A28, xglMcEasyLoad - Initializes an easy-load request, checks card information, and advances the asynchronous memory-card state machine
0x00220B30, xglMcEasySave - Initializes an easy-save request, checks card capacity and formatting, then advances asynchronous save processing
0x00220C38, xglMcInitial - Initializes libmc and resets the game's memory-card queue and status records
0x00220C58, myDmaDirectFromIPU - Maps scratchpad addresses when needed, programs IPU-from MADR and QWC, then atomically starts DMA channel three
0x00220CF8, setD4_CHCR - Masks interrupts, sets DMAC ENABLEW bit 0x10000, writes the requested value to REG_DMAC_4_IPU_TO_CHCR, clears the enable bit, and restores interrupts
0x00220D58, make_gstrans - Builds GS transfer GIF packets for each sixteen-line image strip and returns the first free packet address
0x00220ED8, checkdma - Returns `0` and `uVar8` according to `*(char *)(param_1 + 0x98) == 'c'` and `bVar1 == 1` and `*(uint *)(param_1 + 0x94) <= uVar7` and `*(int *)(param_1 + 0x2c) == *(int *)(param_1 + 0x28)`; stores `*(undefined4 *)(param_1 + 0x2c) = 0` and `REG_DMAC_4_IPU_TO_TADR = param_1 + 0x70`
0x002210F0, xglMovieOpen - Configures direct-memory or streamed IPU input descriptors, validates the 'ipum' header, records macroblock width, height, and frame count, and synchronizes the decoder context
0x002212E8, xglMoviePlay - Feeds one MPEG frame through IPU DMA, transfers decoded macroblock strips to GS or RAM, preserves restart registers, handles looping and frame drops, and returns -1, 0, or 1
0x002219C8, xglMovieClose - Invokes xglCdStreamClose and setD4_CHCR to tear down movie resources and clears their dependent handles and state fields
0x00221A50, xglMovieInfoInit - Initializes CD stream fields, scratchpad buffers, sentinel frame values, and movie decoder status bytes
0x00221AA8, xglMovieMakeXtxHeader - Writes an XTX texture header from movie width, height, and frame size, returning the payload pointer
0x00221B48, fileRead - Refills the movie input ring from CD, updating write pointer and available byte count across wrap
0x00221C80, fillBuff - Refills the movie ring buffer when empty, demultiplexes available PSS bytes, and subtracts consumed data
0x00221D30, videoCallback - Copies a video packet into the circular input buffer with wraparound, advances write offset 0xA4, increments packet byte 0x9B, and returns 1 only when enough free space exists
0x00221E50, audioCallback - Parses the first audio packet header, copies payload bytes into the circular audio buffer with wraparound, advances offset 0xB8, and reports whether the packet fit
0x00221F80, nodataCallback - Refills up to 0x1000 aligned bytes into the IPU ring for the first 64 misses, then submits a cache-flushed 0x1000-word padding block and always returns 1
0x00222158, errorCallback - Prints the MPEG callback's error message string using the movie decoder diagnostic format
0x002221A0, xglMpeg2Open - Opens and primes the movie stream, creates the MPEG decoder, registers video, audio, no-data, and stop callbacks, fills the input ring, and initializes stereo VAG streaming
0x002222F0, setLoadImageTags - Reads set image tags from the supplied source and updates its runtime metadata
0x00222428, xglMpeg2Play - Decodes and uploads one MPEG2 picture, starts and refills stereo VAG audio, replenishes the stream buffer, draws the image, and returns 1 at clean end or -1 on failure
0x002226D0, xglMpeg2Close - Invokes sceMpegReset and sceMpegDelete to tear down MPEG 2 resources and clears their dependent handles and state fields
0x00222748, xglMpeg2InfoInit2 - Carves aligned picture, tag, bitstream, and 0x20000-byte audio buffers from the caller arena, initializes stream parameters, and returns the next 64-byte-aligned free address
0x00222848, xglMpeg2InfoInit - Initializes MPEG-2 movie state with the caller's stream parameters and a fixed one-megabyte work area
0x00222860, xglMovieInit - Initializes IPU hardware, DMA handlers, and MPEG callback state for later movie playback
0x00222878, xglFlagsSet - Replaces an arbitrary bitfield in DAT_00491824 and returns the field's previous masked value
0x00222938, xglFlagsSet1 - Replaces one bit at the requested DAT_00491824 bit offset through xglFlagsSet
0x00222958, xglFlagsSet2 - Replaces two bits at the requested DAT_00491824 bit offset through xglFlagsSet
0x00222978, xglFlagsSet4 - Replaces four bits at the requested DAT_00491824 bit offset through xglFlagsSet
0x00222998, xglFlagsSet8 - Replaces eight bits at the requested DAT_00491824 bit offset through xglFlagsSet
0x002229B8, xglFlagsSet16 - Replaces sixteen bits at the requested DAT_00491824 bit offset through xglFlagsSet
0x002229D8, xglFlagsSet32 - Replaces thirty-two bits at the requested DAT_00491824 bit offset through xglFlagsSet
0x002229F8, xglFlagsSet64 - Computes `lVar1 = xglFlagsSet(param_1,0x20,(int)param_2)` and `lVar2 = xglFlagsSet((int)param_1 + 0x20,0x20,param_2 >> 0x20)`; invokes `lVar1 = xglFlagsSet(param_1,0x20,(int)param_2)` and `lVar2 = xglFlagsSet((int)param_1 + 0x20,0x20,param_2 >> 0x20)`; returns `(lVar2 << 0x20) + lVar1`
0x00222A50, xglFlagsGet - Returns `(uint)(alStack_10[0] >> (param_1 & 7)) & (1 << (param_2 & 0x1f)) - 1U`; after testing `0 < iVar3`
0x00222AC8, xglFlagsGet1 - Reads one bit from DAT_00491824 at the requested bit offset
0x00222AE0, xglFlagsGet2 - Reads two bits from DAT_00491824 at the requested bit offset
0x00222AF8, xglFlagsGet4 - Reads four bits from DAT_00491824 at the requested bit offset
0x00222B10, xglFlagsGet8 - Reads eight bits from DAT_00491824 at the requested bit offset
0x00222B28, xglFlagsGet16 - Reads sixteen bits from DAT_00491824 at the requested bit offset
0x00222B40, xglFlagsGet32 - Reads thirty-two bits from DAT_00491824 at the requested bit offset
0x00222B58, xglFlagsGet64 - Reads adjacent low and high 32-bit fields and joins them into one 64-bit value
0x00222B98, xglFlagsInitial - Clears the complete shared packed-bitfield array beginning at DAT_00491824
0x00222BD0, xglPrimAddGifTagDirect - Tests `param_1 == 0` and `(*(int *)((int)param_1 + 8) != 0) && (*(int *)((int)param_1 + 0xc) != 0)`; computes `param_1 = xglPacketGetCurrent()`; invokes `param_1 = xglPacketGetCurrent()` and `sceVif1PkAddDirectDataN(param_1,param_2,param_3)`
0x00222C88, xglPrimAddGifTag - Appends a primitive GIF tag through the direct helper, selecting the current packet when no packet is supplied
0x00222CA8, xglPrimAddGouraudStripN - Tests `(*(byte *)(param_1 + 2) & 0x20) != 0` and `(bVar1 & 0x10) == 0` and `bVar5 == 1`; stores `*piVar7 = param_2 + 0x8000` and `piVar7[2] = 0x51` and `piVar7[3] = 0`; invokes `xglPrimAddGifTagDirect(*param_1,param_1[3],*(undefined2 *)((int)param_1 + 10))` and `LAB_00222fa4: xglPrimAddGifTagDirect(uVar8,piVar4,param_2 * 2 + 1)`
0x00222FD0, xglPrimAddLineStripN - Tests `(*(byte *)(param_1 + 2) & 0x20) != 0` and `(bVar1 & 0x10) == 0` and `bVar4 == 1`; stores `*puVar3 = 1` and `puVar3[2] = 1` and `puVar3[3] = 0`; invokes `xglPrimAddGifTagDirect(*param_1,param_1[3],*(undefined2 *)((int)param_1 + 10))` and `LAB_00223280: xglPrimAddGifTagDirect(uVar6,puVar11,param_2 + 3)`
0x002232A8, ConvertYUV2MCU - Splits YUV pixels into centered 8x8 MCU planes, averaging chroma for the selected subsampling mode
0x002234C8, FFDCT - Transforms ffdct runtime data using floating-point arithmetic and range handling
0x00223900, Quantize - Multiplies 64 DCT coefficients by reciprocal quantizers and rounds each away from zero into integer output
0x002239A8, RebuildQuantizeTable - Scales the luminance or chrominance JPEG table by quality, clamps entries, and builds floating reciprocals
0x00223B48, PutBits - Packs low-order code bits into the JPEG output stream, inserting a zero byte after every 0xFF
0x00223C58, EncodeDc - Emits the Huffman code for a JPEG DC difference's magnitude category followed by its magnitude bits, ones-complementing negative values
0x00223D18, EncodeAc - Emits a JPEG AC Huffman symbol and signed magnitude bits, or the supplied zero-run control code
0x00223DE8, HuffmanEncode - Encodes differential DC and zigzag AC coefficients, emitting ZRL symbols and an end-of-block marker as needed
0x00223F10, ExtractHuffmanTableSub - Clears a symbol lookup table and expands JPEG code-length counts into canonical code and length pairs
0x00223FC0, xglJpegEncode - Converts image blocks to YUV MCUs, performs DCT, quantization, Huffman coding, and writes a complete JPEG stream
0x00224898, DefineRestartInterval - Reads the big-endian DRI interval, stores it and its countdown, then returns the byte after the segment
0x002248C0, DefineQuantizeTable - Loads a JPEG quantization segment into the luminance or chrominance floating table and returns its endpoint
0x00224958, StartOfFrame - Parses JPEG frame dimensions and component sampling mode into decoder state, computes a three-byte row stride, and returns the marker position after the declared segment length
0x002249E8, DefineHuffmanTable - Transforms define huffman table runtime data using indexed table traversal and field selection
0x00224AE0, GetBit - Returns `(int)(uint)(byte)sw[0x359] >> ((int)(char)sw[0x358] & 0x1fU) & 1`; after testing `sw[0x358] == '\0'` and `cVar1 == -1`
0x00224B48, decode_sub - Accumulates input bits until matching a canonical Huffman code and returns that entry's decoded symbol
0x00224BD0, HuffmanDecode - Reconstructs one quantized block from differential DC and run-length AC Huffman codes in zigzag order
0x00224E10, FFIDCT - Transforms ffidct runtime data using floating-point arithmetic and range handling
0x002250D8, ConvertMCU2YUV - Reassembles decoded MCU planes into interleaved YUV pixels, replicating chroma according to the sampling mode
0x00225278, ConvertYUV2RGB - Converts scratchpad YUV rows to packed RGB with VU arithmetic, clamps channels, and writes output pixels
0x00225310, StartOfScan - Decodes each JPEG MCU with component Huffman tables and inverse DCT, converts YUV to RGB, then uploads blocks to GS or copies 32-bit or RGB555 pixels into the caller buffer
0x00225840, xglJpegDecode - Parses JPEG markers, tables, scans, and restart intervals, decodes pixels, and returns zero at EOI or restart
0x00225A58, xglSoundWaitDma - Waits for SPU DMA channel zero to complete through the sound driver service
0x00225A70, xglSoundSendSwd - Stops sequences using the target bank, transfers SWD data to the driver, and waits for completion
0x00225B88, xglSoundSendSmd2 - Stops the target sequence, submits SMD data for its slot, and waits for the driver result
0x00225C40, xglSoundSendSmd - Sends the supplied sequence data through xglSoundSendSmd2 using bank or slot zero
0x00225C58, xglSoundSendSed - Stops effects using the target file identifier, submits SED data, and waits for driver completion
0x00225D10, xglSoundLoadSwd - Loads an SWD resource from disc into sound work memory and records its size and state
0x00225DB0, xglSoundSendEffect - Sends loaded SWD effect data, waits for SPU DMA, then marks the bank ready
0x00225DF8, xglSoundLoadEffect - Loads and sends matching SWD and SED effect resources, recording bank identifiers and readiness
0x00225FC8, xglSoundLoadRequestSmd - Services pending music requests by loading SWD and SMD resources, transferring them, and updating sequence slots
0x00226198, xglSoundSequenceNormal3 - Starts the indexed sequence with volume capped at 127 and half-speed timing, then waits for acknowledgment
0x002261E8, xglSoundSequenceNormal2 - Starts the indexed sequence with caller volume and default timing through xglSoundSequenceNormal3
0x00226200, xglSoundSequenceNormal - Starts the indexed sequence at default full volume and timing through xglSoundSequenceNormal3
0x00226220, xglSoundSequenceFadeOut2 - Pauses a valid indexed sequence over half the requested fade duration and waits for acknowledgment
0x00226278, xglSoundSequenceFadeOut - Fades the indexed sequence using xglSoundSequenceFadeOut2 with the default duration
0x00226298, xglSoundSequenceStop2 - Invokes SsdStopSequence and SsdGetResultValue to tear down sound sequence 2 resources and clears their dependent handles and state fields
0x002262E8, xglSoundSequenceStop - Stops the indexed sequence through xglSoundSequenceStop2 using its default stop behavior
0x00226300, xglSoundEffectNormalDirect - Plays an effect immediately with randomized pitch variation and returns the sound driver's voice identifier
0x00226390, xglSoundEffectNormalID - Queues a normal effect packet with randomized pitch and returns its generated logical effect identifier
0x00226430, xglSoundEffectParamDirect - Plays an effect immediately with explicit volume, pan, pitch, and priority parameters
0x00226490, xglSoundEffectParamID - Queues an effect packet containing explicit volume, pan, pitch, and priority under a logical identifier
0x00226500, xglSoundEffectPosID - Computes distance attenuation and stereo angle from listener coordinates, stopping inaudible effects or queuing position updates
0x00226720, xglSoundEffectStopDirect - Invokes SsdStopEffect to tear down sound effect direct resources and clears their dependent handles and state fields
0x00226770, xglSoundEffectStopBank - Invokes SsdStopEffectFileID to tear down sound effect bank resources and clears their dependent handles and state fields
0x002267B0, xglSoundEffectStopID - Invokes xglMakeSePacket to tear down sound effect ID resources and clears their dependent handles and state fields
0x00226808, xglSoundEffectCheckID - Returns `auStack_20[0]` according to `param_1 < 0` and `(&DAT_004a8160)[((int)(uint)param_1 >> 0x10) * 2] != 0xffff`; stores `auStack_20[0] = 0` and `auStack_20[0] = SsdCheckPlayEffectAll()`
0x00226878, xglSoundStreamOpenPcm - Opens the fixed sound stream when idle, primes a 0x2000-byte ring, initializes four 0x1000-byte PCM buffers, starts volume 0x7F playback, and sets mode 1
0x00226910, xglSoundStreamOpenVagStereoParam - Opens and primes the stream, initializes four stereo VAG buffers, clamps volume to 0x7F, starts playback with the supplied pitch, and sets mode 2
0x002269C8, xglSoundStreamOpenVagStereo - Opens a stereo VAG stream with default volume and pitch parameters through the parameterized helper
0x002269E8, xglSoundStreamOpenVagMultiParam - Opens and primes the stream, initializes mono VAG buffering, applies the supplied pan, clamps volume to 0x7F, starts playback at the requested pitch, and sets mode 3
0x00226AE0, xglSoundStreamOpenVagMulti - Opens a multichannel VAG stream with default playback parameters through the parameterized helper
0x00226B00, xglSoundStreamStop - Invokes xglCdStreamClose and SsdGetPcmStreamStatus to tear down sound stream resources and clears their dependent handles and state fields
0x00226C10, xglSoundStreamMute - Queries stereo stream status, submits the requested mute state when active, and waits for driver acknowledgment
0x00226CA8, stream_check - Advances a streaming ring slot after clearing 4096 bytes, returning one for progress or minus one at terminal drain
0x00226D60, xglSoundStreamMain - Polls PCM stream status, submits the next ring-buffer half when its channel becomes writable, advances stream offsets, and marks playback complete after the final block drains
0x00226F50, xglMakeSePacket - Appends a 32-byte sound-effect command with identifier and seven arguments when fewer than 65 entries are queued
0x00227000, xglSendSePacket - Sends the packet at DAT_004a81e4 with count DAT_004a81e0, resets the count to zero, clears the 0x800-byte packet buffer, and returns the memset result
0x00227050, xglSoundReset - Unloads eight SWD/SMD slots and sixteen effect slots, resets stream parameters and counters, points the ring at StreamBuffer, and zeros the 0x800-byte sound work area
0x00227108, xglSoundInitial - Starts the sound driver with 0x20000 bytes, waits for completion, fills eight wave and sixteen effect handles with 0xFFFF, assigns StreamBuffer, and calls xglSoundReset
0x002271A0, xglHddDummyCB - Ignores all callback arguments and returns zero as the default HDD completion handler
0x002271A8, xglHddCheckCore - Returns `uVar1` according to `HddActive < 2` and `iVar2 == 0` and `(lVar3 < 0) && (uVar1 = 0xfffffffa, HddActive != 1)` and `iVar2 != 2`; sets `uVar1 = 0xfffffffb` and `iVar2 = sceDevctl(0x4dc368,0x4807,0,0,0,0)`
0x00227280, xglHddCheck2 - Returns `lVar1` according to `lVar1 == -6`; sets `lVar1 = xglHddCheckCore()` and `lVar1 = -5`
0x002272B8, xglHddCheck - Returns `lVar1` according to `HddActive == '\x03'` and `lVar1 == -6`; sets `lVar1 = xglHddCheckCore()` and `lVar1 = -5`
0x00227320, xglHddErrorScreen - Draws the selected HDD diagnostic message with the debug font and submits its packet through normal DMA
0x002273E0, xglHddMcLoadMount - Verifies the HDD card partition, mounts it read-only with mode 5, and treats both success and already-mounted error -0x10 as success
0x00227448, xglHddMcUmount - Calls sceUmount for the fixed HDD memory-card mount path and returns 0 on nonnegative completion or -2 on failure
0x00227478, make_fullpath - Concatenates the yoursaves HDD prefix and generated memory-card path into the destination, returning its terminator
0x00227500, xglHddMcExist - Mounts the HDD save partition, constructs the requested save path, and tests whether its directory can open
0x00227758, xglHddMcLoadCore - Opens the generated HDD save path, reads the requested payload, and returns open, read, or close errors
0x002277F8, xglHddMcLoad - Mounts the HDD save partition, loads save data through the core helper, then unmounts it
0x00227840, Judge_MakeNewFolder - Counts eligible directories under the HDD save root, returning capacity availability or a directory I/O error
0x00227970, Judge_MakeNewSavedata - Scans save entries excluding reserved names and matching prefixes, returning file-slot availability or an I/O error
0x00227B30, xglHddMcCheckYourSaves - Returns `uVar2` according to `lVar1 < 0` and `lVar1 == 1`; sets `lVar1 = sceDopen(0x4a8a68)` and `lVar1 = Judge_MakeNewFolder()`
0x00227BA0, xglHddMcCheckCore - Returns `lVar2` according to `-1 < lVar2` and `lVar2 == 0` and `iVar1 < (param_1[2] + iVar3 + -1) / iVar3 + (iVar3 + 0x3c3) / iVar3 + ((*(int *)(param_1[1] + 8) - *(int *)(param_1[1] + 4)) + iVar3 + -1) / iVar3 + 7` and `lVar2 < 0`; sets `lVar2 = xglHddMcCheckYourSaves(*param_1)` and `lVar2 = sceDevctl(0x4dc370,0x5001,0,0,0,0)`
0x00227CD8, xglHddMcCheck - Returns `uVar3` according to `lVar2 == 0` and `lVar2 < 0`; stores `*puVar4 = 0xffffffff` and `*puVar4 = uVar1`
0x00227D70, xglHddMcGetFree - Invokes xglHddMcLoadMount and xglHddMcCheckYourSaves to tear down HDD memory-card get resources and clears their dependent handles and state fields
0x00227E68, create_file - Constructs a save pathname, creates and writes the file with mode 0x1B6, closes it, applies chstat mode 0x8497, and returns -1 if any step fails
0x00227F28, xglHddMcCreate - Mounts the HDD card writable, creates and chmods save directories as needed, writes map-name and payload files, unmounts, and maps each failure stage to a distinct negative code
0x00228200, xglHddMcSave - Verifies HDD availability, mounts the save partition, creates files and directories, writes data, then unmounts
0x00228288, xglHddUninstall - Invokes xglHddActivate and sceUmount to tear down HDD uninstall resources and clears their dependent handles and state fields
0x002282E8, xglHddInstallReadCB - Updates install progress after a CD read callback, writes completed blocks, or cancels on error
0x00228378, xglHddInstall - Opens the installation source and HDD target, copies data in chunks through the shared aligned buffer, updates progress callbacks, then closes handles and reports transfer errors
0x00228988, xglHddActivate - Switches archive access between optical disc and HDD according to activation state, rechecking archive tables afterward
0x002289F0, decrypt - Transforms decrypt runtime data using indexed table traversal and field selection
0x00228A48, xglHddMount - Decrypts mount credentials, checks and mounts the HDD game partition, validates capacity and a 36-byte sentinel file, sets HddActive to 1, and returns detailed mount errors
0x00228C58, xglAtan2 - Transforms atan 2 runtime data using floating-point arithmetic and range handling
0x00228E08, xglMemCopy64 - Copies the requested count of 64-byte blocks forward using sixteen 32-bit loads and stores per block
0x00228E48, xglMemCopy64b - Copies the requested count of 64-byte blocks backward, decrementing source and destination after each block
0x00228E88, xglMemCopy16 - Copies the requested count of 16-byte blocks forward using four 32-bit words per iteration
0x00228EB0, xglMemCopy16b - Copies the requested count of 16-byte blocks backward using four 32-bit words per iteration
0x00228ED8, xglMemCopy8 - Copies the requested count of eight-byte values forward from source to destination
0x00228F00, xglMemCopy8b - Copies the requested count of eight-byte values backward from source to destination
0x00228F28, xglMemCopy4 - Copies the requested count of four-byte words forward from source to destination
0x00228F50, xglMemCopy4b - Copies the requested count of four-byte words backward from source to destination
0x00228F78, xglMemCopy2 - Copies the requested count of two-byte halfwords forward from source to destination
0x00228FA0, xglMemCopy2b - Copies the requested count of two-byte halfwords backward from source to destination
0x00228FC8, xglVectorDiv - Divides all four source vector components componentwise by the corresponding divisor vector components
0x00229030, xglVectorDivXYZ - Divides source XYZ componentwise by the divisor while copying the source W component unchanged
0x00229088, xglVectorMulAdd - Multiplies two vectors componentwise, adds a third vector, and stores all four resulting components
0x002290F0, xglVectorMulAddXYZ - Computes componentwise multiply-add for XYZ while copying the first source vector's W component
0x00229148, xglVectorMulSub - Multiplies two vectors componentwise, subtracts a third vector, and stores all four resulting components
0x002291B0, xglVectorMulSubXYZ - Computes componentwise multiply-subtract for XYZ while copying the first source vector's W component
0x00229208, xglVectorDivAdd - Divides two vectors componentwise, adds a third vector, and stores all four resulting components
0x00229290, xglVectorDivAddXYZ - Computes componentwise divide-add for XYZ while copying the numerator vector's W component
0x00229300, xglVectorDivSub - Divides two vectors componentwise, subtracts a third vector, and stores all four resulting components
0x00229388, xglVectorDivSubXYZ - Computes componentwise divide-subtract for XYZ while copying the numerator vector's W component
0x002293F8, xglVectorScale - Updates vector using floating-point arithmetic and range handling
0x00229430, xglVectorScaleXYZ - Updates vector XYZ using floating-point arithmetic and range handling
0x00229460, xglVectorScaleAdd - Stores `*param_2 = *param_3 * param_1 + *param_4` and `param_2[1] = param_3[1] * param_1 + param_4[1]` and `param_2[2] = param_3[2] * param_1 + param_4[2]` and `param_2[3] = param_3[3] * param_1 + param_4[3]`
0x002294B8, xglVectorScaleAddXYZ - Stores `*param_2 = *param_3 * param_1 + *param_4` and `param_2[1] = param_3[1] * param_1 + param_4[1]` and `param_2[2] = param_3[2] * param_1 + param_4[2]` and `param_2[3] = param_3[3]`
0x00229500, xglVectorScaleSub - Updates vector helper using floating-point arithmetic and range handling
0x00229558, xglVectorScaleSubXYZ - Updates vector helper XYZ using floating-point arithmetic and range handling
0x002295A0, xglVectorInter - Transforms vector inter runtime data using floating-point arithmetic and range handling
0x00229608, xglVectorInterXYZ - Transforms vector inter XYZ runtime data using floating-point arithmetic and range handling
0x00229660, xglVectorInner - Stores the three-component dot product x1*x2 + y1*y2 + z1*z2 at the output float pointer
0x002296A0, xglVectorInner4 - Transforms vector inner 4 runtime data using floating-point arithmetic and range handling
0x002296E0, xglVectorOuter - Transforms vector outer runtime data using floating-point arithmetic and range handling
0x00229750, xglVectorLength - Returns the square root of the sum of squares of all four vector components
0x00229780, xglPointLength - Returns the Euclidean distance between two points using their XYZ coordinate differences
0x002297B8, xglPointLengthXZ - Returns planar distance between two points using only their X and Z coordinate differences
0x002297E8, xglVectorNormal - Normalizes a vector by dividing every component by its four-component length
0x00229810, xglVectorClamp - Transforms vector clamp runtime data using floating-point arithmetic and range handling
0x002298C8, xglVectorClampXYZ - Transforms vector clamp XYZ runtime data using floating-point arithmetic and range handling
0x00229960, xglPlaneParameter - Computes a normalized cross product from three points and stores the plane's negated origin dot product
0x002299F0, xglVectorMulMat - Computes `*param_1 = auVar1`; using `auVar1 = _lqc2(*param_3)` and `auVar2 = _lqc2(*param_2)` and `auVar3 = _lqc2(param_2[1])`
0x00229A20, xglRotTransPers - Pushes camera and optional model matrices, perspective-transforms one vector, restores the stack, and returns output W
0x00229AB0, xglRotTransPersN - Pushes camera and optional model matrices, perspective-transforms the requested vector array, then restores the stack
0x00229B68, xglMatrixUnit - Copies the standard 4x4 identity matrix constant from DAT_004A8B00 into the destination
0x00229B98, xglMatrixUnit4s - Copies the alternate fixed-point 4x4 identity matrix constant from DAT_004A8B40 into the destination
0x00229BC8, xglMatrixMul - Computes `*param_1 = auVar1` and `param_1[1] = auVar1` and `param_1[2] = auVar1` and `param_1[3] = auVar1`; using `auVar1 = _lqc2(*param_3)` and `auVar2 = _lqc2(param_3[1])` and `auVar3 = _lqc2(param_3[2])`
0x00229C40, xglMatrixReverse - Transforms matrix reverse runtime data using indexed table traversal and field selection
0x00229CC0, xglMatrixInverse - Transforms matrix inverse runtime data using floating-point arithmetic and range handling
0x00229E58, xglMatrixScale - Updates matrix using floating-point arithmetic and range handling
0x00229EB8, xglMatrixTrans - Transforms matrix transform runtime data using floating-point arithmetic and range handling
0x00229F30, xglMatrixRotV - Constructs an axis-angle rotation matrix from VU sine and cosine results, then multiplies it with the source matrix
0x0022A0F8, xglMatrixRotX - Rotates the source matrix's Y and Z rows around X using VU-computed sine and cosine
0x0022A198, xglMatrixRotY - Rotates the source matrix's X and Z rows around Y using VU-computed sine and cosine
0x0022A238, xglMatrixRotZ - Rotates the source matrix's X and Y rows around Z using VU-computed sine and cosine
0x0022A2D8, xglMatrixFrustum - Builds an asymmetric perspective-frustum matrix from six clipping planes and post-multiplies the source matrix
0x0022A3B0, xglMatrixStackUnit - Replaces the VU matrix-stack top with identity by running microprogram selector 0x21
0x0022A3D8, xglMatrixStackMul - Multiplies the VU matrix-stack top by the supplied matrix using microprogram selector 0x26
0x0022A408, xglMatrixStackReverse - Transposes or reverses the VU matrix-stack top using microprogram selector 0x37
0x0022A430, xglMatrixStackInverse - Inverts the VU matrix-stack top in place using microprogram selector 0x43
0x0022A458, xglMatrixStackScale - Applies the supplied scale vector to the VU matrix-stack top using microprogram selector 0x5D
0x0022A480, xglMatrixStackTrans - Applies the supplied translation vector to the VU matrix-stack top using microprogram selector 0x62
0x0022A4A8, xglMatrixStackRotV - Applies an axis-angle rotation to the VU matrix-stack top using microprogram selector 0x67
0x0022A4D0, xglMatrixStackRotX - Rotates the VU matrix-stack top around X using microprogram selector 0x7A
0x0022A4F8, xglMatrixStackRotY - Rotates the VU matrix-stack top around Y using microprogram selector 0x83
0x0022A520, xglMatrixStackRotZ - Rotates the VU matrix-stack top around Z using microprogram selector 0x8C
0x0022A548, xglMatrixStackFrustum - Writes six frustum parameters to VU memory and runs matrix-stack microprogram 0x95
0x0022A590, xglMatrixStackSave - Transfers matrix stack between caller buffers and updates its completion state
0x0022A5B0, xglMatrixStackLoad - Reads matrix stack from the supplied source and updates its runtime metadata
0x0022A5D0, xglMatrixStackPushUnit - Pushes an identity matrix onto the VU matrix stack using microprogram selector 0xA7
0x0022A5F8, xglMatrixStackPush - Duplicates the VU matrix-stack top using microprogram selector 0xB0
0x0022A620, xglMatrixStackPop - Pops the requested VU matrix-stack entries using microprogram selector 0xB9
0x0022A648, xglMatrixStackMulVector - Multiplies a vector by the VU matrix-stack top using microprogram selector 0xC4
0x0022A678, xglMatrixStackRTPS - Loads three input vectors into VU registers, runs microprogram 0xC9, stores VF7 to the output vector, and returns the VU program selector 0xC9
0x0022A6A8, xglMatrix2Quaternion - Converts a rotation matrix to a quaternion, choosing the trace or largest-diagonal branch for numerical stability
0x0022A950, xglQuaternion2Matrix - Expands a normalized quaternion into a 4x4 rotation matrix using VU vector products
0x0022A9D0, xglQuaternionInterpolateLinear - Blends two quaternions, flips the second for shortest path when needed, then normalizes the result
0x0022AA78, xglRandSeedInit - Resets the integer pseudorandom generator seed to fixed value 0x12345678
0x0022AA88, xglGeometryInit - Seeds VU and integer random generators, then submits the static geometry DMA source chain
0x0022AAC8, xglSRand - Advances the seed with LCG constants 0x41C64E6D and 0x3039, returning bits 16 through 30
0x0022AB08, xglLRand - Advances the LCG twice and combines the two high halves into one 32-bit random value
0x0022AB68, xglFRand - Advances the VU random register and returns the generated floating-point bit pattern
0x0022AB80, xglFSrand - Seeds the VU random register from the supplied bit pattern and returns that pattern
0x0022AB98, F2I - Converts the supplied single-precision float to a signed integer using MIPS truncation semantics
0x0022ABB8, I2F - Converts the supplied signed integer to single-precision floating point and returns that float
0x0022ABD0, xglSin - Runs VU sine microcode for the supplied angle and returns the computed scalar from VF1
0x0022AC00, xglCos - Runs VU cosine microcode for the supplied angle and returns the computed scalar from VF1
0x0022AC30, xglLightSetDefault - Tests `iVar1 == 0`; computes `iVar1 = 0` and `iVar1 = iVar1 + 1`; invokes `xglLightIntensityAmbient(param_1,0x4a8b80)` and `xglLightIntensityParallel(param_1,iVar1 + -1,asIntensity_0 + iVar1 * 0x10)`
0x0022ACE8, xglLightIntensityAmbient - Copies the supplied RGBA ambient intensity vector into the light structure's ambient slot
0x0022ACF8, xglLightIntensityParallel - Copies an RGBA intensity vector into the selected parallel-light slot within the light structure
0x0022AD20, xglLightDirection - Normalizes and stores the selected parallel light direction while forcing its W component to zero
0x0022AD60, xglLightAngle - Builds a Z-axis rotation from the requested angle and stores its normalized direction for the selected light
0x0022ADE0, xglLightCalcMatrix - Arranges three light directions and intensity vectors into the output lighting matrices used by geometry transforms
0x0022AE40, xglLightInit - Sets ambient light intensity, then initializes parallel lights 0 through 2 with the supplied intensities and direction vectors
0x0022AEC0, xglCameraControlInit - Clears the camera control mode, transition counter, and pending control flags
0x0022AED0, xglCameraScreenInit - Initializes screen center, projection distance, aspect scaling, clipping planes, and default viewport dimensions
0x0022AF98, xglCameraTravelInit - Initializes travel position, focus, up vector, scale, limits, interpolation speeds, and mode flags
0x0022B070, xglCameraTravelReset - Copies target travel vectors into current vectors and clears interpolation progress and transient flags
0x0022B0A8, xglCameraTravelFocus - Transforms camera travel focus runtime data using floating-point arithmetic and range handling
0x0022B170, xglCameraTravelScale - Tests `(DAT_00490e20 & 0x40) == 0`; stores `param_1[3] = param_1[3] * 4.0` and `param_1[3] = param_1[3] * ((fVar3 - 5.0) * DAT_004d8868 + 1.0)`; invokes `xglVectorScaleXYZ(0x40800000,pfVar1,pfVar1)` and `xglVectorScaleXYZ(0x40800000,pfVar2,pfVar2)`
0x0022B260, xglCameraTravelManual - Updates manual camera position and focus from controller deltas, applying reset, focus, scale, and movement constraints
0x0022B578, xglCameraTravelChase - Interpolates camera position, focus, roll, and scale toward chase targets with configured speed and limits
0x0022B910, xglCameraTravelProc - Initializes travel state on mode changes, then dispatches manual, chase, or fixed camera motion processing
0x0022B9B8, xglCameraViewScreen - Computes viewport center, projection scale, depth range, and clipping transform from screen camera parameters
0x0022BC88, xglCameraViewTravel - Builds the view matrix from travel position, focus, roll, and field-of-view tangent, then updates projection state
0x0022BE08, xglCameraViewVolume - Builds frustum transforms, projects eight corners, derives six clipping planes, and caches both volume orientations
0x0022C098, xglCameraInit - Initializes control, screen, and travel settings for the supplied camera object
0x0022C0C8, xglCameraMove - Recomputes the camera screen transform using a zeroed temporary offset vector
0x0022C120, xglCameraMoveOffset - Recomputes the camera's screen transform, travel offset, and view volume in sequence from the two supplied camera parameters
0x0022C168, xglCameraSetWindow - Orders and clamps window coordinates to display bounds before storing them in the camera
0x0022C250, xglCameraClipRangeDefault - Copies the global near and far clipping defaults into camera fields 0x20 and 0x24
0x0022C268, xglPacketTextureTrans - Emits GS image-transfer setup and referenced texture payloads for every texture record in the source block
0x0022C398, xglPacketInterpolate - Appends a fixed interpolation DIRECT packet using the current framebuffer base and prebuilt GS command blocks
0x0022C450, xglPacketGetCurrent - Returns the active VIF packet builder pointer without modifying packet state
0x0022C458, xglPacketInit - Initializes both VIF packet buffers, selects the source buffer, and clears the pending send packet
0x0022C4B8, xglPacketMove - Finalizes the current VIF packet, queues it for sending, and resets the alternate packet buffer
0x0022C520, xglPacketSend - Starts a source-chain DMA transfer when a completed packet is pending
0x0022C558, xglStudioChange - Selects the indexed studio as the current lighting and camera context
0x0022C578, xglStudioGetLight - Returns the light block belonging to the currently selected studio
0x0022C588, xglStudioGetCamera - Returns the indexed camera from the currently selected studio through an output pointer
0x0022C5B0, xglStudioGetActiveCamera - Returns the requested active camera, falling back through studio selection when its slot is unavailable
0x0022C5F8, xglStudioSelectGetActiveCamera - Scans the selected studio's camera slots and returns the first camera marked active, or null
0x0022C648, xglStudioFlushActiveCamera - Recomputes every active studio camera's screen, travel, and clipping transforms
0x0022C698, xglStudioGetLight2 - Returns the light block at the base of the currently selected studio
0x0022C6A0, xglStudioGetCamera2 - Returns the indexed camera from the currently selected studio
0x0022C6C8, xglStudioMainCameraInit - Enables camera zero in each studio, then restores studio zero as active
0x0022C720, xglStudioMainCameraMove - Selects studio zero and advances its primary camera's complete movement pipeline
0x0022C740, xglStudioInit - Initializes each studio's light and eight cameras before selecting studio zero
0x0022C7C8, xglStudioMove - Advances travel and movement for every active camera across all four studios
0x0022C868, xglStudioEntry - Initializes studio and main-camera state, then continuously advances both unless StudioEntrySkip suppresses updates
0x0022C8B8, xglRenderDrawFlip - Swaps draw buffers and submits the corresponding GS framebuffer register update through DMA
0x0022C960, xglRenderCopyDisp2Draw - Builds and submits GS transfer registers that copy the display framebuffer into the draw buffer
0x0022CA60, xglRenderDrawFlipPk - Appends GS transfer registers for copying the alternate framebuffer to the supplied VIF packet
0x0022CB80, xglRenderVSyncCallback - Increments the VSync counter and flags stalled GIF or VIF activity on the second sync
0x0022CBE0, xglRenderSyncInit - Registers the supplied vertical-sync callback and context through sceGsSyncVCallback
0x0022CC08, xglRenderSyncMove - Waits for vertical synchronization, detects missed frame timing, and resets the VSync counter
0x0022CC90, xglRenderDrawEnvInit - Encodes framebuffer dimensions, offsets, scissor bounds, tests, and GS register tags into the draw environment
0x0022D2A0, xglRenderDrawEnvMove - Updates draw-environment framebuffer bases, flushes their cache range, and submits the environment to GS
0x0022D338, xglRenderDispEnvInit - Builds the display environment from current output width, height, origin, and pixel mode
0x0022D3B8, xglRenderDispEnvMove - Updates display framebuffer and interpolation registers, then installs the environment and GS output registers
0x0022D528, xglRenderClearDepth - Selects the GS test mode that clears only the depth buffer
0x0022D540, xglRenderClearFrame - Selects the GS test mode that clears color and depth buffers
0x0022D558, xglRenderClearColor - Unpacks an ARGB value into the four global clear-color channels
0x0022D590, xglRenderClearEnvInit - Initializes clear-packet registers, black color, and centered rectangle coordinates from the display dimensions
0x0022D658, xglRenderClearEnvMove - Flushes the clear-environment cache range and submits its six-qword packet through DMA
0x0022D698, xglRenderSetReso - Selects a resolution and framebuffer layout, then rebuilds render environments and studio cameras
0x0022D770, xglRenderSwapBase - Exchanges display and draw framebuffer bases while clearing per-frame timing and status flags
0x0022D7B8, xglRenderDispOff - Clears the display-enable bit in the current GS display environment
0x0022D7D8, xglRenderDispOn - Sets the display-enable bit in the current GS display environment
0x0022D7F8, xglRenderInit - Resets GS paths, initializes resolution and timing state, then constructs model rendering resources
0x0022D8C8, xglRenderFinalPacket - Runs registered final-packet callbacks unless model rendering requested the back buffer
0x0022D940, xglRenderGlobalFadeInit - Marks global fading initialized and clears both the active fade value and auxiliary state
0x0022D958, xglRenderGlobalFadeSet - Clamps normalized RGBA components and packs them into the global fade color
0x0022DA60, xglRenderGlobalFade - Runs the fade callback and appends a full-screen translucent primitive when global fading is active
0x0022DBF8, xglRenderClearOn - Requests frame clearing after a two-frame activation delay
0x0022DC08, xglRenderClearOff - Disables automatic frame-buffer clearing for subsequent render frames
0x0022DC10, xglRenderClear - Updates clear colors and references the six-qword clear primitive from the current packet
0x0022DC78, xglRenderMove - Finalizes one render frame, synchronizes GS, swaps buffers, updates environments, and submits the packet
0x0022DDE8, xglRenderEntry - Initializes rendering, then continuously advances frames, sends sound commands, reads input, and sleeps
0x0022DE28, _VectorLengthSQ - Subtracts two four-component vectors and returns their squared Euclidean distance using VU arithmetic
0x0022DE58, _CurSetMatrix - Loads the supplied matrix rows at offsets 0x00, 0x10, 0x20, and 0x30 into VU registers vf27-vf30
0x0022DE70, _CurSetViewScaleTrans - Loads the view-scale vector into VU register vf25 and the view-translation vector into vf26
0x0022DE80, _CurRotTransPersClip - Transforms one vector by the current VU matrix, perspective-divides it, stores screen coordinates, and returns clip flags
0x0022DEE8, _CurRotTransPersFog - Transforms and perspective-divides one vector, then clamps its computed fog coordinate to the supplied bounds
0x0022DF28, _CurApplyMatrix - Multiplies one vector by the current four-row VU matrix and stores the transformed result
0x0022DF48, _WeightToGlobalVec - Blends four packed matrix weights, transforms them through the supplied matrix, and stores the resulting global vector
0x0022E000, _MinMaxSort - Stores componentwise minima in the first vector and maxima in the second
0x0022E020, CLEAR_LAYOUT_MODEL - Resets a model layout and seeds its transforms, lighting, placement, scaling, material, and visibility defaults
0x0022E200, CONSTRUCT_CIRCLR_SHADOW - Generates a radial 64-by-64 shadow texture, initializes its upload descriptors, and sets the default ratio
0x0022E428, CONSTRUCT_ALPHA_GROUP - Resets both alpha and non-alpha render-group counters to zero
0x0022E438, INIT_ALPHA_GROUP - Resets alpha-group bookkeeping by calling the shared group constructor
0x0022E450, FLUSH_ALPHA_GROUP - Resets both alpha and non-alpha render-group counters to zero
0x0022E460, CLEAR_PROREAL - Clears the Proreal pointer stored in the supplied model state
0x0022E468, CONSTRUCT_BACK_BUFFER - Clears back-buffer request fields, timing values, and pointers while setting the owner index to minus one
0x0022E4A0, INIT_BACK_BUFFER - Reinitializes back-buffer request fields and pointers while preserving the configured MPEG cross-fade time
0x0022E4D8, FLUSH_BACK_BUFFER - Clears the active back-buffer request flag after frame processing
0x0022E4E8, CONSTRUCT_PARENT_BUF - Resets the parent-buffer allocation counter, making all 512 entries available
0x0022E4F0, INIT_PARENT_BUF - Makes every parent-buffer slot available by resetting its allocation counter
0x0022E508, FLUSH_PARENT_BUF - Releases all parent-buffer records by resetting their allocation counter
0x0022E510, CONSTRUCT_MAP_HANDLE - Clears both words of the supplied map-handle record
0x0022E520, INIT_MAP_HANDLE - Clears the supplied two-word map handle through the common constructor
0x0022E538, CLEAR_MAP_HANDLE - Clears the map handle at the supplied storage address
0x0022E540, FLUSH_MAP_HANDLE - Clears the secondary status word in the supplied map handle
0x0022E548, CONSTRUCT_FADE_CONTROL - Initializes a fade controller with inactive timing, cleared flags, and default duration
0x0022E570, INIT_FADE_CONTROL - Initializes one fade controller with its direction, duration, colors, mode, and activation state
0x0022E588, CLEAR_MODEL_ENTRY - Resets transient model-entry visibility, material, texture, shadow, sorting, parent, shape, and clipping fields
0x0022E5C8, CONSTRUCT_MODELSYSTEM - Resets model queues, render flags, camera state, subwindows, global lights, and global fog parameters
0x0022E668, INIT_MODELSYSTEM - Rebuilds model-system counters, feature flags, camera state, global lighting, and fog defaults
0x0022E680, FLUSH_MODELSYSTEM - Captures the active camera transform, advances fade timers, and rotates render-cancellation state between frames
0x0022E710, nmlModelSetBackBufferClear - Cancels pending back-buffer work by reinitializing the shared request state
0x0022E728, nmlModelSetFaceModel - Sets model flag 0x100000 when the supplied face-model switch is nonzero
0x0022E750, nmlModelSetHumanModel - Sets model flag 0x40 when the supplied human-model switch is nonzero
0x0022E770, nmlModelSetMapClip - Enables map clipping when the supplied switch is nonzero
0x0022E788, nmlModelSendRenderCancel - Returns immediately because render-cancel signaling is not implemented here
0x0022E790, nmlModelGetRenderCancel - Returns the render-cancellation flag captured from the previous model frame
0x0022E798, nmlModelSendBackBufferSignal - Marks the model renderer to use the back buffer
0x0022E7A8, nmlModelIsBackBufferRequest - Reports whether a back-buffer request is currently pending
0x0022E7B8, nmlModelSendPauseSignal - Stores the requested model-renderer pause state for subsequent frames
0x0022E7C0, nmlModelSendMenuStart - Marks the model renderer as operating under an active menu
0x0022E7D0, nmlModelSendMenuEnd - Clears the model renderer's active-menu status for subsequent frames
0x0022E7D8, nmlModelGetMenuStatus - Returns whether the model renderer is currently operating under an active menu
0x0022E7E0, nmlModelSendSignalStartBattle - Sets the model-system flag that disables frame locking during battle startup
0x0022E7F0, nmlModelSendSignalEventFinish - Requests release of the model renderer's event frame lock
0x0022E800, nmlModelSendPacketChangeSignal - Clears model packet-switch signaling and its associated status word
0x0022E810, nmlModelSendSignalMovieStart - Resets the model back buffer and all four fade-control records before movie playback
0x0022E858, nmlModelSetMpeg2CrossFadeTime - Stores the duration used for MPEG back-buffer cross-fades
0x0022E868, nmlModelSendSignalMovieFinish - Restores a mode-specific back buffer and schedules fade cancellation after movie playback
0x0022E970, nmlModelSetRenderLevel - Adds the supplied flags to the pending model render-level mask
0x0022E988, fade_render - Advances one fade controller and optionally appends its full-screen colored blend primitive to the packet
0x0022EC48, nmlFadePacketWrite - Renders all four model fade controllers into the packet and clears the pending-fade flag
0x0022ECA8, fade_set - Initializes a fade controller from normalized color, duration, direction, mode, and completion parameters
0x0022ED20, nmlModelSetFadeOutLock - Enables the global lock controlling model fade-out processing
0x0022ED30, nmlModelSetFadeOutLockOff - Disables the global lock controlling model fade-out processing
0x0022ED40, nmlModelSetActiveFadeInCancel - Stores a nonnegative cancellation delay for the active fade-in controller
0x0022ED58, nmlModelSetFadeInCancel - Stores a nonnegative cancellation delay for the normal fade-in controller
0x0022ED70, nmlModelSetActiveFadeOutCancel - Stores a nonnegative cancellation delay for the active fade-out controller
0x0022ED88, nmlModelSetFadeOutCancel - Stores a nonnegative cancellation delay for the normal fade-out controller
0x0022EDA0, nmlModelFadeDoit - Decrements each of the four active model fade countdowns without allowing zero counters to underflow
0x0022EE08, nmlModelSetFadeDoit - Marks model fades for processing during the next render pass
0x0022EE18, nmlModelSetFadeOutDispose - Marks the normal fade-out controller for deferred disposal
0x0022EE28, nmlModelSetFadeInDispose - Marks the normal fade-in controller for deferred disposal
0x0022EE38, nmlModelSetFadeOut - Configures the standard fade-out controller from color, level, duration, and mode arguments
0x0022EE78, nmlModelSetFadeIn - Configures the standard fade-in controller from color, level, duration, and mode arguments
0x0022EF00, nmlModelSetFadeInInterrupt - Replaces the normal fade-in controller's RGB levels and timing without changing its mode
0x0022EF48, nmlModelSetActiveFadeOut - Starts an active fade-out from packed RGB color when its controller is idle
0x0022F078, nmlModelSetActiveFadeIn - Configures the active fade-in controller using normalized packed color components and caller timing
0x0022F1A8, nmlModelGetFadeLevel - Reports whether any of the four model fade controllers is active
0x0022F1F0, nmlModelAskNonLinearCamera - Detects a main-camera warp from position and angle discontinuities, returning true once nonlinear movement is confirmed
0x0022F2C0, nmlModelGetGblPosition - Copies the current global model position vector to the caller
0x0022F2E0, nmlModelSetBackBufferToBattle - Configures a forty-frame back-buffer transition using the supplied battle state pointer
0x0022F310, nmlModelSetBackBufferToEventSkip - Configures a forty-frame back-buffer transition using the supplied event-skip state pointer
0x0022F340, nmlModelSetBackBuffer - Configures a pending back-buffer request, clamping its frame duration to at least one
0x0022F378, nmlModelSetEffectWrite - Stores whether model effect output should be written during rendering
0x0022F380, nmlModelUseSubWindow - Stores the enable value for subwindow indices zero through three and ignores out-of-range indices
0x0022F3A8, nmlModelSetWindow - Selects a model subwindow index when it lies below four
0x0022F3C0, nmlModelSetSortOffset - Stores the depth-sorting offset for the next model entry
0x0022F3C8, nmlModelSetGlobalPointLight - For light indices 0-2, copies the four-component point position, scales the supplied color by 128, and marks global point-light data dirty
0x0022F430, nmlModelSetGlobalPointLightCol - Scales and stores the supplied color for global point-light indices below three
0x0022F488, nmlModelSetGlobalPointLightPos - Copies a four-component position for point-light indices below three and marks global point lighting dirty
0x0022F4D0, nmlModelSetGlobalPointLightReset - Clears all global point-light colors and removes the point-light dirty flag
0x0022F510, nmlModelSetPointLight - Stores position and scaled color for local point-light indices below three
0x0022F578, nmlModelSetSpecularOff - Sets specular-control bit two when disabling specular rendering is requested
0x0022F598, nmlModelSetShadowMapId - Returns immediately because shadow-map identifier selection is not implemented here
0x0022F5A0, nmlModelSetShadowHeight - Enables and stores the pending model shadow height
0x0022F5B8, nmlModelSetShadowVec - Copies the supplied XYZ direction into global shadow-vector state
0x0022F5D8, nmlModelSetTexMap - Stores texture-map parameters, clamps alpha to 0-128, and selects the corresponding projection-mode flag
0x0022F680, nmlModelSetProreal - Derives Proreal texture coordinates, transforms, transfer registers, and shared rendering state from the supplied model layout
0x0022FA50, nmlModelSetTexProreal - Enables the texture proreal rendering mode by setting model flag 0x800
0x0022FA68, nmlModelSetAxisSymmetry - Enables axis symmetry and stores the transformed symmetry parameter in shared model state
0x0022FA90, nmlModelSetParent - Stores the parent model pointer for the next model entry
0x0022FA98, nmlModelSetRenderStatus - Adds supported status bits 0x100 or 0x200 to the global model-render state
0x0022FAE0, nmlModelSetShapeId - Appends a shape identifier and weight while fewer than thirty-two overrides are queued
0x0022FB28, nmlModelSetToumeiParts - Appends a transparent-part identifier and alpha value while fewer than sixteen overrides are queued
0x0022FB70, nmlModelSetFilter - Clamps filter intensity, stores filter flags, and enables stealth rendering after its field-mode startup delay
0x0022FC00, nmlModelSetPixelAlpha - Clamps and stores the global model pixel alpha between zero and 128
0x0022FC28, nmlModelSetPartsPixelAlpha - Appends a part-specific pixel-alpha override after clamping alpha between zero and 128
0x0022FC88, nmlModelSetScale - Copies the scale vector, records its largest XYZ component, and clamps the culling scale to at least one
0x0022FD00, nmlModelSetClip - Stores the clipping mode for the next model entry
0x0022FD08, nmlModelSetAlpha - Stores the alpha mode for the next model entry
0x0022FD18, nmlModelSetStencil - Enables stencil processing by setting model flag four when requested
0x0022FD38, nmlModelSetZwrite - Enables depth-buffer writes by setting model flag eight when requested
0x0022FD58, nmlModelSetTransparency - Clamps normalized transparency and stores it as both current and pending model opacity
0x0022FDA0, nmlModelSetReflTransparency - Clamps and stores normalized reflection transparency for the next model entry
0x0022FDE0, nmlModelSetToumei - Enables transparent-part handling by setting model flag 0x20 when requested
0x0022FE00, nmlModelSetLight - Copies two complete light matrices into model globals and marks local lighting data present
0x0022FE60, nmlModelSetTexture - Accepts an aligned in-range XTX resource pointer and installs it as the current model texture
0x0022FEB8, nmlModelSetTexfunc - Stores the texture-function mode for the next model entry
0x0022FEC8, nmlModelSetMatrix - Stores the transform matrix pointer for the next model entry
0x0022FED8, nmlModelSetPlace - Stores a placement matrix and calculates its inverse for subsequent model transformations
0x0022FF38, nmlModelSetTexOffset - Copies a texture name, offset, and matching identifier into the pending model override state
0x0022FF98, nmlModelSetMatOffset - Copies a material name and four-component multiplication color into the pending material override state
0x00230000, nmlModelSetMulColor - Copies the supplied four-component multiplicative color into model render state
0x00230018, nmlModelSetFogCol - Copies the four-component local fog color and sets the local-fog color flag
0x00230040, nmlModelFogPara - Converts near and far fog distances into scale and offset parameters, handling degenerate ranges
0x00230108, nmlModelSetFogDist - Converts near and far distances into local fog scale and offset parameters
0x00230148, nmlModelSetGlobalFogCol - Copies the four-component global fog color and marks global fog color data present
0x00230178, nmlModelSetGlobalFogDist - Converts near and far distances into global fog scale and offset parameters
0x002301B0, nmlModelGetFogPara - Projects local fog parameters through the active camera and returns the clamped GS fog value
0x00230268, nmlModelGetFogParaStudio - Projects fog parameters through a selected studio camera and returns the clamped GS fog value
0x00230320, nmlModelSetGlobalFogReset - Clears the global-fog override flag while leaving stored fog values intact
0x00230340, nmlModelSetFogCancel - Adds the fog-cancellation flag to global model render state
0x00230358, nmlModelInitPartsVisible - Sets or clears the hidden flag on every model part when lexical data is valid
0x002303E8, nmlModelSetMapEntry - Marks the next model as a map handle and sets map-entry flag 0x10000
0x00230410, nmlModelSetShadowMapEntry - Marks the next model as a shadow-map entry by setting flag 0x10000
0x00230430, nmlModelSetMapShadowParts - Appends a part identifier to the eight-entry map-shadow inclusion list
0x00230468, nmlModelSetMapLastEntry - Appends a block identifier to the twelve-entry deferred map-render list
0x002304A8, nmlModelSetMapLastInit - Clears the count of model layouts deferred to the map-last queue
0x002304B0, nmlModelSetPartsVisible - Validates model data and changes visibility for every block matching the supplied part identifier
0x002305B0, nmlModelSetNameVisible - Changes block visibility by exact, prefix, or substring name matching after validating model data
0x002307A8, nmlModelDirectSend - Queues a typed direct-render entry, converting attribute data when required and enforcing the queue limit
0x002308A8, nmlModelDirectXtxSub - Emits GS upload setup and texture data for each XTX image record to separate direct streams
0x00230998, nmlModelDirectSendXtx - Validates an aligned XTX texture block and queues it for direct rendering
0x00230A28, set_group_status - Translates model feature flags into compact render-group bits and records whether any group writes depth
0x00230B98, AlphaGroupSortEntry - Projects an alpha group's sort position through the active camera and stores its depth key
0x00230C00, AlphaGroupLastEntry - Moves deferred map-last blocks into alpha groups, initializes each group's flags, and advances queue counters
0x00230D68, AlphaGroupSort - Sorts alpha groups in descending depth order with repeated adjacent swaps
0x00230DD8, is_shadow_map_parts - Returns whether the part identifier appears in the configured eight-entry shadow-map list
0x00230E28, is_parts_transparency - Returns whether the part identifier appears in the configured sixteen-entry transparency list
0x00230E80, is_block_last_entry - Returns whether the block identifier appears in the twelve-entry map-last list
0x00230ED8, parent_buf_entry - Allocates and clears one of 512 parent-buffer records, returning null when the pool is full
0x00230F28, parent_buf_search - Searches allocated parent-buffer records for the requested model pointer and returns its record or null
0x00230FA0, set_circle_shadow_ratio - Computes circle-shadow width and depth ratios from model bounds, scale, and configured shadow height
0x00231028, nmlModelLexDataCheck - Validates range, alignment, LEX signature, name termination, texture metadata, and required model data pointers
0x00231108, nmlModelLexBlockDoit - Advances material animation, applies matching color overrides, and generates bounded shape weights for every model block
0x00231480, nmlModelStealthEntry - Builds one or ten stealth-filter samples, computes projected depth, and sorts multipass entries by depth
0x002315F8, nmlModelCalcSample - Computes model sample positions from weighted bones and current transforms for later lighting and culling
0x00231840, nmlModelCalcEntryClip - Tests model bounds against enabled studio cameras, storing visibility bits and returning complete rejection
0x00231998, deapth_for_studio - Projects a point through the active studio camera and returns field-of-view-adjusted screen depth
0x00231A38, nmlModelCalcSpecularClip - Computes view-dependent specular attenuation, including face-material and studio-depth adjustments, then stores the multiplier
0x00231D50, nmlModelCalcDropShadow - Builds a flattened shadow transform from model placement, scale, ground height, and configured shadow vector
0x00231E70, nmlModelCalcEntryProjectCircle - Projects the model onto a circular ground shadow and queues its generated render transform
0x002322C8, nmlModelCalcEntryProjectMap - Derives map-projection orientation and scale from surface vectors, then queues the projected model entry
0x002328E0, nmlModelCalcEntryPartsClip - Transforms each part's weighted bounds and writes per-part camera clipping masks
0x00232B00, nmlModelEntry - Validates and prepares a model, computes lighting and clipping, then partitions visible parts into render groups
0x00233980, nmlModelEntryEffect - Prepares an effect model, allocates packet attributes, and partitions its parts into alpha and opaque queues
0x00233DD8, nmlModelEntryCard - Prepares a card model with specular disabled, then queues its transparent and opaque parts separately
0x00234238, nmlModelRenderProreal - Renders eligible non-alpha model groups with overlap, shadow-part, and volume-cube visibility checks
0x002347D0, nmlModelRenderTexture - Renders selected model parts into a texture target, fills it, then restores normal scissoring
0x00234A68, nmlModelRenderCircle - Uploads a scaled circular shadow texture and renders the first eligible model part
0x00234B70, nmlModelRenderDropCircle - Uploads a scaled circular shadow texture and generates its projected model texture
0x00234C40, nmlModelRenderDrop - Renders eligible model parts with alpha blending into the configured drop-shadow target
0x00234E28, nmlModelFlushSubNonAlpha - Emits opaque model groups with cached GS state, texture uploads, microcode, and per-part attribute packets
0x002351F0, nmlModelFlushSubAlpha - Sorts and emits transparent model groups while updating Z-buffer, alpha, texture, and microcode state
0x00235A08, nmlModelFlushSub - Builds the complete model render packet, dispatching opaque and transparent passes plus optional post-filters
0x00235ED8, nmlModelConstruct - Constructs model, shadow, back-buffer, grouping, parent, map, and fade-control state, then clears models
0x00235F60, nmlModelInit - Reinitializes model, back-buffer, grouping, parent, and map state, then clears all models
0x00235FC0, nmlModelClear - Resets the model layout and clears its Proreal rendering pointer
0x00235FF8, nmlModelFlush - Finalizes deferred alpha groups, sorts them by depth, emits all model packets, and resets group state
0x00236408, nmlModelFlushClear - Finalizes model-system frame state and resets alpha-group bookkeeping
0x00236448, _CurMatrixSet - Loads the supplied four-row matrix into the current VU matrix registers
0x00236460, _CurMatrixGet - Stores VU matrix registers vf27-vf30 to the output matrix rows at offsets 0x00-0x30
0x00236478, _CurMatrixMul - Multiplies the current VU matrix by the supplied four-row matrix
0x002364E0, _CurApplyMatrix - Multiplies one vector by the current four-row VU matrix and stores the transformed result
0x00236500, _CurMatrixMul33norm - Transforms and normalizes the supplied three-row orientation matrix through the current VU matrix
0x002365C0, _CurSetViewScaleTrans - Loads the view-scale vector into VU register vf25 and the view-translation vector into vf26
0x002365D0, _CurRotTransPersClip - Projects a transformed vector, stores screen and reciprocal-depth outputs, and returns six VU clipping flags
0x00236640, _CurSetMatrix - Loads the supplied matrix rows at offsets 0x00, 0x10, 0x20, and 0x30 into VU registers vf27-vf30
0x00236658, nmlPacketAddGsFlush - Uploads queued GS register writes through standard microcode and resets the register queue
0x002367D0, nmlPacketAddGsFlushWide - Uploads queued GS register writes through wide microcode and resets the register queue
0x00236950, nmlPacketAddReflectParam - Uploads two reflection-texture descriptors and a clamped intensity vector to VU memory
0x00236B98, nmlPacketAddTransMicrocodeInit - Starts model packet construction, resets rendering caches, advances reflection rotation, and uploads an identity transform
0x00236CB0, nmlPacketAddTransMicrocode - Selects and references the required VU transform microcode from model and material flags
0x00236F78, nmlPacketAddScreen - Appends current screen-scale and translation parameters to the model packet
0x00237030, nmlPacketAddPixelTestPacket - Appends a VIF unpack block containing three qwords of pixel-test parameters at VU address 0x3FA
0x00237140, nmlPacketAddWaitMicrocode - Appends a VIF wait-for-microprogram command to the current model packet
0x00237178, nmlPacketAddBlockMaterial - Derives block material colors and alpha from model overrides, then uploads them to VU memory
0x00237588, nmlPacketMakeCircleTexture - Projects circle-shadow geometry through the active camera and builds its textured vertex packet
0x00237AC0, nmlPacketSendCircleTexture - Appends VIF transfers that upload the circular shadow image and its palette into GS memory
0x00237C38, nmlPacketTextureTrans - Appends GS transfer commands and inline image references for every texture attached to the model resource
0x00237D80, nmlPacketClrTextureCache - Invalidates the cached texture pointer so the next packet reloads texture state
0x00237D88, nmlPacketClrModelCache - Invalidates cached model, matrix, model-layout, and light-layout pointers
0x00237DA0, nmlPacketAddTexture - Queues uncached model textures when required and reports whether projected packet usage exceeds two MiB
0x00237EE8, nmlPacketAddParts - Uploads a model part's matrices, normals, lights, and attributes while reusing cached state and checking packet capacity
0x002384E8, nmlPacketAddTextureParam - Derives texture registers from material and model flags, queues changed GS state, and uploads texture parameters
0x002386C8, add_exec_prog - Selects and appends a VU microprogram address from material, model, and program-mode flags
0x00238BA8, nmlPacketAddExecProg - Chooses one or two VU programs for model flags, inserting waits and transform data as required
0x00238DA8, nmlPacketAddTransData - References an aligned model transform-data block in the current VIF packet
0x00238E00, nmlPacketSetAttributeData - Allocates aligned packet-tail storage, copies caller attribute bytes, and returns the new storage pointer
0x00238E60, nmlPacketSetAttributeData64 - Reserves sixty-four packet-tail bytes and copies one attribute record into them
0x00238EC8, nmlPacketSetAttributeData64N - Reserves and copies multiple sixty-four-byte attribute records into packet-tail storage
0x00238F50, nmlPacketSetAttributeData16N - Reserves and copies multiple sixteen-byte attribute records into packet-tail storage
0x00238FC0, nmlPacketSetAttributeAlloc16N - Reserves the requested number of 16-byte records from the current packet tail and returns their address
0x00239000, nmlPacketAddGifTag - Builds and uploads a model GIF tag selected from material and rendering flags
0x002391B0, nmlPacketAddGifTagStandard - Builds and uploads the standard model GIF tag to VU memory
0x00239250, nmlPacketAddFog - Selects main or subwindow fog intensity and uploads the packed value to VU memory
0x00239330, nmlPacketAddPixelControl - Derives alpha-test and blend state from material flags and emits changed GS pixel-control registers
0x00239978, nmlPacketDirectData - Appends a referenced data block unless projected packet usage exceeds two MiB, returning overflow status
0x00239A08, nmlPacketSetCurrent - Refreshes the cached model-packet pointer from the globally active packet builder
0x00239A28, nmlPacketAddReflRot - Builds and uploads a reflection rotation matrix according to material flags and rotation mode
0x00239B00, nmlPacketAddScreenClear - Flushes pending wide GS state before clearing the model screen packet
0x00239C80, nmlPacketGsInit - Resets the pending GS register-entry count to zero
0x00239C88, nmlPacketAddGsClamp - Queues a CLAMP register value in the pending GS command list
0x00239CB8, nmlPacketAddGsPixeltest - Queues a TEST register value for GS context zero
0x00239CF0, nmlPacketAddGsPixeltest1 - Queues a TEST register value for GS context one
0x00239D28, nmlPacketAddGsZbuf - Queues a masked ZBUF value targeting GS context zero and advances the register-entry count
0x00239D70, nmlPacketAddGsZbuf1 - Queues a masked ZBUF value targeting GS context one and advances the register-entry count
0x00239DB8, nmlPacketAddGsTexture - Queues a zero TEXFLUSH register value in the pending GS command list
0x00239DF0, nmlPacketAddGsAlpha - Queues an ALPHA register value for GS context zero
0x00239E20, nmlPacketAddGsAlpha1 - Queues an ALPHA register value for GS context one
0x00239E50, nmlPacketAddGsScissor - Queues a SCISSOR register value for GS context zero
0x00239E80, nmlPacketAddGsScissor1 - Queues a SCISSOR register value for GS context one
0x00239EB0, nmlPacketAddGsFBA - Queues a normalized FBA enable value for GS context zero
0x00239EF0, nmlPacketAddGsFBA1 - Queues a normalized FBA enable value for GS context one
0x00239F30, nmlPacketAddGsFogCol - Packs RGB components into a FOGCOL register entry and appends it to the GS queue
0x0023A048, nmlPacketAddGsFrame - Packs framebuffer base, width, format, and mask into a context-zero FRAME entry
0x0023A0B8, nmlPacketAddGsFrame1 - Packs framebuffer base, width, format, and mask into a context-one FRAME entry
0x0023A128, nmlPacketAddGsPAbe - Queues a PABE register value in the pending GS command list
0x0023A158, nmlPacketAddGsPrmode - Packs primitive rendering flags into a PRMODE register entry and advances the GS queue
0x0023A1A0, nmlPacketAddGsPrmodecont - Queues a PRMODECONT register value in the pending GS command list
0x0023A1D0, packet_gs_entry32 - Appends two 32-bit payload words and a masked register address to the GS entry queue
0x0023A218, packet_gs_entry64 - Appends one 64-bit payload and a masked register address to the GS entry queue
0x0023A260, nmlPacketAddGsFba - Queues the supplied FBA register value for GS context zero
0x0023A290, _CurSetMatrix - Loads the supplied four-row matrix into the current VU matrix registers
0x0023A2A8, _CurSetViewScaleTrans - Loads the view-scale vector into VU register vf25 and the view-translation vector into vf26
0x0023A2B8, _CurRotTransPersClip - Transforms and perspective-projects one vector, stores screen coordinates, and returns six VU clipping flags
0x0023A320, nmlModelSetFilterGunosys - Generates a sinusoidally distorted screen grid and emits its filter geometry through queued GS commands
0x0023A828, nmlModelSetFilterStealth - Emits projected stealth samples with staged GS state, then overlays a translucent screen rectangle
0x0023B168, _WeightToGlobalPlaceInit - Loads four placement-matrix rows into VU registers used by subsequent weighted-vector transforms
0x0023B180, _WeightToGlobalPlaceVec - Blends packed bone weights, applies source and placement matrices, and stores the resulting global position
0x0023B218, _VectorLengthSQ - Returns the squared three-dimensional distance between the supplied vectors
0x0023B248, nmlFilterStealthMake - Allocates stealth-filter vertices, transforms weighted model positions, and writes projected sample geometry and color parameters
0x0023CA20, nmlFilterSetPacket - Dispatches enabled model filter bits to the Gunosys or stealth packet generator
0x0023CAF8, nmlFilterSetFrameToBuffer - Queues GS transfer registers that copy the selected framebuffer into the texture buffer
0x0023CC00, nmlFilterSetBufferToFrame - Queues GS transfer registers that copy the texture buffer into the selected framebuffer
0x0023CD08, nmlFilterSetBufferRender - Configures GS state for blending the display buffer with the supplied opacity
0x0023CEF8, nmlFilterSetFrameAlphaClear - Configures GS state and draws a full-screen primitive that clears framebuffer alpha
0x0023D010, nmlFilterSetTexClear - Configures GS state and draws a full-screen primitive that clears the texture buffer
0x0023D110, nmlFilterBackClear - Configures the back framebuffer and draws a full-screen clearing primitive without depth writes
0x0023D1F8, nmlFilterSetFlatRender - Configures dual-frame GS blending state from a model's flat-render opacity
0x0023D458, nmlFilterSetTexFillDraw - Emits successive GS state blocks that fill, blend, and border a rendered model texture
0x0023D8B8, nmlFilterSetVolumeCubeRender - Clips an axis-aligned volume against the active camera and draws its visible screen-space faces
0x0023E0E0, culling_matrix - Builds a transform from cell translation, rotation, and scale, then converts its eight corners into world space
0x0023E2B8, culling_cell_disp - Returns immediately because individual culling-cell display is not implemented here
0x0023E2C0, _FacePoint - Intersects a directed line with a plane and stores the resulting three-dimensional point
0x0023E338, _CheckLine - Computes the signed plane distance of a point from three plane coefficients and returns the dot product
0x0023E480, plane_from_points - Computes and normalizes a plane normal from three points, then stores its signed distance term
0x0023E570, setup_occlusion - Transforms an occlusion quad and derives its depth threshold plus five oriented clipping planes
0x0023E7E8, check_occlusion - Tests a point against every active occlusion plane and returns whether any configured volume contains it
0x0023E970, xglCullingCheck - Tests a point against active culling volumes unless culling is disabled, returning the first matching index
0x0023EA20, xglCullingCheckSeparateInit - Recomputes clipping planes for every registered occlusion cell using the supplied transform
0x0023EAA0, xglCullingCheckSeparate - Tests one indexed culling volume against supplied bounds and returns its occlusion result
0x0023EB38, xglCullingExist - Returns whether at least one culling volume is currently registered
0x0023EB48, xglCullingMapLastCheck - Tests registered culling volumes against the current point and records whether map-last rendering is required
0x0023EBC0, xglCullingMapInit - Clears active culling volumes, map-last state, source pointer, and the ignore-culling switch
0x0023EBE0, check_culling_map - Finds a named culling-map entry in the current map table and returns its index or minus one
0x0023EC98, xglCullingMapSet - Loads up to ten planes from a named culling-map record, builds their matrices, and records the source
0x0023EE18, xglCullingMapCreate - Allocates and initializes another map-culling cell when fewer than ten exist
0x0023EED8, xglCullingMapDisp - Draws debug geometry for every registered map-culling cell
0x0023EF30, xglCullingIgnore - Globally disables model culling by setting the ignore switch
0x0023EF40, xglCullingIgnoreOff - Re-enables model culling by clearing the ignore switch
0x0023EF48, xglCullingMapDebug - Returns immediately because map-culling debug output is not implemented here
0x0023EF50, _ModelCalcClipInit - Loads eight model clipping vectors into VU registers for subsequent bound tests
0x0023EF78, _ModelCalcClipMat2 - Transforms a point through two matrices and tests it against both camera clipping plane sets
0x0023F118, _ModelCalcClipMat1 - Transforms a point through one matrix and tests it against both camera clipping plane sets
0x0023F250, _ModelCalcClip - Tests a supplied point against both preloaded camera clipping plane sets
0x0023F358, nmlModelCalcClip - Tests model bounds against the active camera's combined view volume and returns its clipping mask
0x0023F3C0, nmlModelCalcClipNoCulling - Tests model bounds against the active camera while deliberately bypassing registered map-culling volumes
0x0023F410, nmlModelCalcClipMat1 - Transforms model bounds with one matrix before testing them against the active camera volume
0x0023F4A0, nmlModelCalcClipMat2 - Transforms model bounds through two matrices before testing them against the active camera volume
0x0023F560, nmlModelCalcClipCam - Loads camera clipping state and returns the supplied model bounds' visibility mask
0x0023F590, nmlModelCalcClipMat1Cam - Loads camera clipping state, applies one model matrix, and returns the resulting visibility mask
0x0023F5D0, nmlModelCalcClipMat2Cam - Loads camera clipping state, applies two model matrices, and returns the resulting visibility mask
0x0023F620, nmlModelCalcClipStudio - Selects a studio camera and returns the supplied model bounds' clipping mask
0x0023F690, nmlModelCalcClipMat1AllCam - Applies one model matrix and combines clipping results across every enabled studio camera
0x0023F788, nmlModelCalcClipMat2AllCam - Applies two model matrices and combines clipping results across every enabled studio camera
0x0023F8B0, _ApplyMatrix33 - Multiplies a vector by the upper three rows of a supplied VU matrix, excluding translation
0x0023F8E0, _ApplyMatrix - Multiplies a vector by all four rows of a supplied VU matrix, including translation
0x0023F910, _ApplyMatrix2Mat - Applies two supplied matrices successively to one vector and stores the transformed result
0x0023F960, SsdInit - Creates sound-service synchronization objects and worker threads, then initializes shared RPC control state
0x0023FB08, SsdQuit - Sends the sound-server shutdown command, waits for completion, then destroys RPC synchronization objects and worker threads
0x0023FB90, RSsdSifRpcThread - Initializes the IOP sound RPC client, wakes initialization waiters, and enters the RPC receive loop
0x0023FBB8, RssdInitIop - Binds the sound RPC service, registers its callback server, and performs initial setup
0x0023FC90, RssdSifRpcServer - Dispatches sound RPC callbacks, wave-stream refill requests, SPU reads, and registered completion handlers
0x0023FE68, RssdBusy - Signals the sound RPC semaphore so a waiting command can continue
0x0023FEB8, RssdSpuRead - Copies one returned SPU block into the destination and clears completion state after the final block
0x0023FF28, RssdBackgroundNextWave - Stores a pending background-wave refill request and wakes the dedicated transfer thread
0x0023FF68, RssdBackNextWaveThread - Sleeps until refill work arrives, sends each queued wave command, and clears its pending flag
0x0023FFF0, RssdCallFunc - Serializes one sound RPC request, copies inline payload data, submits it, and waits when synchronous completion is required
0x00240188, RssdSifRpcCallback - Copies the RPC response, reports status through the registered callback, and releases the completion semaphore
0x00240250, RssdFuncCallCompleted - Polls the RPC completion bit, optionally sleeping until set, then returns the server completion code
0x00240288, RssdGetCallCompletedCode - Returns the sound RPC completion bit from shared worker state
0x002402A0, SsdGetResultValue - Returns the latest sound-server result when ready, otherwise reports unfinished or invalid result state
0x00240328, SsdGetResultParam - Copies two sound-server result words when ready and returns completion, error, or pending status
0x002403B0, SsdSetServerCallback - Registers the sound-server callback function and its caller context
0x002403C8, SsdSetFuncCallback - Registers the sound-function callback and its caller context
0x002403E0, SsdSetStreamEndCallback - Registers the stream-completion callback and its caller context
0x002403F8, SsdResume - Clears stale result state and sends sound-server resume command 5
0x00240438, SsdSuspend - Clears stale result state and sends sound-server suspend command 6
0x00240478, SsdSetOutputMode - Packages the output mode and sends sound-server command 0x10
0x002404C0, SsdSetSPDIFMode - Packages the digital-output mode and sends sound-server command 0x11
0x00240508, SsdSetSpuVolume - Packages the SPU volume setting and sends sound-server command 0x12
0x00240550, SsdSetCDVolume - Packages the CD volume setting and sends sound-server command 0x13
0x00240598, SsdSetReverbParameter - Packages four reverb parameters and sends sound-server command 0x14
0x002405E8, SsdSendFuncPacket - Sends a nonempty sequence of 32-byte sound function packets through RPC
0x00240640, SsdSpuDirectRead - Starts a direct SPU read through RPC, tracks destination and size, and reports submission errors
0x00240700, SsdAddWaveData - Validates a wave bank and starts uploading its first segment, retaining any remainder for later transfer
0x00240818, SsdNextWaveData - Waits for the previous SPU DMA, then submits the next aligned wave-data segment to the server
0x00240890, SsdSetSegmentAllocMode - Enables result capture, sends allocation-mode command 0x2C, and returns immediate success
0x002408D8, SsdResetSegmentAllocMode - Enables result capture, sends allocation-reset command 0x2D, and returns immediate success
0x00240920, SsdDisposeWaveBank - Packages a wave-bank identifier and sends disposal command 0x22
0x00240968, SsdCheckWaveData - Requests wave-data status with command 0x24 and enables asynchronous result capture
0x002409B0, SsdSpuDmaCompleted - When its argument is nonzero, repeatedly calls RssdSifRequest until bit 2 of RssdWork clears; the routine has no return value
0x00240A28, SsdCheckSpuMemory - Packages an SPU address and sends memory-check command 0x100
0x00240A70, SsdAddEffectData - Validates and uploads an effect bank through sound RPC, returning the server result
0x00240AE8, SsdDisposeEffectData - Sends effect-bank disposal command 0x61 with the supplied bank identifier
0x00240B30, SsdCheckEffectData - Requests effect-bank status through command 0x62 and enables asynchronous result capture
0x00240B78, SsdPlayEffectNormal - Sends effect-play command 0x70 with effect and source identifiers
0x00240BC0, SsdPlayEffectParam - Sends parameterized effect-play command 0x71 with four caller values
0x00240C10, SsdSetPlayEffectParam - Updates an active effect using sound-server command 0x7C and four parameters
0x00240C60, SsdSetEffectParam - Updates effect defaults using sound-server command 0x7B and four parameters
0x00240CB0, SsdStopAllEffect - Clears stale result state and sends command 0x78 to stop every effect
0x00240CF0, SsdStopEffect - Sends effect-stop command 0x79 with effect and source identifiers
0x00240D38, SsdContinueOneEffect - Resumes one paused effect through command 0x7D using its effect and source identifiers
0x00240D80, SsdFadeoutEffect - Sends command 0x7E with an effect identifier, source, and fade duration
0x00240DD0, SsdFadeoutEffectFileID - Fades effects belonging to one file through command 0x7F with the requested duration
0x00240E18, SsdPlayWaveNormal - Starts a wave through command 0x90 using its wave and source identifiers
0x00240E60, SsdPlayWaveParam - Starts a wave through command 0x91 with four caller-specified playback parameters
0x00240EB0, SsdStopWave - Stops a wave through command 0x92 using its wave and source identifiers
0x00240EF8, SsdStopEffectFileID - Stops all effects for one file by sending sound-server command 0x7A
0x00240F40, SsdCheckPlayEffectAll - Requests aggregate effect playback status through command 0x80 and enables result capture
0x00240F80, SsdCheckPlayEffect - Requests one effect's playback status through command 0x81 using effect and source identifiers
0x00240FC8, SsdCheckPlayEffectFileID - Requests playback status for one effect file through command 0x82
0x00241010, SsdInitSampling - Initializes sampling through command 0xD0 with three configuration values
0x00241060, SsdDisposeSampling - Tears down the sampling subsystem by sending sound-server command 0xD1
0x002410A0, SsdSetSampleDmaCallback - Registers the sampling DMA callback and its caller context
0x002410B8, SsdSetSampleKeyoffCallback - Registers the sampling key-off callback and its caller context
0x002410D0, SsdTransferSampling - Sends initial sampling data through command 0xD2, including source pointer and byte count
0x00241128, SsdTransferSamplingNext - Sends the next sampling buffer through command 0xD3 with its byte count
0x00241178, SsdPlaySampling - Starts sampled playback through command 0xD4 with four playback parameters
0x002411C8, SsdStopSampling - Stops the specified sampling voice through sound-server command 0xD5
0x00241210, SsdSetSamplingParam - Updates sampling playback through command 0xD6 using four parameter words
0x00241260, SsdSetSamplingEffect - Configures sampling effects through command 0xD7 with three parameter words
0x002412B0, RssdRequestCall - Submits the caller-provided raw sound-server opcode without a payload
0x002412D0, SsdPlaySequence - Sends sequence-play command 0x30 with sequence data, size, and two playback options, returning server result
0x00241328, SsdAddSequenceData - Uploads a sized sequence block through command 0x31 and returns the captured server result
0x00241378, SsdAddSeqEffectData - Uploads sized sequence-effect data through command 0x38 and returns the captured server result
0x002413C8, SsdDisposeSequence - Sends sequence-disposal command 0x32 and enables asynchronous result capture
0x00241410, SsdStartSequence - Starts a loaded sequence through command 0x34 with three playback values
0x00241460, SsdResumeSequence - Resumes sequence playback by restoring its master volume through the common volume command
0x00241478, SsdStopSequence - Stops the specified sequence by sending sound-server command 0x36
0x002414C0, SsdPauseSequence - Pauses the specified sequence through command 0x37 with its transition parameter
0x00241508, SsdGetSeqPlayStatus - Requests sequence status through command 0x40 and returns the captured server result
0x00241558, SsdSetSeqMasterTempo - Sets sequence tempo through command 0x41 using sequence, tempo, and transition values
0x002415A8, SsdSetSeqMasterVolume - Sets sequence volume through command 0x42 using sequence, level, and transition values
0x002415F8, SsdSetSeqMasterNote - Transposes a sequence through command 0x43 using note and transition values
0x00241648, SsdSetSeqMasterPanpot - Sets sequence pan through command 0x44 using pan and transition values
0x00241698, SsdSetSeqNoteFader - Configures sequence note fading through command 0x48 with three parameters
0x002416E8, SsdSetSeqVolumeFader - Configures sequence volume fading through command 0x49 with three parameters
0x00241738, SsdSetSeqPanpotFader - Configures sequence pan fading through command 0x4A with three parameters
0x00241788, SsdSetSequenceOutputVolume - Sets sequence output level through command 0x4B with two parameters
0x002417D0, SsdSetEffectOutVolume - Sets effect-bus output level through command 0x4C with two parameters
0x00241818, SsdSetSeqPatchNumber - Selects a sequence patch through command 0x50 with sequence and patch identifiers
0x00241860, SsdSetTrackPatchSet - Uploads a variable-sized track patch table through sound-server command 0x51
0x002418B0, SsdSetSeqMute - Sets sequence muting through command 0x52 using sequence and mute-mask parameters
0x002418F8, SsdGetTimeCode - Converts a sample position into hours, minutes, seconds, frames, and residual samples
0x00241978, SsdSetSeqSignal - Sends command 0x58 to set a sequence signal value
0x002419C0, SsdInitPcmStream - Initializes PCM streaming through command 0xA0 and records the stream workspace pointer
0x00241A20, SsdDisposePcmStream - Disposes PCM streaming resources by sending sound-server command 0xA1
0x00241A60, SsdPlayPcmStream - Starts PCM streaming through command 0xA2 with stream and playback parameters
0x00241AA8, SsdStopPcmStream - Stops the specified PCM stream through sound-server command 0xA3
0x00241AF0, SsdSetPcmStreamData - Supplies the next PCM buffer and byte count through command 0xA4
0x00241B40, SsdGetPcmStreamStatus - Requests PCM stream status through command 0xA5 and enables result capture
0x00241B80, SsdSetPcmStreamVolume - Sets PCM stream volume through command 0xA6 with channel and level parameters
0x00241BC8, SsdInitVagStreamStereo - Initializes stereo VAG streaming through command 0xB0 and records the stream workspace
0x00241C28, SsdInitVagStreamMono - Initializes mono VAG streaming through command 0xB1 with workspace and channel configuration
0x00241C88, SsdDisposeVagStream - Disposes VAG streaming resources by sending sound-server command 0xB2
0x00241CC8, SsdPlayVagStream - Starts VAG streaming through command 0xB3 with three playback parameters
0x00241D18, SsdStopVagStream - Stops the selected VAG stream through sound-server command 0xB4
0x00241D60, SsdSetVagStreamDataStereo - Supplies stereo VAG buffer addresses and size through sound-server command 0xB5
0x00241DB8, SsdSetVagStreamDataMono - Supplies mono VAG buffer address and size through sound-server command 0xB6
0x00241E10, SsdGetVagStreamStatusStereo - Requests stereo VAG status through command 0xB7 and enables result capture
0x00241E50, SsdGetVagStreamStatusMono - Requests one mono VAG stream's status through command 0xB8
0x00241E98, SsdGetVagStreamParam - Requests VAG stream parameters through command 0xB8 for the selected stream
0x00241EE0, SsdGetVagStreamStatusAll - Requests aggregate VAG stream status through command 0xBE
0x00241F20, SsdSetVagStreamPitch - Sets VAG stream pitch through command 0xBA with stream, pitch, and transition values
0x00241F70, SsdSetVagStreamVolume - Sets VAG stream volume through command 0xBB with stream, level, and transition values
0x00241FC0, SsdSetVagStreamPanpot - Sets VAG stream pan through command 0xBC with stream, pan, and transition values
0x00242010, SsdSetVagStreamParam - Updates VAG stream parameters through command 0xBD with stream and parameter values
0x00242060, SsdClearStreamRingBuffer - Clears the selected stream ring buffer through sound-server command 0xBF
0x002420A8, SsdInitMemoryManager - Aligns the memory arena to 64 bytes and initializes its sentinel allocation-list header
0x00242108, SsdNewMemoryPtr - Allocates a low-address sound-memory block while interrupts are disabled and returns its aligned payload
0x00242150, iSsdNewMemoryPtr - Finds the first fitting allocation gap, inserts a cleared 64-byte-aligned block, and returns its payload
0x00242230, SsdNewMemoryPtr2 - Allocates a high-address sound-memory block while interrupts are disabled and returns its aligned payload
0x00242278, iSsdNewMemoryPtr2 - Finds the highest fitting allocation gap, inserts a cleared aligned block, and returns its payload or null
0x00242380, SsdDisposeMemoryPtr - Removes a sound-memory allocation from the linked list while interrupts are disabled
0x002423B0, iSsdDisposeMemoryPtr - Unlinks the allocation header associated with a sound-memory payload from the active list
0x00242408, SsdGetBlockMemorySize - Returns the payload size recorded in a sound-memory allocation header
0x00242418, SsdGetMemoryFreeSize - Sums free gaps between sound-memory allocations while interrupts are disabled and returns available bytes
0x002424A8, SsdGetMemoryBlocks - Counts allocated sound-memory list nodes while interrupts are disabled and returns the total
0x00242508, SsdCopyMemory - Copies an arbitrary byte count using sixteen-byte, word, and trailing-byte chunks
0x002425D8, SsdClearMemory - Zeroes an arbitrary byte count using thirty-two-byte, sixteen-byte, and trailing-byte chunks
0x00242668, GameCFSoundPurgeSub - Stops field effect channels and clears their cached handles and playback identifiers
0x002426D0, GameCFSoundPurge - Unloads field sequence and wave banks, then clears all associated resource handles
0x00242758, GameCFSoundReload - Clears eight sound banks, reconfigures segment arenas, reloads field effects, and purges stale effect handles
0x002427F0, GameCFSoundMenuPurge - Records playing menu sequences, stops effects, and unloads menu-specific sequence and wave banks
0x002428E0, GameCFSoundMenuReload - Reloads map and enemy effects, then resumes flagged sequences unless simulation or drill mode suppresses them
0x002429C0, Game_Data_Push - Saves all actors, game state, effects, and hidden map blocks after purging field audio
0x00242B40, Game_Data_Pop - Restores saved game, actor, effect, visibility, sound, and map state after pending disc reads finish
0x00242EF0, MenuGameDataPush - Copies all actor records and saves camera, lighting, and game state before entering menus
0x00242F90, MenuGameDataPop - Restores saved actors after menus, rebuilding changed party models and refreshing unchanged actors' motion state
0x00243188, GameStateSaveCameraLight - Saves the active camera state and copies the current studio light into persistent game storage
0x00243200, GameStateRestoreCameraLight - Restores saved camera state and copies persistent lighting back into the active studio
0x00243278, GameStateSave - Saves camera and lighting state into the shared game-state snapshot
0x002432F0, GameStateRestore - Restores saved camera, lighting, and breakable-object state from the shared game snapshot
0x00243320, GamePushSaveDataUser - Copies current map, party, character, inventory, money, and user state into the save buffer
0x00243658, GamePopSaveDataUser - Restores user, character, inventory, money, audio, display, and HDD settings from saved game state
0x002439E0, InitCfSystem - Resets field-mode input, actors, audio, camera, lighting, effects, windows, and render state
0x00243BE0, checkAttr - Extracts actor attribute bits 8-12 when no high attribute class is set, caching the result
0x00243C10, getScriptFlag - Returns the actor script flags stored at runtime offset 0x124
0x00243C18, checkTalk - Finds the nearest talk-enabled actor within vertical, distance, direction, and global-state constraints, returning its index
0x00243E10, checkTouch - Finds the nearest touch-enabled actor satisfying global-state, height, and overlap constraints, returning its actor pointer
0x00243FA0, checkItemBoxDir - Classifies the player's facing relative to an item box and returns whether the permitted approach direction matches
0x00244088, checkItemBox - Finds the nearest unopened item box within height, distance, visibility, and approach-direction limits
0x00244240, CheckGameSymbol - Selects the nearest actionable actor or map symbol and toggles the game's interaction-available status flag
0x002446B8, GameDispTag - Projects actors and markers through the active camera and prints color-coded debug identifiers onscreen
0x00244A90, GameDrawShadow - Draws shadows for every active, visible actor whose shadow flag is enabled
0x00244B00, GameDrawSync - Advances camera and vibration, dispatches the field render pipeline, sleeps one frame, and resets global fog
0x00244D20, GameModeEvtTools - Handles pause and exit shortcuts, updates event tools, and invokes the camera callback when tracking finishes
0x00244E28, GameModePause - Handles pause exit, updates pause UI and actors, and invokes the camera callback after movement completes
0x00244F60, GameModeEvtDebug - Handles debug-event exit, updates toolkit state, and invokes the camera callback after movement completes
0x00245060, GameModeCfMain - Runs the field-mode frame, handling pause, menus, player interaction, scripts, actors, map updates, and battle transitions
0x002458D0, checkTalkPoint - Debounces interaction input, rejects blocked or loading states, and starts talk with the nearest eligible target
0x00245A38, actSequenceClear - Clears the selected actor's sequence state, motion flags, timers, and interpolation records
0x00245AB0, actTalkAfter - Finalizes conversation state for the supplied actor through the shared post-talk handler
0x00245AF8, GameModeCfEvent - Advances scripts, camera, actors, and map units unless the pause chord requests a mode exit
0x00245BA8, GameModeDebugMenu - Updates debug menus and paused actors, then runs the camera completion callback when available
0x00245C58, Game - Initializes field systems and runs the main mode loop until transition flags trigger complete teardown
0x00246098, DrawShadow - Appends the fixed pause-screen shadow primitive block to the active VIF packet
0x002460C0, DrawCredit - Appends the fixed pause-screen credits primitive block to the active VIF packet
0x002461C8, PauseMenu - Draws pause or credits screens and performs a deferred screenshot save at counter value 0x66
0x00246308, GamePauseDispBG - References the seven-qword pause background primitive from the current render packet
0x00246340, GamePauseDispCf - Centers the field-pause message near the screen bottom and draws its background
0x00246398, GamePauseDispEvent - Draws the field-pause display plus centered instructions for resuming or skipping an event
0x00246428, MAP_getPath - Returns the normal, host-test, or alternate map directory according to the configured test-path mode
0x00246470, taskMapChange - Draws the fading map-change overlay, requests back-buffer rendering, and ends the transition at zero alpha
0x00246530, MapChangeFadeSet - Captures the frame and starts a map-change fade task when no transition is active
0x00246598, MapReset - Reinitializes map animation, model placement, culling, color, and render-level state from loaded resources
0x00246628, MapChangeResource - Activates a loaded map resource, resets map state, and applies entrance-specific player placement when available
0x002466F0, MapChange - Begins the map-change fade and requests loading of the supplied map identifier
0x00246718, MapChange2 - Loads and activates a valid map immediately without starting the normal transition fade
0x00246778, MapGetName - Resolves a valid map identifier through indexed name tables and returns its path component or null
0x002467F8, MapDraw - Configures lighting, texture, color, placement, clipping, and render level before submitting the loaded map model
0x00246900, MapGetNo - Returns the numeric identifier of the currently loaded field map
0x00246910, MapInit - Selects the normal map path by clearing the test-path mode
0x00246918, GameCameraReset - Resets all field camera definitions, offsets, interpolation state, and the active camera identifier
0x00246A48, GameCameraStateSave - Copies the main studio camera and current field camera metadata into saved state
0x00246AD8, GameCameraStateRestore - Restores the primary studio camera and saved field-camera metadata into active state
0x00246BC0, GameCameraChangeID - Selects new camera definition data, falling back to the default, and resets interpolation pointers
0x00246C60, MoveHokan - Moves a vector toward its target by a countdown-scaled offset, snapping when distance or timing is invalid
0x00246DC0, GetCenter - Computes an actor-centered camera target using field offsets and a type-dependent vertical adjustment
0x00246E28, GetCameraPos - Builds translation and pitch-yaw transforms around a target, returning the resulting camera world position
0x00246ED8, GetNearestCenter - Finds the triangle center nearest a reference point in XZ space and returns its centroid
0x00246FF8, CalcLookAt - Resolves camera look-at collision, retries from nearby actor centers, and steps through long corrections incrementally
0x00247280, CalcCameraPos - Resolves camera-position collision, falls back to look-at position, and scales retries for unstable displacements
0x00247480, CameraType0 - Tracks the player center while interpolating camera position, look-at point, pedestal, angle, and perspective
0x00247E38, CameraType1Core - Computes collision-aware camera and look-at targets, then interpolates current view parameters toward them
0x00247FD8, CameraType1 - Runs type-one tracking and derives camera yaw from the resolved position-to-focus vector
0x00248230, CameraType4 - Uses scripted camera parameters while deriving its focus from the tracked actor center
0x00248460, GameCameraDefocus - Projects the focus target and updates defocus parameters from its screen position and camera depth
0x00248668, GameCamera - Updates active camera mode, collision state, interpolation, shake, clipping, and defocus each frame
0x00248FF8, LookAt_Player - Aims the player at a forced target or nearest visible actor, otherwise releases look-at tracking
0x00249130, Player_System_Init - Resets actor sequence, scale, collision, effect handles, look-at arrays, enemy encounter flags, and sixteen player control slots for the selected actor
0x002492A8, GameCfPlayerMoveParamSet - Stores floating walk and run thresholds, converts both to integer thresholds, and records the supplied movement-vector rate
0x00249300, GameCfPlayerMoveInit - Restores default walk and run thresholds plus the controller-vector scaling rate
0x00249338, GameCfPlayerMove - Converts controller input into player motion, resolves collisions, selects animations, and updates movement effects, lighting, shadows, and interactions
0x00249C28, HitCheckActor - Finds the nearest collidable actor intersecting the supplied actor's movement volume, returning its identifier or 0xFFFF
0x00249D70, NyuruActor - Moves an actor along a sinusoidal heading toward its target while updating facing and motion speed
0x00249EF0, PlayerLookAtAim - Builds an elevated aim point from the selected marker and turns the player toward it
0x00249F78, GameCfPlayerLoadResource - Loads the selected player's model, textures, motion pack, and sound bank when cached resources differ
0x0024A378, default_callback - Yields execution once when an asynchronous resource request has no specialized callback
0x0024A390, RES_getPath - Returns the directory string for the active scene-path index, defaulting when the index exceeds the table
0x0024A3C0, RES_getScenePath - Combines the selected scene directory with its resource subpath and returns the constructed path
0x0024A4E8, RES_GetEnemySeBank - Finds an enemy sound entry by identifier and returns its bank index or minus one
0x0024A530, RES_GetEnemySeType - Finds an enemy sound entry by identifier and returns its effect type or minus one
0x0024A570, RES_GetEnemySeFoot - Finds an enemy sound entry by identifier and returns its footstep type or minus one
0x0024A5B0, RES_GetEnemySeName - Returns the fixed-width sound-bank name for indices below eight, otherwise null
0x0024A5E0, RES_GetMotBaseID - Searches the loaded motion list for a matching motion code and returns its base identifier
0x0024A650, convert_face - Translates a face identifier through the active character-specific face table, preserving unmapped values
0x0024A6E8, resource_typeid_translate - Normalizes face and motion resource identifiers into the internal resource-table type and index representation
0x0024A7D0, GameResourceSearch - Translates a resource key and returns the matching live resource-table entry or null
0x0024A898, resource_get_free - Returns the first unused resource-table index or minus one when every slot is occupied
0x0024A8E0, GameResourceGetFreeAddr - Compacts released resource slots and returns the first aligned address after live allocations
0x0024A930, GameResourceWorkAlloc - Finds reusable resource workspace above the requested size or falls back to the fixed reload arena
0x0024A998, GameResourceWorkReload - Reloads resources into the alternate workspace, reinitializes actors, and swaps the active resource table
0x0024A9D8, GameResourceAlloc - Reserves an aligned block from the next free resource slot and records its allocation metadata
0x0024AA90, GameResourceRealloc - Locates a loaded resource and relocates its allocation metadata to the caller-provided address
0x0024AB38, next_arc_size - Extracts the next archive member and advances the aligned destination cursor by its expanded size
0x0024AC78, next_line - Advances past the current line, surrounding whitespace, and any following comment lines
0x0024AD38, skip_space - Advances a text cursor past consecutive spaces and horizontal tabs
0x0024AD80, search_key - Searches one command line for a named key, parses its value, and returns the following cursor
0x0024AF80, command_reset - Parses a decimal resource index, resets resources from that slot onward, and returns the advanced cursor
0x0024AFF8, command_loadmap - Resolves a textual map name, loads its resources, and optionally installs and fades to the map
0x0024B138, command_loadact - Parses an actor resource key, loads its model bundle, and returns the advanced cursor
0x0024B198, command_loadface - Parses an actor resource key, loads its facial model bundle, and returns the advanced cursor
0x0024B200, command_loadmot - Parses a motion-pack name and numeric option, loads it, and stores the option in its descriptor
0x0024B350, RES_GetFootStepNo - Returns the actor resource's configured footstep number, defaulting to zero when no metadata exists
0x0024B368, command_loadtex - Parses a decimal texture identifier, loads that texture resource, and returns the advanced cursor
0x0024B3F0, command_loadmovie - Parses a decimal movie identifier, loads that movie resource, and returns the advanced cursor
0x0024B478, command_loadeffect_sub - Loads an effect configuration from archive memory when available, otherwise loads it by filename
0x0024B4E0, command_loadeffect - Parses an effect filename, loads its effect resource through the helper callback, and advances the cursor
0x0024B590, command_loadene_sub - Installs the enemy preset from its loaded file or advances through the equivalent archive entry
0x0024B5C8, command_loadene - Parses an enemy resource filename, loads its preset through the helper callback, and advances the cursor
0x0024B678, command_script - Parses a script filename, resolves its scene path, starts loading it, and advances past the command arguments
0x0024B790, command_player - Loads player resource set zero and returns the input command cursor unchanged
0x0024B7C0, command_dummy - Reserves or relocates dummy resource storage according to parsed size and address options
0x0024B828, RES_GetLeaderSeName - Builds the current party leader's footstep sound-bank name in the output buffer
0x0024B898, RES_GetMapEnvSeName - Copies the current map environment sound-bank name into the output buffer
0x0024B8D8, command_loadse - Parses footstep, environment, and sequence names, then conditionally loads and starts their sound resources
0x0024BD70, command_loadsmd - Parses multiple sequence names and flags, loads each SMD, and optionally starts playback
0x0024BFF8, command_mpeg2_core - Parses movie options, starts MPEG playback, and returns the cursor following the consumed command text
0x0024C0F0, command_mpeg2 - Starts normal MPEG playback with fading enabled and returns the advanced command cursor
0x0024C108, command_mpeg2battle - Starts battle MPEG playback after requesting a script fade and returns the advanced cursor
0x0024C148, command_mpeg2nofade - Starts MPEG playback with fading disabled and returns the advanced command cursor
0x0024C160, command_event2battle - Sets the script's battle-transition frame lock and returns the input command cursor unchanged
0x0024C188, command_player_lock - Leaves the player-lock command cursor unchanged because this command performs no runtime action
0x0024C1A8, command_enenpcse - Parses enemy or NPC sound-bank options, allocates storage, and loads each selected effect archive
0x0024C420, command_enese - Loads enemy sound effects by invoking the shared sound command parser in enemy mode
0x0024C438, command_npcse - Loads NPC sound effects by invoking the shared sound command parser in NPC mode
0x0024C450, command_disk - Converts the cursor's ASCII digit to a disc number, requests that disc, and returns the same cursor
0x0024C480, command_save - Parses a decimal intermission identifier, starts that save transition, and returns the advanced cursor
0x0024C4F8, GameResourcePreLoad - Preloads a scene command file and optional archive at the top of available memory
0x0024C598, readreq - Starts a CD file read using the supplied path, destination, offset, and completion callback
0x0024C5B8, GameResourceLoad - Loads scene commands and their archive, then dispatches each recognized resource command until the end marker
0x0024C850, RES_loadFileSubMapSub - Builds a map resource path, falls back to the dummy path, and queues the file read
0x0024C9B0, RES_loadFileSubMap - Loads and aligns a map's model, texture, collision, and auxiliary resources into one block
0x0024CB68, RES_GetMotBaseName - Searches the loaded motion-name table for an identifier and returns its matching name record or null
0x0024CBD8, RES_GetMdlFileNameSub - Resolves model, motion, and face identifiers into the corresponding resource filename and archive member
0x0024CED8, RES_GetMdlFileName - Normalizes a model resource key and returns its resolved filename through the shared lookup routine
0x0024CF90, RES_loadFileSub - Builds type-specific resource paths and loads aligned model, map, motion, effect, movie, or texture data
0x0024D5A0, RES_loadFile - Finds or allocates a resource slot, invokes its loader, and records aligned size and type metadata
0x0024D7B8, GameResourceGetIndex - Searches active resource slots for the supplied pointer and returns its index or minus one
0x0024D800, GameResourceDump - Prints each allocated resource slot's type, identifier, address, size, and loading state for debugging
0x0024D8E8, GameResourceReset - Coalesces storage from a selected resource slot onward, clears later entries, and unloads enemy sound banks
0x0024DA08, GameResourceInit - Initializes the resource table, installs its memory arena and callback, and clears fixed load addresses
0x0024DAA0, GameSnapShotNumber - Stores the requested screenshot sequence number in the global snapshot filename state
0x0024DAC0, GameSnapShotCheck - Returns immediately because snapshot availability checking is not implemented here
0x0024DAC8, GameSnapShotExecute - JPEG-encodes the display, writes the snapshot and optional metadata file, then increments its numbered filename
0x0024DD18, GameSnapShotSaveThumbnail - Copies the display image through GS and JPEG-encodes a 128-by-112 thumbnail at the destination
0x0024DE50, GameSnapShotSave - Builds a JPEG snapshot containing timestamp and map metadata, thumbnail data, and the full display image
0x0024E098, GameSnapShotSaveFile - Writes snapshot data to a numbered file, advances the four-digit filename, and returns its prior number
0x0024E240, GetTex0 - Packs framebuffer base, context, and pixel format into a GS TEX0 register value for supported buffers
0x0024E2C0, DefocusMainType01 - Repeatedly draws a colored textured rectangle using the configured source, bounds, depth, and iteration count
0x0024E458, DefocusMainType02 - Copies between display and draw buffers using alternate packet layouts selected by the configured repeat count
0x0024E5A0, DefocusMainType03 - Repeatedly draws a full-color textured rectangle from the secondary framebuffer using configured bounds
0x0024E730, DefocusMainType05 - Draws one colored textured rectangle with independently configured source coordinates and destination bounds
0x0024E8A8, DefocusMainType06 - Draws one colored untextured rectangle from configured destination coordinates and dimensions
0x0024E9B0, DefocusMainType07 - Generates and draws a radial textured blur mesh with thirty-two angular bands and eight depth steps
0x0024EE00, DefocusMainType08 - Generates randomized streaks and animated circular trails, then appends their colored particle geometry to the packet
0x0024F520, DefocusMainType09 - Saves interpolation state and configures GS external-buffer registers for scanline defocus output
0x0024F710, DefocusMainType09Final - Disables external writes and restores the saved scanline-interpolation and display-field settings
0x0024F750, DefocusMainType10 - Copies the framebuffer through a moving rectangle while fading its channels, then disables the effect
0x0024FA80, DefocusMainType11 - Animates sine-wave offsets and renders the framebuffer through a distorted sixteen-by-fourteen textured grid
0x0024FDA8, DefocusMain - Wraps packet state around dispatching each active defocus slot to its type-specific renderer
0x0024FE70, GameDefocusCheck - Returns whether the indexed defocus layer is active and has a supported effect type
0x0024FED8, GameDefocusFinalize - Finalizes type-nine defocus resources when needed, then clears the selected layer's active state
0x0024FF40, GameDefocusSet - Finalizes and configures one defocus layer from sixteen optional parameters, or clears every layer for a negative index
0x00250038, GameDefocusQuickSet - Clears four grouped layers and applies a predefined defocus configuration selected by type, value, and color
0x002502D0, GameMovieMain - Advances active movie playback and submits its current frame with the configured alpha and transparency
0x00250390, GameMovieStop - Closes the active movie stream and releases its playback state
0x002503C0, GameMoviePlay - Closes any active movie and opens the requested replacement in the global movie context
0x00250410, movie_skip - Detects the movie-skip button during active events, sends the script signal, and reports whether skipping began
0x00250470, caption_nextline - Advances a caption cursor past line endings, blank lines, and semicolon-prefixed comment lines
0x002504F8, caption_getparam - Measures caption lines and returns their count, maximum width, and text bounds under the selected font settings
0x00250708, caption_convert - Wraps caption text to the configured width, centers each line, and writes the converted display buffer
0x002507C8, GameMpeg2Play - Plays an MPEG with optional captions, pause and skip handling, then restores rendering and model fade state
0x00250C58, GameMovieInit - Allocates movie buffers, initializes playback metadata, and resets alpha, transparency, and status fields
0x00250CF0, PauseMenuPage0 - Draws runtime and resource diagnostics, handles page controls, and optionally dumps the resource table
0x00250DA0, PauseMenuPage2 - Draws editable player and camera diagnostics while applying controller adjustments to selected values
0x00251470, PauseMenuPage3 - Displays map and screenshot controls, updates snapshot numbering, and handles capture-related debug actions
0x00251E20, GameDebugMenu - Dispatches the selected debug page and handles page cycling, close input, and shared status text
0x00251F40, clear - References the fixed six-qword background clear block from the current VIF packet
0x00251F78, GameBgDrawType0 - Returns immediately because background type zero has no frame renderer
0x00251F80, nullfunc - Returns immediately without modifying state or invoking other functions
0x00251F88, GameBgDrawType1 - Advances randomized background particles, respawns offscreen entries, and appends their line primitives to the packet
0x002522C8, GameBgDrawType1Entry - Initializes particle-background defaults and installs its draw callback for subsequent frames
0x00252318, GameBgDrawType2 - Animates four circular background bands and emits their clipped textured quadrilaterals plus a noise texture update
0x00252C30, GameBgDrawType2Entry - Initializes randomized parameters for the four-band background effect and installs its frame callback
0x00252D50, GameIdLightSet - Selects an actor lighting preset from terrain data and interpolates toward it over four frames
0x00252FC8, GameRadarDraw - Fades the radar by game state, draws its frame, then renders ping and actor markers
0x00253258, DrawRadarPing - Generates an expanding circular radar pulse from trigonometric segments and submits its primitive packet
0x00253520, DrawRadarInfo - Projects nearby active actors relative to the player and draws color-coded radar markers
0x00253780, DrawActorPoint - Constructs and submits a rotated triangular radar marker when its angle lies within the display arc
0x00253AD8, CheckActorExist - Returns whether the indexed actor slot is populated, enabled, and eligible for radar display
0x00253B08, GameRadarInit - Loads the radar texture resource from disc into the fixed radar buffer
0x00253B58, DrawImage - Appends packet references that draw both halves of a large image buffer
0x00253C70, DrawBack - Clamps background opacity, updates its framebuffer register, flushes cache, and references the primitive packet
0x00253D00, copyframe - Constructs and submits a ten-qword VIF direct packet that copies the configured framebuffer rectangle between GS buffers
0x00253E28, redraw_frame - Waits for rendering, redraws the captured frame twice, and synchronizes display state around each submission
0x00253E68, GameEnd - Captures the final frame, loads the ending image, displays it, then shuts down field resources
0x002540D0, GameOver - Captures the frame, fades into the game-over presentation, waits for input, then performs game teardown
0x002542D8, Intermission - Captures the frame, loads and runs the intermission screen, then restores display and resource state
0x002544B8, drawbg - Appends the fixed background test primitive block to the current VIF packet
0x00254500, replace - Rewrites matching full-width placeholder characters throughout a terminated string using the supplied digit
0x00254548, GameDiskChange - Validates the disc number, displays the insertion prompt until success or cancellation, then refreshes archive state
0x00254760, testfunc - Appends the supplied qword block directly to the current VIF packet
0x00254788, FontTestSub - Loads and validates test font data, clears its work buffer, and returns the parsed line count
0x00254970, FontTestP0 - Displays adjustable font metrics, updates scale and spacing from controller input, and returns the current test status
0x00254E20, FontTestP1 - Displays font palette and spacing samples, handling controller input to select and modify test parameters
0x00254F28, FontTestLine - Sends a three-dimensional line primitive used to mark measured font widths
0x00254F78, FontTestP2 - Adjusts test width from controller input, prints sample strings, marks measured widths, and optionally dumps glyph widths
0x002551A8, FontTest - Runs selectable font test pages until the exit chord, updating page selection and font resources
0x002552D0, UmlDispTestSub - Appends UML display test primitives directly to the current VIF packet
0x00255368, UmlDispTest - Loads and displays UML test assets, cycles selections from controller input, and exits on the test chord
0x00255778, DatabaseTest - Exercises database sound and text resources interactively, cycling records and waiting for asynchronous loads
0x00255948, XenoMovieCheck - Runs an interactive movie-selection test, changing entries with controller input and stopping playback on exit
0x00255AF8, HddTestFormat - Issues the HDD format devctl with a 0x2000-byte allocation unit and returns the command result
0x00255B78, HddTestShutdown - Prints the HDD shutdown message and sends devctl commands 0x5003 and 0x4806 to the two HDD device paths
0x00255BD8, HddTestHddFull - Writes blocks to a test file until storage fills, returning the first open or write error
0x00255C98, HddTestMountCommon - Mounts the HDD partition in read-write mode, prints the result code, and returns printf's result
0x00255CD8, HddTestUnmountCommon - Unmounts the HDD partition, prints the result code, and returns printf's result
0x00255D08, HddTestMakeYourSaves - Creates the YOURSAVES directory and reserves its configured HDD space, returning any filesystem error
0x00255DB0, HddTest1024Save - Creates 1024 numbered save files, verifies their metadata, and reports the first filesystem failure
0x00255F08, HddTestDummyFolder - Mounts the HDD, creates up to 256 numbered test directories, reports results, and unmounts
0x00255FD0, HddTestDummySave - Repeatedly creates dummy save folders until requested free-space thresholds or device errors stop allocation
0x00256168, HddTestMakeYS - Mounts the HDD, creates the YOURSAVES directory hierarchy, and then unmounts the device
0x00256190, HddTest - Runs an interactive HDD diagnostics menu and returns the selected operation's result on exit
0x002563F0, mt_GetPortName - Returns the display name associated with the indexed memory-card port
0x00256408, MemcardTest - Presents interactive memory-card operations, executes selected format and file commands, and displays both ports' status
0x00257488, xtxdec_nextline - Returns the character after the next newline, or null at the buffer end
0x002574D8, xtxdec_getdec - Skips spaces, parses a decimal token into the output, and returns the first following character
0x002575C0, xtxdec_put4byte - Writes the four bytes of the supplied 32-bit value to destination offsets 0 through 3 in little-endian order
0x002575E0, xtxdec_sub - Opens an XTX file, parses its header, reads image payloads, and expands encoded pixel data into output memory
0x00257CC0, xtxdec_sleep - Prints decoder status and sleeps unless the controller abort chord is held
0x00257D10, xtxdec_error - Waits for pending decode work, closes an open descriptor, records failure, and releases decoder ownership
0x00257D80, XtxDecode - Starts asynchronous XTX decoding when idle, polls active work, and returns completion or error status
0x00257E78, Dummy - Toggles capture start or end according to the supplied mode and returns the resulting capture state
0x00257EC0, YajimaTest - Runs the capture debug menu, updates selected options, and resets controller repeat thresholds before returning
0x00258010, getfbp - Returns the draw or display framebuffer base in GS page units according to active buffer mode
0x00258050, tyaBmpOutput - Synchronizes the GS, reads framebuffer pixels, converts them, and writes a BMP file with headers
0x00258300, tyaSiPicOutput - Synchronizes the GS, captures framebuffer tiles, and writes the proprietary SI picture format
0x00258A70, tyaCaptureMain - Installs capture dispatch, writes completed BMP or PIC frames, increments filenames, and restores callbacks when finished
0x00258D28, tyaCaptureNull - Returns immediately as the capture system's empty rendering callback
0x00258D30, tyaCaptureActor - Positions and draws one actor for capture, temporarily overriding model scale and visibility settings
0x00258E38, tyaCaptureShadow - Draws the selected actor's shadow into the capture scene using its current pose and placement
0x00258EC0, tyaCaptureUnit - Draws one map unit at the requested capture transform and visibility configuration
0x00258F28, tyaCaptureUnit2 - Draws an alternate map-unit capture pass with caller-provided transform and rendering flags
0x00259018, tyaCaptureStart - Builds capture filenames, configures layer-specific render callbacks and flags, then starts image capture
0x002592F0, tyaCaptureEnd - Finishes pending capture output, restores font and display settings, releases buffers, and clears capture state
0x00259340, task_menubg_sub - Transforms, clips, shades, and submits one mirrored half of an animated menu background object
0x00259758, task_menubg - Animates a menu background object's scale and motion, updates its camera, renders both halves, then removes completed tasks
0x00259980, tyaMenuBgEntry - Seeds animated menu-background particles, initializes their task state, and schedules the background update callback
0x00259A88, tyaElevatorTask - Assigns an elevator slot, interpolates its height toward the target, and updates linked map and object positions
0x00259C38, DrawImage - Appends packet references that draw both halves of the display-adjustment image buffer
0x00259D50, tyaDisplaySetting - Applies saved display offsets, resets them, or interactively adjusts them over a decoded test image
0x0025A0B0, tyaDrawGauge - Builds a colored gauge whose filled width reflects the clamped current-to-maximum ratio
0x0025A1C0, YtachiTest - Returns immediately because this developer test hook has no implementation
0x0025A1D8, dummy_func - Aligns a transform's X or Y axis according to the supplied selector and target vector
0x0025A210, SCENE_instance - Creates a scene script instance, resolves lifecycle methods, and stores its class, thread, and stage references
0x0025A6B8, SCENE_dispose - Returns whether the supplied object is an instance of the configured scene class
0x0025A6D8, SCENE_cleanup - Resolves and invokes the scene cleanup method, then releases its script object and thread references
0x0025A778, SCENE_start - Resolves a scene method and schedules its thread, marking self-started scenes for replacement
0x0025A8C0, disptest - Toggles display state from controller input and removes its task when the exit condition is met
0x0025A950, DISP_on - Creates a display-control task configured to enable the requested render state
0x0025A9C0, DISP_off - Creates a display-control task configured to disable the requested render state
0x0025AA38, loader - Runs the map-loading worker, resolving the map name and removing its task when complete
0x0025AB90, LoadMap - Resets resources and actors, then schedules a map-loading task with the requested map identifier
0x0025AC20, LoadMap2 - Resets resources and actors, then schedules a map-loading task with map and secondary identifiers
0x0025ACB8, LoadMapOnly - Schedules a map-only loading task without resetting current resources or actors
0x0025AD30, EventTimerTask - Counts down outside blocked game states, invokes its callback at zero, and removes itself
0x0025ADA0, setEventTimerTaskEntry - Creates an event timer task and stores its callback method and countdown
0x0025AE20, STAGE_create - Stores the active stage identifier used when constructing scene script instances
0x0025AE30, STAGE_instance - Creates a stage script thread, resolves its methods, invokes initialization, and stores the resulting object
0x0025B118, MSG_init - Clears the persistent flags controlling message conversion and queue parsing
0x0025B120, MSG_print2 - Converts formatted message text, prepends type-four control bytes when needed, and queues the resulting buffer
0x0025B1A8, MSG_send - Returns immediately because direct message sending is not implemented here
0x0025B1B0, MSG_getSize - Scans message bytes and control sequences until termination, returning the encoded byte length
0x0025B320, MSG_dump - Scans sixteen-byte message chunks while replacing control characters in a temporary printable view
0x0025B398, MSG_queueReset - Updates persistent control-code mode and clears queue offsets for full or newline-only resets
0x0025B3F0, MSG_queueGetInfo - Scans one queued message, calculating visible characters, proportional width, line count, and control-code boundaries
0x0025B688, MSG_queuePop - Extracts the next display line, preserving control codes and updating remaining text, width, and queue offsets
0x0025BA78, MSG_copyln - Copies one display line with EUC conversion, control-code preservation, and bounded output termination
0x0025BE40, MSG_queuePush - Appends bounded message text to a queue while preserving multibyte characters, bracket commands, and control codes
0x0025C0F8, matchBracket - Finds the matching nested closing delimiter for parentheses, square brackets, or braces
0x0025C1A8, MIF2_dummy - Spins for the requested positive iteration count and returns its first argument unchanged
0x0025C1E0, MSG_setArgs - Classifies message arguments as numeric or string values and parses decimal or hexadecimal numbers
0x0025C2E0, rubyFont - Emits ruby-text font control bytes and advances the output pointer according to the selected annotation size
0x0025C3A0, MIF2_ruby - Encodes base text and its ruby annotation with sizing and font control sequences
0x0025C680, MIF2_font - Encodes a font-selection argument between opening and closing font control bytes
0x0025C6E8, MIF2_color - Parses a message color argument and appends the corresponding color control sequence to output
0x0025C718, MIF2_label - Encodes a label argument as a bracketed message control command
0x0025C778, MIF2_clear - Encodes the message-clear operation as a bracketed control command
0x0025C7A8, MIF2_close - Clears mif2 ownership, activity, and dependent runtime fields
0x0025C7D8, MIF2_waitkey - Encodes a wait-for-key argument as a bracketed message control command
0x0025C810, MIF2_wait - Encodes a timed-wait argument as a bracketed message control command
0x0025C848, MIF2_gaiji - Appends the parsed external-glyph identifier as a message control sequence
0x0025C870, MIF2_code - Appends a raw parsed control-code value to the converted message stream
0x0025C888, findMsgFunc - Matches a bracketed MIF2 command name against the handler table and returns its parser callback
0x0025C8F0, MSG_convert - Parses bracket commands, expands escapes and variables, and writes a bounded runtime message string
0x0025CBE0, MBUF_init - Marks every one of the eight fixed message-buffer slots free
0x0025CC18, MBUF_create2 - Claims the first free message buffer and initializes its full 0x800-byte linear storage area
0x0025CCB0, MBUF_create - Claims a message buffer and partitions its storage into the requested number of aligned lines
0x0025CDA8, MBUF_dispose - Clears mbuf ownership, activity, and dependent runtime fields
0x0025CDB0, _copyCTRLCode - Copies one variable-length message control code and advances both source and destination pointers
0x0025CF18, _skipCTRLCode - Advances past one variable-length message control code while updating persistent font-mode flags
0x0025CFC8, TWSYS_init - Clears toolkit component slots and group state, then initializes widgets and message buffers
0x0025D038, TWSYS_setGRPStatus - Stores the status byte for the indexed toolkit component group
0x0025D048, TWSYS_getGRPStatus - Returns the status byte for the indexed toolkit component group
0x0025D058, TWSYS_createComponent - Selects a free toolkit component slot, assigns its encoded type identifier, and returns the component pointer
0x0025D0F0, TWSYS_update - Updates each active unpaused toolkit component through its window, menu, or slider handler
0x0025D1C8, TWSYS_draw - Draws each active toolkit component through its type-specific renderer, then flushes embedded widgets
0x0025D310, PARSE_int - Parses at most the supplied byte count in the supplied radix, accepts a leading minus, accumulates negatively to detect signed overflow, and returns 0 for invalid digits or overflow
0x0025D490, STRING_int - Formats an integer with requested width and padding, then copies the bounded representation to output
0x0025D570, STRING_h2zEUC - Converts ASCII letters and digits to full-width EUC while copying existing multibyte characters
0x0025D618, STRING_toUInt - Converts an unsigned integer into digits using the requested bits per digit
0x0025D660, TW_setPos - Projects the owning object and clamps its associated toolkit window within screen bounds
0x0025DAD0, WIN_initCF - Applies field-conversation window dimensions, cursor offsets, and three-line layout constants
0x0025DB00, WIN_initScene - Applies scene-message window dimensions, cursor offsets, and three-line layout constants
0x0025DB30, TWIN_init2 - Initializes a text window's page buffers, line pointers, dimensions, and mode-specific window state
0x0025DC08, WIN_checkActiveWindow - Returns whether any allocated toolkit component currently has the requested window-type bits active
0x0025DC68, TWIN_create2 - Allocates a text window and message buffer, then assembles its frame, mask, text, and cursor widgets
0x0025DEE0, TWIN_dispose - Releases a text window's event-window components and message buffer, then clears its active flag
0x0025DF48, TWIN_popCF - Pops field-conversation text into window lines, updates dimensions and cursor state, and resets exhausted queues
0x0025E110, TWIN_popScene - Pops scene text into window lines, updates dimensions and cursor state, and resets exhausted queues
0x0025E2F0, TWIN_update2 - Advances text-window opening, printing, paging, waits, input, scrolling, and disposal state
0x0025E810, TWIN_draw2 - Positions window widgets, configures the page cursor, and prints the active text buffer
0x0025EB20, TWIN_drawScene2 - Positions scene-window frame, text, mask, and cursor widgets for the current page
0x0025ED60, TMENU_init - Initializes menu selection and text state, then assembles frame, mask, label, and cursor widgets
0x0025F0C8, TMENU_create - Allocates and initializes a menu component at its default screen position
0x0025F120, TMENU_dispose - Releases a menu's event-window components and message buffer, then clears its active state
0x0025F188, TMENU_addQuery - Converts a query string, pushes it into the menu message queue, and returns the added entry index
0x0025F1E8, TMENU_setItem - Assigns text to a selected or free menu slot and expands menu dimensions to fit
0x0025F2C8, TMENU_addItem - Converts and appends multiline menu text, updates item pointers, and expands menu dimensions
0x0025F410, TMENU_updateDefault - Advances menu opening, text reveal, scrolling, selection input, confirmation, cancellation, and closing state
0x0025FB48, TMENU_drawDefault - Positions menu frame, text, scroll indicators, and selection cursor according to current menu state
0x0025FEC8, TSLIDER_create - Allocates a slider component and initializes its dimensions, position, value range, and formatting width
0x0025FF50, TSLIDER_init - Clamps the slider value between configured bounds and derives width from orientation and item count
0x0025FFA8, TSLIDER_updateDefault - Handles slider opening, bounded one-or-ten-step adjustments, confirmation, cancellation, and closing
0x002601D0, TSLIDER_drawDefault - Formats the slider value as full-width text and prints it right-aligned with brightness adjustment
0x002602B0, TMENU_addQuery2 - Adds a query and its selectable responses to a menu, returning the resulting query entry
0x002605D8, TWIN_initCF - Initializes a text window with field-conversation layout constants and caller flags
0x00260600, TWIN_initScene - Initializes a text window with scene-message layout constants and caller flags
0x00260658, createItemGetWin - Creates and sizes an item-acquisition text window from the supplied message and display duration
0x002606E0, GAME_initCamera - Initializes toolkit camera controls and enables only the primary studio camera with default tracking state
0x002607A0, GAME_initLight - Resets the active studio light to its default colors and directions
0x002607C8, STR_indexReverse - Searches backward from an index and returns the previous matching character or null
0x00260808, PAD_getKey - Returns masked held, pressed, and repeated button states for the selected controller
0x00260880, DB_cmode - Toggles the debug console character-height mode between 12 and 24 pixels
0x00260888, DB_reset - Sets doubled debug text coordinates and restores the default 24-pixel line height
0x002608A8, DB_reset2 - Sets doubled debug text coordinates and caller-selected doubled line height
0x002608C8, DB_incPos - Adds the supplied offsets to the current debug-text cursor position
0x002608E8, DB_params - Temporarily applies debug-font flags and emits a formatted value at the current console cursor
0x00260938, DB_println - Prints one debug line with current font settings, then advances the console cursor by its line height
0x002609E8, DB_printf - Formats and prints one debug line when both required font flags are enabled
0x00260A98, DB_pathGetShortPath - Returns the trailing path portion that fits the requested width, preserving complete directory components when possible
0x00260B58, DB_pathFindName - Returns the filename component following the final slash or backslash in a path
0x00260B90, transformVector - Composes the selected camera and local matrices, then transforms the input vector into output space
0x00260C88, transformVector2 - Composes inverse camera and local matrices, then transforms the input vector into alternate output space
0x00260D78, alignXYAxis - Returns immediately because combined XY-axis alignment is not implemented here
0x00260D80, alignXAxisEuler - Derives Euler rotations that align the X axis with a normalized target direction
0x00260E48, alignXAxis - Builds a rotation matrix whose X axis points along the supplied direction vector
0x00260F20, alignYAxis - Builds a rotation matrix whose Y axis points along the supplied direction vector
0x00260FF8, alignZAxis - Builds a rotation matrix whose Z axis points along the supplied direction vector
0x002610D0, initJS - Initializes script class storage and registers the native system class with its methods
0x00261148, SCRIPT_test - Calls the supplied script callback with one argument when nonnull and returns whether invocation occurred
0x00261198, SCRIPT_talkIgnoreSet - Enables the global lock that prevents script-driven conversations from starting
0x002611A8, SCRIPT_talkIgnoreClr - Clears the global flag that prevents script-driven conversations from starting
0x002611B0, SCRIPT_talkIgnoreGet - Returns whether the global script talk lock currently prevents conversations
0x002611B8, SCRIPT_sceneChangeTimeInit - Resets the global script scene-transition frame countdown back to zero
0x002611C0, SCRIPT_sceneChangeTimeGet - Returns the number of frames remaining in the script scene-transition countdown
0x002611C8, SCRIPT_sceneChangeTimeSet - Stores the frame countdown used for script scene transitions
0x002611D0, SCRIPT_sceneChangeTimeDec - Decrements the script scene-transition countdown while keeping it clamped at zero
0x002611F0, SCRIPT_sendMovieSkipSignal - Sets the global script signal indicating that movie playback was skipped
0x00261210, SCRIPT_clrEventActiveFlag - Clears the global flag indicating that a script event is active
0x00261218, SCRIPT_setEventActiveFlag - Marks the global script event state as active
0x00261228, SCRIPT_getEventActiveFlag - Returns whether a script event is currently active
0x00261230, SCRIPT_eventFinish - Clears script event activity and releases related frame-lock state
0x00261240, SCRIPT_methodClearSet - Requests that current script method sequencing be cleared
0x00261250, SCRIPT_methodClearGet - Returns whether script method sequencing has requested a reset
0x00261258, SCRIPT_fade - Stores a pending script fade request and its fade-out duration
0x00261270, SCRIPT_getFadeTime - Returns the configured duration of the pending script fade-out request
0x00261278, SCRIPT_fadeGet - Returns the pending fade duration when a script fade is requested, otherwise zero
0x00261290, SCRIPT_getCfTime - Returns the field-script frame counter accumulated since its last reset
0x00261298, SCRIPT_incCfTime - Increments the field-script frame counter by one each update
0x002612A8, SCRIPT_frameLock2Battle - Requests frame locking during the transition from an event into battle
0x002612B8, SCRIPT_reset - Recreates default, stage, and event virtual machines, resets usage flags, and reloads native classes
0x00261348, SCRIPT_init - Partitions script memory, loads both class databases, creates virtual machines, and returns the remaining workspace
0x002614F0, SCRIPT_execTalkto - Starts an actor's talk callback when script, class, stage, and conversation-lock conditions permit
0x00261588, SCRIPT_execTouchto - Starts an actor's touch callback when script, class, stage, and conversation-lock conditions permit
0x00261620, createTalkTask - Resolves a talk method, creates its observer and optional window, then locks event input for conversation
0x00261860, talktoObserver - Advances a talk task through method lookup, invocation, window waiting, cancellation, and final cleanup states
0x002619E8, talkCancel - Finalizes the talking actor, disposes its message window, and clears pending conversation task state
0x00261A78, SCRIPT_execEntered - Schedules an actor attribute callback for the active stage and locks repeated entry processing
0x00261B58, CallMethod - Schedules a no-argument method call task after validating the target object and resolving its callback
0x00261C28, CallMethod_I - Schedules a one-integer method call task after validating the target object and storing its argument
0x00261D08, CallMethod_II - Schedules a two-integer method call task after validating the target object and storing both arguments
0x00261DF8, funcObserver - Acquires a script VM, resolves the requested function, invokes it, and releases the observer task
0x00261FC0, getEmptyVM - Finds an inactive VM slot, initializes its thread state, and returns the slot or null
0x00262060, SCRIPT_load - Loads a script from the standard map CD path into the supplied destination
0x002620A0, SCRIPT_load2 - Loads a script from an explicitly selected scene path into the supplied destination
0x002620E0, SCRIPT_load_DBG - Loads debug fonts, restores script memory partitions, and loads the named script from the debug path
0x00262160, getStrIndex - Scans backward from buffer[length-1] for the requested byte and returns its address, or null when the byte is absent
0x002621A0, replacePathExt - Replaces or appends a filename extension in place while respecting the path's final separator
0x002621E8, attrObserver - Waits for actor attributes, starts their script method in an available VM, then removes itself
0x00262380, PauseSkipCheck - Runs event pause UI on Start, resumes normally, or sets event-skip state when Triangle ends the pause
0x00262538, sceneObserver2 - Advances scene execution, handles pause or skip input, applies requested fades, and tears down completed scenes
0x00262878, sceneObserver - Loads and instantiates the requested scene class, then installs its secondary observer for ongoing execution
0x00262D80, DB_light - Displays and edits studio lighting parameters, switching between directional, point, and ambient controls
0x00262F60, DB_vmSwitch - Builds a VM-selection menu, switches active script contexts, and disposes the menu after confirmation
0x00263180, DB_stageSelect - Uses two sliders to select and load a debug map and entrance, then closes the tool
0x00263380, DB_memory - Displays heap usage and current camera matrices while allowing debug page navigation
0x002635B8, DB_lightSave - Provides an interactive numbered light-file selector, then saves or executes the selected configuration
0x00263728, DB_scriptFileSelect - Runs a file selector and executes the chosen class or resource script according to its extension
0x00263918, DB_wind - Displays and edits wind direction, strength, waveform, and timing, committing changes to motion state
0x00263A38, SCRIPT_debugMenu - Creates the script debug menu, populates available tools, and updates toolkit group visibility
0x00263C80, loadScriptCD - Loads a map-relative script plus optional motion and data companions, then locates its classes
0x00263DB8, loadScriptCD2 - Loads a script from an explicit path and resolves companion resources through the resource manager
0x00263EF8, loadScript - Loads a script and optional companion files from host storage, then locates its class records
0x002640F0, DB_evtMonitor - Displays event VM and method state, toggles compact text mode, and exits on controller input
0x00264808, SCRIPT_exec - Switches script databases and initializes or restores field, stage, event, VM, camera, actor, map, and UI state
0x00264D18, SCRIPT_exec2 - Switches script databases and initializes scene or stage execution with refreshed VM, camera, UI, and fade state
0x002650E8, XTK_setResourceID - Stores the resource identifier used by subsequent toolkit file lookups
0x002650F0, XTK_getResourceID - Returns the resource identifier currently selected by the window toolkit
0x002650F8, XTK_setWindowOwner - Registers the object used to position owner-relative toolkit windows
0x00265100, XTK_getWindowOwner - Returns the object currently registered as toolkit window owner
0x00265108, XTK_findFile - Searches the toolkit resource database for a named file and returns its data pointer or null
0x00265150, DB_lightWrite - Serializes ambient, directional, and stage colors as executable light-setting commands to an open file
0x00265338, drawRect2 - Projects four rectangle vertices through camera zero and submits a colored line-loop primitive
0x00265530, drawBox2 - Projects five box-outline vertices through camera zero and submits a colored line-strip primitive
0x00265728, drawCircle2 - Projects a center through camera zero and submits a seventeen-segment colored circle primitive
0x002659B0, drawVector2 - Projects an origin and endpoint through camera zero and submits a colored line primitive
0x00265C00, drawVector4S - Builds camera projection state in caller storage and submits a transformed colored vector
0x00265EB0, drawGrid - Transforms a scaled grid outline, rejects offscreen vertices, and submits its colored line strip
0x00266210, getCurrentCamera - Retrieves camera zero from the current studio and returns its resolved camera-state pointer
0x00266260, drawAxis - Transforms six axis vertices, verifies visibility, and submits color-coded line segments
0x00266598, drawCircle3 - Projects a world-space center and radius orientation, then submits a seventeen-segment colored circle
0x00266980, drawTags - Projects a world position and prints its supplied debug label when visible onscreen
0x00266BC8, drawVector4 - Projects an origin and endpoint through the active camera and submits a colored line primitive
0x00266E88, ball2point - Projects a point onto a virtual trackball, normalizes the resulting vector, and reports whether clamping occurred
0x00266F08, prevActor - Searches backward for the previous populated actor that is not disabled
0x00266F60, nextActor - Searches forward for the next populated actor that is not disabled
0x00266FC8, updateCursorMode1 - Moves the visualizer cursor along camera-relative axes selected by controller input
0x002671D0, updateCursorMode2 - Selects actors, attaches or releases the cursor, and edits the attached actor's position and facing
0x00267468, updateCursorModePlane - Moves cursor and camera targets in selected camera-relative planes, with height, perspective, and terrain controls
0x00267AC0, updateCursorMode0 - Moves cursor or camera targets freely in camera-relative space and supports terrain-height snapping
0x00268128, changeCameraMode - Reconfigures camera translation and focus controls for the selected visualizer cursor mode
0x00268330, updateCursor - Reads debug input, changes cursor mode and speed, dispatches movement, and prints cursor and camera coordinates
0x00268700, drawCursor - Builds a translation matrix from the debug cursor position and draws unit axes there
0x00268758, initCursor - Enables camera zero, disables other cameras, resets cursor and controller state, and selects the default mode
0x00268820, printM - Formats and prints all four rows of a floating-point matrix at successive screen positions
0x002688F8, MAP_serach - Finds map parts matching the debug cursor, toggles their visibility, and prints selected identifiers
0x00268A18, EvtTools - Updates event-tool cursor, camera, lighting, wind, map search, and script controls according to current mode
0x00268AB8, initLight3 - Copies current light colors and signed directions into debug controls while deriving average intensities
0x00268D30, initLight2 - Copies strided light colors and directions into debug controls while deriving average intensities
0x00268FA8, initLight - Normalizes edited light directions and applies three directional lights plus ambient intensity to the studio
0x00269140, updateLight - Interactively edits light colors and directions, applies them to the studio, and draws diagnostic controls
0x00269EB0, updateWind - Interactively edits wind type, vector, shake, and speed while drawing diagnostic values and geometry
0x0026A5A0, VW_setCursorMode - Changes the visualizer cursor's camera mode and recalculates its camera-relative state
0x0026A5C0, VW_setCursorFunc - Registers a custom visualizer cursor callback and its caller argument
0x0026A5D8, VW_setCursor - Copies the supplied XYZ position into global visualizer cursor state
0x0026A600, VW_getCursor - Copies the global visualizer cursor position into a homogeneous output vector
0x0026A630, PLAY_getCurrent - Returns the structure pointer for the currently active play-control instance
0x0026A640, PLAY_setupDefault - Clears callbacks and chart entries, sets no active observer, and restores default playback speed parameters
0x0026A6A8, PLAY_setup - Selects one playback camera and initializes its controls plus dimensions from the playback source
0x0026A770, PLAY_setTimeChart - Assigns a time-chart resource to the supplied playback controller
0x0026A778, PLAY_setObserver - Registers a callback in the first free playback observer slot with chart and key selectors
0x0026A7E8, PLAY_loadCamera - Returns immediately because playback camera loading is not implemented here
0x0026A7F0, PLAY_ctrl - Advances or scrubs playback camera time, handles looping, and invokes observers for reached chart keys
0x0026AB90, PLAY_getCallBackParams - Initializes and returns the playback controller's embedded callback-parameter object
0x0026ABA8, PLAY_checkTCH - Advances time-chart playback to the current timestamp, updates output fields, and returns the active chart value
0x0026AC68, screenMask - Advances a screen-fade task, applies model fade steps, invokes completion callbacks, and removes finished work
0x0026ACE0, fxAdapter - Waits for a child effect callback to finish, forwards its result, then removes the adapter task
0x0026ADB8, FX_ScreenMask - Configures a screen-mask fade task with caller colors, duration, mode, and completion callback
0x0026AE48, FX_call - Creates an effect task, optionally starts active fading, and records callback arguments for deferred execution
0x0026AF68, getInfoAddr - Relocates every offset in a time-chart information blob into an absolute pointer
0x0026AFE0, TCH_getInfoID - Relocates a time-chart blob and returns the indexed record matching the requested string identifier
0x0026B0A0, TCH_getInfo - Relocates a time-chart blob and returns the requested indexed information record
0x0026B130, JS_init - Resets class counters and allocates primitive and class tables from the supplied resource arena
0x0026B1A0, JS_loadClass - Allocates a native script class descriptor and registers its corresponding class primitive
0x0026B210, JS_loadConstInteger - Appends an integer primitive descriptor, increments the primitive count, and returns success
0x0026B250, JS_classSetup - Assigns a script class name and resets its registered method count
0x0026B260, JS_classAddMethod - Appends a named native callback descriptor to the supplied script class
0x0026B298, JS_findObject - Splits a qualified object name, walks class members, and returns the matching runtime object or null
0x0026B380, JS_callMethod - Tokenizes a method invocation, resolves its target and arguments, validates types, then executes the native callback
0x0026B5A0, JS_checkArgs - Parses and type-checks script call arguments against a method signature, storing converted values or returning failure
0x0026B8A8, JS_exec - Parses script lines into object method calls and invokes each resolved native callback
0x0026B9B0, STR_tokenGetType - Returns the type assigned to the most recently parsed script token
0x0026B9B8, STR_tokenGetNext - Skips whitespace, parses the next identifier, number, string, or delimiter, and returns its endpoint
0x0026BBC8, STR_getLine - Copies one trimmed script line within output bounds, skips comments, and returns the next source position
0x0026BD18, STR_trim - Removes leading and trailing control or whitespace characters from a string in place
0x0026BD90, STR_trim2 - Advances past leading copies of a nonzero delimiter, replaces every later copy with NUL, and returns the first nondelimiter position
0x0026BE18, JS_classLight_getPeer - Returns the global light peer for identifier minus one, otherwise no peer
0x0026BE38, JS_classLight_setColor - Sets ambient or directional light RGB from integer or floating arguments and refreshes debug controls
0x0026BF18, JS_classLight_setDirection2 - Sets a valid directional light vector and refreshes the debug lighting controls
0x0026BF80, EW_sprtSetCursorUV - Selects cursor texture coordinates from sprite state and writes the four corner UV pairs
0x0026BFE8, frame_init - Clears frame flags and assigns default opacity 0x60
0x0026BFF8, sprt_init - Clears sprite flags and assigns default opacity 0x80
0x0026C008, mask_init - Initializes mask opacity to 0x60 and enables its default 0x8000 mode bit
0x0026C020, EW_setDrawEnv - Appends the fixed window draw-environment GIF tag to the active primitive packet
0x0026C0E0, EW_create - Finds a free widget slot, marks its type, initializes type-specific storage, and returns the component
0x0026C238, EW_dispose - Releases container children when present and marks the event-window component slot unused
0x0026C2A0, EW_addComponent - Allocates a window component slot, links it to its owner, and initializes type-specific state
0x0026C3A0, EW_drawContainer - Iterates a container's child pointers and draws each enabled widget
0x0026C420, EW_drawComoponent - Dispatches a widget by type, rendering graphics immediately or printing labels during the font pass
0x0026C708, EW_init - Marks all 64 fixed event-window component slots unused
0x0026C740, EW_sendPacket - Reloads widget font textures, configures draw state, and emits enabled graphical components into the packet
0x0026C7E0, EW_draw - Registers packet emission with the font system, then draws enabled text-pass widgets
0x0026C868, container_init - Clears a container's flags, child pointer, position, and dimensions
0x0026C880, mask_put - Builds and submits a shaded rectangular mask, reversing its gradient when requested
0x0026CA98, sprt_put - Builds and submits one textured event-window sprite from its source and destination rectangles
0x0026CBE0, set_clip - Clamps a component rectangle to screen bounds and submits its GS scissor register
0x0026CCA0, checkN2 - Returns whether the supplied frame coordinate is nonnegative and within the signed 11-bit drawing range
0x0026CCE0, frame_put - Builds and submits an eight-piece textured event-window frame, correcting edge coordinates outside drawing range
0x0026D040, label_put - Builds and submits a selectively bordered textured label frame with coordinate-range corrections
0x0026D430, RSRC_inactiveSource - Marks resource entries from the supplied source pointer inactive and clears their source association
0x0026D478, RSRC_create - Clears a resource arena, lays out its item table and payload bounds, and returns the initialized manager
0x0026D4F0, RSRC_setPrintParam - Stores the starting index and count used by resource diagnostic output
0x0026D500, RSRC_info - Formats allocated resource entries and prints shortened paths, sizes, identifiers, flags, and reference counts
0x0026D720, RSRC_getDefaultPath - Returns the default directory path currently used for resource-file lookups
0x0026D728, RSRC_setDefaultPath - Stores the default directory used for subsequent resource-file lookups
0x0026D738, RSRC_init - Clears the resource table, default path, allocation counters, and active-source bookkeeping
0x0026D780, RSRC_check - Returns whether a resource handle is allocated and not marked inactive or pending disposal
0x0026D7A0, RSRC_alloc - Acquires a resource descriptor, reserves aligned arena storage, clears it, and records caller metadata
0x0026D8B0, RSRC_searchFile - Finds the longest resource-path prefix matching the requested filename and returns its table entry
0x0026D960, isLeave - Returns whether a resource entry carries the persistent leave flag
0x0026D970, RSRC_dispose - Releases matching resource references, marks unreferenced items inactive, and compacts source bookkeeping
0x0026DAF8, RSRC_getItemID - Searches a resource container's live items for the requested byte identifier and returns the matching record
0x0026DB40, RSRC_getItem2 - Searches a resource container's live items for the requested integer key and returns the matching record
0x0026DB88, RSRC_getItem - Returns the first live resource item, or the live item matching the requested secondary key
0x0026DBE8, RSRC_loadFileSub - Loads and caches a named file in the resource arena unless it already exists
0x0026DD78, RSRC_loadFile2 - Loads a resource file through the shared loader using explicit path and allocation options
0x0026DD90, RSRC_loadFile - Loads a resource file with default allocation options and returns its resource handle
0x0026DDB0, RSRC_getDirtyItem - Chooses an unused or evictable resource entry large enough for the requested allocation, otherwise returns null
0x0026DE50, MATRIX_print - Prints all four rows of a floating-point matrix with fixed three-decimal formatting
0x0026DEF8, MATRIX_identity - Writes a standard four-by-four floating-point identity matrix to the supplied destination
0x0026DF50, MATRIX_identity4s - Writes a four-row packed identity matrix using 12-bit fixed-point unit values
0x0026DFA8, MATRIX_convert4 - Multiplies each basis row by its W scale, clears basis W values, and preserves translation
0x0026E070, MATRIX_convert4s - Copies a matrix while storing each three-component basis length in that row's W element
0x0026E1E0, MATRIX_convert4MulMatrix - Removes encoded basis scales from the second matrix, then multiplies it by the third matrix
0x0026E280, MATRIX_convert4MulMatrixRev - Removes encoded basis scales from one matrix and premultiplies its four rows by another
0x0026E310, MATRIX_mul3x4 - Multiplies two affine matrices across three basis rows, adds translation, and restores homogeneous W constants
0x0026E400, MATRIX_mul4sx3 - Multiplies affine matrices while applying source row W scales to translation and preserving those scales
0x0026E510, MATRIX_transpose4 - Copies all sixteen matrix elements to the destination with rows and columns exchanged
0x0026E598, MATRIX_transpose3 - Transposes the upper-left three-by-three matrix in place, leaving translation and W components unchanged
0x0026E5D0, MATRIX_rotate4 - Normalizes an axis and builds its homogeneous rotation matrix from sine, cosine, and Rodrigues terms
0x0026E750, MATRIX_rotXYZ - Provides an intentional no-op entry point for matrix rotation XYZ call sites
0x0026E758, MATRIX_rotZYX - Provides an intentional no-op entry point for matrix rotation zyx call sites
0x0026E760, MATRIX_rotX4 - Builds an X-axis rotation for the angle and postmultiplies the supplied affine matrix in place
0x0026E7A8, MATRIX_rotY4 - Builds a Y-axis rotation for the angle and postmultiplies the supplied affine matrix in place
0x0026E7F0, MATRIX_rotZ4 - Builds a Z-axis rotation for the angle and postmultiplies the supplied affine matrix in place
0x0026E838, MATRIX_rotX4s - Builds an X rotation and multiplies it into a matrix retaining per-row scale values
0x0026E880, MATRIX_rotY4s - Builds a Y rotation and multiplies it into a matrix retaining per-row scale values
0x0026E8C8, MATRIX_rotZ4s - Builds a Z rotation and multiplies it into a matrix retaining per-row scale values
0x0026E910, MATRIX_translate4 - Transforms an XYZ displacement by the current basis and adds it to all four translation components
0x0026E9C8, MATRIX_scale4 - Updates matrix 4 using floating-point arithmetic and range handling
0x0026EA60, MATRIX_translate4s - Scales XYZ displacement by basis W values before accumulating the transformed translation into the matrix
0x0026EB18, MATRIX_scale4s - Updates matrix 4 s using floating-point arithmetic and range handling
0x0026EB40, MATRIX_toQuat4 - Converts a rotation matrix to a quaternion using its trace or the largest diagonal component
0x0026EE30, QUAT_toAxis - Converts quaternion W to rotation angle and normalizes XYZ by sine of the half-angle
0x0026EEF0, QUAT_toMatrix4 - Expands quaternion products into a homogeneous three-axis rotation matrix with zero translation
0x0026EFB8, QUAT_interpS - Negates the second quaternion when its dot product is negative, computes sine-weighted SLERP coefficients when separated, and writes the weighted four-component sum
0x0026F168, QUAT_interpL - Linearly interpolates four quaternion components and normalizes the resulting quaternion to unit length
0x0026F250, CUR_MATRIX_Unit - Loads the VU current-matrix registers with a floating-point homogeneous identity matrix
0x0026F268, CUR_MATRIX_Unit4s - Loads the VU current matrix with identity basis rows carrying fixed-point scale 4096
0x0026F288, CUR_MATRIX_Set - Invokes `_lqc2(*param_1)` and `_lqc2(param_1[1])` and `_lqc2(param_1[2])` and `_lqc2(param_1[3])`
0x0026F2A0, CUR_MATRIX_Get - Copies through the output pointer via `*param_1 = auVar1` and `param_1[1] = auVar1` and `param_1[2] = auVar1` and `param_1[3] = auVar1`; with `*param_1 = auVar1` and `param_1[1] = auVar1`
0x0026F2B8, CUR_MATRIX_GetT - Copies through the output pointer via `*param_1 = auVar1`; with `*param_1 = auVar1`
0x0026F2C8, CUR_MATRIX_SetT - Computes `auVar1 = _lqc2(*param_1)`; invokes `auVar1 = _lqc2(*param_1)` and `_vmove(auVar1)`
0x0026F2D8, CUR_MATRIX_SetR - Computes `auVar1 = _lqc2(*param_1)` and `auVar2 = _lqc2(param_1[1])` and `auVar3 = _lqc2(param_1[2])`; invokes `auVar1 = _lqc2(*param_1)` and `auVar2 = _lqc2(param_1[1])` and `auVar3 = _lqc2(param_1[2])` and `_vmove(auVar1)`
0x0026F2F8, CUR_MATRIX_4s3 - Converts the current matrix's three scaled basis rows to ordinary vectors while retaining translation
0x0026F360, CUR_MATRIX_Txyz4s - Applies a scaled XYZ translation directly to the VU current matrix translation row
0x0026F388, CUR_MATRIX_Rx4s - Rotates the VU current matrix around X using fixed-point sine and cosine coefficients
0x0026F3C0, CUR_MATRIX_Ry4s - Rotates the VU current matrix around Y using fixed-point sine and cosine coefficients
0x0026F3F8, CUR_MATRIX_Rz4s - Rotates the VU current matrix around Z using fixed-point sine and cosine coefficients
0x0026F430, CUR_MATRIX_Rzyx4s - Applies fixed-point Z, Y, then X rotations to the VU current matrix basis
0x0026F4C0, CUR_MATRIX_Sxyz4s - Multiplies the VU current matrix basis rows by supplied fixed-point XYZ scale values
0x0026F4D8, EndouTest - Runs the top-level debug menu until Start and Select are held, dispatching twelve tests from DAT_00490dba button bits and sleeping once per rendered menu frame
0x0026F7C0, TextTest - Loads overlay 2, walks UMN event-text records, advances message pages on bit 3, and replaces the message text until the record list or exit chord ends the loop
0x0026F908, ShopTest - Loads shop data into aligned WorkEnd storage, seeds party and money data, changes the selected shop index with shoulder inputs, prints each 0x170-byte shop record, and opens MenuShopMain on confirm
0x0026FDE8, SeisanTest - Loads overlay 1, initializes Seisan, and repeatedly runs SeisanMain and SeisanDisp until the Start-plus-Select exit chord is pressed
0x0026FE78, ModelTest - Builds three actors and their model resources, updates motion and transforms from pad input, constructs projected debug primitives, and draws the models and message samples each frame until exit
0x002710F8, BattleWindowTest - Initializes all four battle-window variants, maps pad bits to their open and close calls, advances paged text, and runs every window main routine once per frame until exit
0x00271410, eNumberTest - Initializes sprite, ribbon, line, cursor, tag-font, and number examples, updates their coordinates and modes from pad bits, and submits each example every frame until exit
0x00272028, eModelTestMain - Opens the test menu model on first entry, maps pad input to model rotation and motion controls, updates its transform, and requests disposal on the exit phase
0x00272088, eModelTest - Initializes menu-model memory, creates model ID 0x1D with eModelTestMain as its callback, and pumps MenuModelMain until the exit chord is pressed
0x00272178, ePrintTest - Provides an intentional no-op entry point for e print test call sites
0x00272180, eMessageTest - Creates three message objects, changes pages, text samples, modes, spacing, and line limits from pad input, then draws them each frame until exit
0x00272440, BgTest - Invokes `uVar1 = xglPacketGetCurrent()` and `sceVif1PkRef(uVar1,0x36b640,10,0,0,0)`
0x002724A8, TexturTest - Loads texture and packet files at 16-byte-aligned WorkEnd addresses, emits one VIF reference pair per texture record, adjusts the test X coordinate, and restores WorkEnd after exit
0x00272718, UmnPrintTest - Provides an intentional no-op entry point for UMN print test call sites
0x00272720, UmnMailDispTest - Initializes two UML display parameter blocks, moves one in eight-pixel steps with directional input, selects display modes 0 through 5 from face buttons, and draws both blocks each frame
0x002728F8, e_test - Invokes `sceVif1PkCloseDirectHLCode(*puVar1)` and `sceVif1PkRef(*puVar1,0x36bed0,7,0,0,0)` and `sceVif1PkRef(*puVar1,test_data + 0x30,0x4002,0,0,0)` and `sceVif1PkCnt(*puVar1,0)`
0x00272998, ReLoadTest - Loads the test resource at the next 16-byte WorkEnd boundary, advances WorkEnd by its size, and repeatedly prints it through direct and callback font paths until exit
0x00272AC0, endCallback - Converts file-load byte counts to float progress values, updates the test transfer display, and sleeps while the asynchronous load remains incomplete
0x00272BE0, FileLoadTest - Reserves a one-megabyte aligned buffer, installs endCallback, starts an asynchronous file read, and once complete emits the image and adjustable GS environment through VIF packets until exit
0x00272DF0, JpegTest - Allocates and clears two 0x80000-byte buffers, captures a thumbnail into the first, decodes it into the second, and displays the decoded image each frame until exit
0x00272F48, UmlTest - Loads a text file into a 0x10000-byte buffer, copies ordinary bytes, translates backslash-t decimal escapes into compact tab records, terminates mm_73, and displays the converted string until exit
0x00273228, PauseMenuPagePartyDebugTakeAgws - Displays each AGWS ownership bit and toggles the selected ID through PartyTakeAgwsOn or PartyTakeAgwsOff
0x00273400, PauseMenuPagePartyDebugLockParty - Toggles the selected character's party-lock flag with PartyLockPartyOn or PartyLockPartyOff after checking its current lock state
0x002735D8, PauseMenuPagePartyDebugOutFriend - Displays and toggles each character's unavailable-friend bit, excluding unsupported character ID 4
0x002737B0, PauseMenuPagePartyDebugFriend - Displays and toggles each playable character's friend-membership bit through party mask helpers
0x00273988, PauseMenuPagePartyDebugAttacker - Edits three attacker slots, showing character names and validating selections against current party membership
0x00273C40, PauseMenuPagePartyDebug - Dispatches the party debugger's friend, lock, unavailable, AGWS, and attacker pages and prints controls
0x00273D20, OpenSubType00 - Generates three sinusoidally warped frame strips from rectangle center and opening counter, emits primitive type 9, and reaches phase 0xFF after twelve steps
0x00274100, CloseSubType00 - Invokes xglSin and xglCos to tear down helper type 00 resources and clears their dependent handles and state fields
0x002744E0, OpenSubType01 - Expands two vertical frame strips from the rectangle center over seven steps, submits each as primitive type 9, and marks completion with phase 0xFF
0x00274660, OpenCloseMain - Reads open close control fields, branches on their values, and writes the selected state updates
0x00274700, eWindowMain - Advances the embedded open/close controller, derives frame coordinates from the window rectangle, submits the window through endPrintExtFunc, and updates its phase byte
0x002748E8, eWindowSet - Stores `*(undefined1 *)((int)param_1 + 0x17) = 0x80` and `param_1[4] = 0x10` and `*(undefined1 *)((int)param_1 + 0x19) = 0` and `*param_1 = 0`
0x00274928, eCursolMain - Initializes the cursor sprite for its style, animates its horizontal pulse and visibility counter, copies position and color fields, and submits render mode 4
0x00274B18, eCursolModeChange - Stores `*param_1 = cVar2`; when `param_2 < 0x22` and `param_2 < 0x20`
0x00274BA8, eCursolSet - Stores `param_1[3] = param_2` and `param_1[0xc] = 0x80` and `*(undefined2 *)(param_1 + 4) = 0` and `*(undefined2 *)(param_1 + 6) = 0`
0x00274BE0, WindowTexLoad - Fills window texture buffers using endPrintInit and MenuLoadFile and records the resulting transfer metadata and status
0x00274CE8, WindowTexAddrGet - Returns `MenuWinAddr` and `(undefined *)0x0` and `puVar1`; after testing `param_1 < 0` and `param_1 < 2` and `param_1 != 2`
0x00274D28, MenuWorkEndGet - Clears the menu-work completion structure through memset before returning control
0x00274D60, MenuWorkEndCheck - Provides an intentional no-op entry point for menu work end check call sites
0x00274D68, ChangeTopLevel - Stores `DAT_0036c183 = 0` and `DAT_0036c182 = 0` and `DAT_0036c181 = param_1` and `*puVar1 = 0`
0x00274DB8, MenuKeepSelectReset - Zeros twelve consecutive five-byte saved menu-selection records
0x00274E08, MenuSelectMove - Moves a menu index on up/down input, optionally permits end wrapping, wraps across the item count, plays sound effect 3 on movement, and returns the resulting index
0x00274ED0, MenuSelectMove2 - Tests `1 < param_2` and `DAT_00490dc4 == 0x2000` and `DAT_00490dc4 < 0x2001`; computes `lVar2 = 0` and `lVar2 = 1`; invokes `xglSoundEffectNormalID(3,0)`; returns `param_1`
0x00274F80, MoveSlide - Tests `sVar1 == sVar2` and `sVar2 < sVar1` and `-1 < lVar4`; stores `*param_2 = sVar5` and `*param_3 = sVar2`; invokes `lVar4 = dptoli((double)((float)((int)sVar1 - (int)sVar2) / param_1) + 1.5)` and `lVar4 = dptoli((double)((float)((int)sVar1 - (int)sVar2) / param_1) - 1.5)`
0x00275098, MoveSlide2 - Moves a signed position toward its target by a fixed step, clamping without overshoot
0x002750F8, menuCallback - Updates MenuLoadCount from callback events: increment for 1, decrement for 4, store -2 for -2, or store -1 for -1
0x00275160, MenuFontLoad - Fills menu font buffers using xglFontLoad and records the resulting transfer metadata and status
0x002751B0, MenuLoadFile - Starts an asynchronous CD read with the supplied path, destination, offset, and completion callback
0x002751D0, MenuLoadSync - Returns the current MenuLoadCount value used by menu load sync
0x002751D8, MenuLoadInit - Resets the global count of outstanding asynchronous menu file loads to zero
0x002751E0, MenuLoadEnd - Provides an intentional no-op entry point for menu load end call sites
0x002751E8, MenuLoadCancel - Clears the pending menu-load count and cancels any active CD read request
0x00275218, MenuBibrationSet - Stores the supplied menu vibration value in MenuBibrationCount
0x00275230, MenuBibrationInit - Initializes menu vibration by storing the requested countdown through MenuBibrationSet
0x00275258, MenuBibrationMain - Advances the menu vibration countdown and updates controller vibration output while active
0x002752A0, MenuCfTaikiPush - Pushes a menu control-flow wait record onto the bounded runtime stack
0x002752E0, MenuCfTaikiPop - Pops and returns the most recent menu control-flow wait record from the runtime stack
0x00275320, MenuBgTaskInit - Aligns and creates sixteen background tasks, snapshots the selected 0x5E0-byte camera, resets that camera, seeds a background descriptor, registers it, and returns the next free address
0x002754A0, MenuBgTaskMain - Draws the menu background texture selected by the task record and executes all child objects attached to MenuBgTask
0x002754E8, MenuBgTaskBreak - Marks the background task for closing, pumps it until child teardown finishes, then restores the menu camera and clears the task handle
0x00275560, MenuTairetuLoad - Fills menu tairetu buffers using MenuLoadFile and records the resulting transfer metadata and status
0x00275668, MainMenu - Captures the current frame, allocates and loads menu resources, creates top-level menu tasks, runs selection and drawing until close, then restores fonts, textures, camera, and field flags
0x00275D18, CharactorAllRecovery - Loads saved character all fields, invokes calcTotalParaMenu for dependent objects, and stores the restored state
0x00275D88, AgwsAllRecovery - Loads saved AGWS all fields, invokes calcTotalParaMenu for dependent objects, and stores the restored state
0x00275DF8, UmnkosmosSpecialInit - Invokes `pvVar1 = memset(&UmnKosmosSpecialBox,0,8)`; returns `pvVar1`
0x00275E18, UmnkosmosSpecialSet - Computes `psVar3 = &UmnKosmosSpecialBox` and `iVar4 = 0` and `bVar2 = true`; invokes `func_0x00a19750(2,sVar1)`; when `!bVar2`
0x00275E78, UmnInterface - Runs menu background rendering, draws the UMN interface layers, and reports completion when its close state finishes
0x002760F0, UmnMailMain - Initializes UMN mail and KOS-MOS special data, captures the frame, loads mail resources, runs the mail task loop, and restores menu and map rendering on exit
0x00276180, UmnMailBoxSet - Stores `DAT_004a1a0c = param_1` and `(&DAT_004a1a0c)[iVar1] = param_1`; when `DAT_004a1a0c == -1` and `0x7f < iVar1`
0x002761D8, UmnMailDataGet - Returns `&DAT_004a1ab4 + param_1 * 2`
0x002761F0, UmnDataBaseMonsterSet - Marks monster IDs 0x22-0x3E discovered in the packed bitset at DAT_004A1A94
0x00276248, UmnDataBaseMonsterCheck - Returns the packed discovery bit for monster IDs 0x22-0x3E, otherwise zero
0x00276298, UmnDataBaseAnalisisSet - Marks monster IDs 0x22-0x3E analyzed in the packed bitset at DAT_004A1AA4
0x002762F0, UmnDataBaseAnalisisCheck - Returns the packed analysis bit for monster IDs 0x22-0x3E, otherwise zero
0x00276340, hen - Initializes the global menu-model task and its resource manager through MenuModelInit
0x00276358, eNumberMain - Converts the configured integer into decimal or hexadecimal glyph sprites, applies zero padding and sign handling, positions each digit, and emits them through endPrintExtFunc
0x00276C40, eNumberNumberChange - Provides an intentional no-op entry point for e number number change call sites
0x00276C48, eNumberSet - Stores `*(undefined1 *)(param_1 + 8) = 0x80` and `*(undefined1 *)(param_1 + 0xc) = 3` and `*(undefined1 *)(param_1 + 0x10) = 0` and `*(undefined1 *)(param_1 + 0xb) = 0x80`
0x00276C78, eSpriteMain - Initializes the embedded sprite descriptor at offset 0x14, copies position, depth, color, and flags from offsets 4-0xF, then submits it through endPrintExtFunc mode 2
0x00276CF0, eSpriteSet - Stores the supplied e sprite value in the object field at offset 0x24
0x00276D20, eRibbonMain - Builds a two-ended ribbon frame from its rectangle, depth, colors, and style bytes, then submits the generated descriptor through endPrintExtFunc mode 3
0x00276F98, eRibbonModeChange - Stores the supplied e ribbon mode value in the object field at offset 0xC
0x00276FA0, eRibbonSet - Initializes ribbon mode, coordinates, colors, and six alternating segments using constants 0x20-0x80
0x00277150, eLineMain - Reads e line control fields, branches on their values, and writes the selected state updates
0x00277508, eLineSet - Stores `param_1[3] = 7` and `*param_1 = 0` and `param_1[iVar1] = param_1[3]` and `puVar2[0x1a] = 0xff`
0x00277568, eTagFontMain - Copies tag-font position, color, spacing, and string fields into its print descriptor and submits it through endPrintExtFunc mode 6
0x002775E0, eTagFontSet - Stores the supplied e tag font value in the object field at offset 0x1C
0x00277608, MenuTopCommandCheck - Returns whether the one-based top-menu command's bit is clear in MenuTopCommandLock
0x00277628, TopStatusWinMain - Fetches the active party member, maps Mary to her alternate ID, fills HP, EP, level, name, and portrait widgets, and draws the top status window
0x00277838, TopInfoMain - Lazily configures the top information WindowDX and its message buffer, updates the displayed help text for the highlighted command, and animates the window open or closed
0x002779B0, TopMenuWinMain - Creates the top command window, filters unavailable entries through MenuTopCommandCheck, moves its cursor from pad input, and draws command labels and selection framing
0x00277B58, TopFaceExWinMain - Builds party face slots, suppresses locked or unavailable friends, marks the current attacker, and animates each portrait and status overlay
0x00277FF8, TopMenu - Drives top-menu selection, status panels, character models, command locks, and transitions into selected submenu levels
0x00278380, tskMenuTai - Animates four menu formation actors against camera 2 and removes the task after its wait request
0x00278A98, tskMenuTaiPointa - Positions the formation pointer from party slots and camera 2, then renders its animated marker
0x00278EF8, MenuBackModelSet - Tests `MenuTask_XMX != 0` and `lVar5 != 0` and `iVar8 < 4); iVar8 = 0; iVar9 = 0x30; while( true`; stores `puVar7[0x34] = 0` and `puVar7[0x36] = 0x40800000` and `*puVar7 = 1`; invokes `uVar4 = xglStudioGetCamera2(2)` and `xglCameraInit(uVar4)`; returns `iVar10`
0x00279098, MenuStatusDisp - Writes menu status command data to the active output, invoking calcTotalParaMenu and MenuCharNameGet to obtain or submit dependent data
0x0027A108, MenuInfoWindow - Initializes, opens, updates, and closes the contextual description window and its message cursor by mode
0x0027A628, MenuSelectWindow - Tests `cVar1 == '\x01'` and `iVar5 < 0xc); return; } if (cVar1 < '\x02'` and `cVar1 != '\x03'`; stores `*(undefined1 *)(param_2 + 0x1a8) = 0x20` and `*puVar10 = 0x20` and `*(short *)(param_2 + 0x1ac) = *param_1 + (short)((param_1[4] - iVar6) / 2) + -0x10`; invokes `eCursolSet((undefined1 *)(param_2 + 0x1a8),0)` and `eMessageSet(iVar6,0)`
0x0027AC70, MenuPasWindow - Provides an intentional no-op entry point for menu pas window call sites
0x0027AC78, eMessageSpriteReset - Resets the global message-sprite allocation count to zero before a new print pass
0x0027AC80, eMessageDrawType00 - Provides an intentional no-op entry point for e message draw type 00 call sites
0x0027AC88, eMessageHalfSpaseCheck - Counts consecutive ASCII spaces at the start of a message substring
0x0027ACC8, eMessageNextGyou - Advances one encoded text line, accounting for special-code widths and leading half-spaces before returning the next pointer
0x0027ADB0, eMessageNextGyouMaxGet - Repeatedly advances encoded lines until the requested line count or string terminator, returning the reached pointer
0x0027AE10, eMessageNextWaitKeySearch - Scans encoded text for the next wait/page command while skipping special codes and half-space runs
0x0027AED8, eMessageDrawType01 - Writes e message type 01 command data to the active output, invoking eMessageNextWaitKeySearch and xglFontGetSPcodeSize to obtain or submit dependent data
0x0027BA80, eMessageMain - Dispatches the message object by draw type, updates paging and reveal counters, and calls eMessageDrawType01 for standard text while honoring hidden and completed phases
0x0027BC68, eMessageModeChange - Stores the supplied e message mode value in the object field at offset 1
0x0027BC70, eMessageSet - Initializes a message object's cursor fields with the requested cursor mode through eCursolSet
0x0027BCE8, eMessageTextChange - Tests `*(char *)(param_1 + 0x1c) != '\0'` and `pcVar1 = (char *)eMessageNextWaitKeySearch(), *pcVar1 != '\0'`; stores `*(undefined4 *)(param_1 + 0x18) = param_2` and `*(undefined1 *)(param_1 + 0x1d) = 0` and `*(undefined1 *)(param_1 + 0x1e) = 0`
0x0027BD48, eMessageNextPage - Advances an active message page index, emits mode byte 0x22, and returns zero after the final page
0x0027BDB0, eMessageDraw - Advances and renders one message object by invoking its state-machine main routine
0x0027BDC8, eMessageCpy - Resets the destination message then appends the supplied encoded text through eMessageCat
0x0027BDE8, eMessageCat - Appends encoded message bytes while preserving special codes and converting leading spaces to compact spacing commands
0x0027BF40, ePrintWHGet - Returns 0 without reading arguments or changing memory
0x0027BF48, endPrintInit - Begins a print frame by resetting the global message-sprite allocation counter
0x0027BF70, endPrintWinTexLoad - Fills print win texture load buffers using WindowTexAddrGet and sceVif1PkCnt and records the resulting transfer metadata and status
0x0027C070, PrintFlush - Writes flush command data to the active output, invoking xglFontReloadTexture and endPrintInit to obtain or submit dependent data
0x0027C0E0, endPrintExtFuncPack - Writes print ext func pack command data to the active output, invoking endPrintInit to obtain or submit dependent data
0x0027C128, endPrintInfoSet - Invokes xglPrimAddGifTagDirect to tear down print info set resources and clears their dependent handles and state fields
0x0027C228, endSpriteSet - Releases sprite set records and clears their active ownership or status fields
0x0027C2A0, subPrintSprite - Writes helper sprite command data to the active output, invoking xglPrimAddGifTagDirect to obtain or submit dependent data
0x0027C400, PrintSprite00 - Writes sprite 00 command data to the active output, invoking endPrintInfoSet and subPrintSprite to obtain or submit dependent data
0x0027C450, PrintSprite01 - Writes sprite 01 command data to the active output, invoking endPrintInfoSet and xglPrimAddGifTagDirect to obtain or submit dependent data
0x0027C708, PrintPoint - Writes point command data to the active output, invoking endPrintInfoSet and sceVif1PkAddDirectDataN to obtain or submit dependent data
0x0027C7D0, subPrintLine - Writes helper line command data to the active output, invoking sceVif1PkAddDirectDataN to obtain or submit dependent data
0x0027C8D0, PrintLine - Writes line command data to the active output, invoking endPrintInfoSet and subPrintLine to obtain or submit dependent data
0x0027C910, PrintLine2 - Writes line 2 command data to the active output, invoking endPrintInfoSet and sceVif1PkAddDirectDataN to obtain or submit dependent data
0x0027CA10, endPrintDirectRibbon - Writes print direct ribbon command data to the active output, invoking xglPacketGetCurrent and sceVif1PkCnt to obtain or submit dependent data
0x0027CBB8, subPrintRibbon - Writes helper ribbon command data to the active output, invoking sceVif1PkAddDirectDataN to obtain or submit dependent data
0x0027CCB8, PrintRibbon - Writes ribbon command data to the active output, invoking endPrintInfoSet and subPrintRibbon to obtain or submit dependent data
0x0027CCF8, PrintTagFont - Writes tag font command data to the active output, invoking endPrintInfoSet and endSpriteSet to obtain or submit dependent data
0x0027D078, ScissorSet - Tests `(long)uVar10 < 0` and `iVar7 < 1` and `0x1ff < iVar5`; stores `*(undefined8 *)(param_1 + 0xc) = 0x1000000000008001` and `*(undefined8 *)(param_1 + 0xe) = 0xe` and `*(ulong *)(param_1 + 0x10) = uVar10 | (long)(iVar8 + -1) << 0x30 | lVar6 << 0x20 | (long)((int)uVar10 + iVar7 + -1) << 0x10`; invokes `sceVif1PkAddDirectDataN(*param_1,param_1 + 0xc,2)`
0x0027D188, ScissorReset - Appends the predefined full-screen GS scissor register packet to the active VIF packet
0x0027D1F8, PrintNumber - Writes number command data to the active output, invoking endPrintInfoSet and endSpriteSet to obtain or submit dependent data
0x0027D450, PrintWindow - Writes window command data to the active output, invoking endPrintInfoSet and xglPrimAddGifTagDirect to obtain or submit dependent data
0x0027D880, PrintFrame - Writes frame command data to the active output, invoking endPrintInfoSet and xglPrimAddGifTagDirect to obtain or submit dependent data
0x0027DB30, PrintThumbnail - Writes thumbnail command data to the active output, invoking sceVif1PkCloseDirectHLCode and sceVif1PkRef to obtain or submit dependent data
0x0027DC10, PrintCircleCore - Writes circle core command data to the active output, invoking sceVif1PkAddDirectDataN and xglSin to obtain or submit dependent data
0x0027DED8, endPrintDirectCircle - Writes print direct circle command data to the active output, invoking xglPacketGetCurrent and sceVif1PkCnt to obtain or submit dependent data
0x0027DF38, PrintCircle - Draws a circle using PrintCircleCore with the caller's center, radius, color, and segment parameters
0x0027DF60, FontTexReload - Closes pending direct packets, reloads the font texture, and appends its transfer packet when available
0x0027DFC0, FontTexChange - Tests `0 < *(int *)(iVar1 + 8)`; stores `*(undefined8 *)(param_1 + 0xc) = 0x1000000000008000` and `*(undefined8 *)(param_1 + 0xe) = 0xe` and `*(undefined8 *)(param_1 + 0x12) = 0x3f`; invokes `sceVif1PkAddDirectDataN(*param_1,param_1 + 0xc,1)` and `sceVif1PkCloseDirectHLCode(*param_1)`
0x0027E108, DrawBackSet - Appends the fixed GS state packet that enables menu background drawing
0x0027E180, DrawBackReset - Appends the fixed GS state packet that restores rendering after menu background drawing
0x0027E1F8, ScreenClear - Appends a fixed fullscreen primitive packet that clears the current screen target
0x0027E288, ZScissor - Builds and appends a GS depth/scissor packet from the supplied near and far clipping bounds
0x0027E350, PrintBackSprite - Writes back sprite command data to the active output, invoking sceVif1PkAddDirectDataN to obtain or submit dependent data
0x0027E520, PrintBackSprite2 - Writes back sprite 2 command data to the active output, invoking sceVif1PkAddDirectDataN to obtain or submit dependent data
0x0027E6F8, PrintEtherLine - Writes ether line command data to the active output, invoking sceVif1PkAddDirectDataN and subPrintLine to obtain or submit dependent data
0x0027EC28, endPrintExtFunc - Writes print ext func command data to the active output, invoking endPrintExtFuncPack and xglFontPrintExtFunc to obtain or submit dependent data
0x0027EC98, endPrintDirectFrameCopy - References the fixed frame-copy VIF program from the current packet and returns the updated packet cursor
0x0027ED08, endPrintDirectLine - Writes print direct line command data to the active output, invoking xglPacketGetCurrent and sceVif1PkCnt to obtain or submit dependent data
0x0027EE90, endDecodeJpeg - Decodes the supplied JPEG buffer into the destination using the requested dimensions and pixel format
0x0027EEE0, endPrintJpeg - Writes print jpeg command data to the active output, invoking xglPacketGetCurrent and sceVif1PkRef to obtain or submit dependent data
0x0027F108, MenuModelMemorySet - Tests `-1 < iVar2); memset(DAT_0036d334,0,(long)DAT_0036d338); puVar4 = &DAT_0036d33c; pvVar3 = DAT_0036d334; switch(param_1`; stores `*(undefined1 *)(puVar1 + 3) = 0` and `*(undefined1 *)((int)puVar1 + 0xd) = 0` and `*(undefined2 *)((int)puVar1 + 0xe) = 0`; invokes `memset(DAT_0036d334,0,(long)DAT_0036d338)`
0x0027F428, MenuModelMemoryGet - Returns `(undefined1 *)0x0` and `&DAT_0036d33c + iVar1`; after testing `((&DAT_0036d33c)[iVar1] != '\0' || ((byte)(&DAT_0036d33d)[iVar1] != param_2))` and `0xf < iVar2`
0x0027F478, MenuModelMemoryInit - Clears 0x1CC bytes of model-memory metadata, saves arena base and size, and sets state to -1
0x0027F4D8, MenuModelResourceInit - Clears sixteen 12-byte resource slots plus the manager state, flags, and cached motion handle
0x0027F528, MenuModelMenuMotionCheck - Returns true for memory states 10-12 or 20, the states supporting menu motion
0x0027F560, MenuModelMenuMotionGet - Returns the cached motion handle only when menu motion is supported and model flag 2 is set
0x0027F5A0, MenuModelResourceCancel - Invokes MenuLoadSync and MenuLoadCancel to cancel menu model resource work and clears its pending request state
0x0027F600, MenuModelResourceCancel3 - Cancels menu model resource 3 by clearing its active request and completion fields
0x0027F740, MenuModelResourceCancel2 - Invokes MenuModelResourceCancel and MenuModelResourceCancel3 to cancel menu model resource 2 work and clears its pending request state
0x0027F768, MenuModelResourceLoad - Fills menu model resource buffers using MenuFileNameGet and MenuLoadFile and records the resulting transfer metadata and status
0x0027F990, MenuModelResourceMain - Advances queued model loads after MenuLoadSync, assigns aligned model memory, installs completed resources on waiting tasks, and cancels entries marked for disposal
0x0027FBA0, MenuModelResourceRequest - Finds or allocates a model resource slot, records its ID and type, and starts loading when absent
0x0027FBF0, MenuModelMenuMotionLoad - Fills menu model menu motion buffers using MenuModelResourceRequest and records the resulting transfer metadata and status
0x0027FC88, MenuModelSubWindowMainSub - Applies the requested camera viewport and model subwindow, writes the active subwindow ID to model offset 0x676, or disables and frees the request when byte 1 is -1
0x0027FD40, MenuModelSubWindowMain - Applies the task's subwindow descriptor through MenuModelSubWindowMainSub when offset 0x4C is nonnull
0x0027FD68, MenuModelSubWindowBreak - Marks the task's subwindow descriptor byte 1 as 0xFF and immediately processes it to disable the model subwindow
0x0027FD98, MenuModelSubWindowSet - Tests `(param_2 != 0) && (*(int *)(param_1 + 0x20) != 0)` and `param_3 == 1`; stores `*(int *)(param_1 + 0x4c) = iVar2 + 0x36d5c0` and `(&DAT_0036d5c1)[iVar2] = 0` and `(&DAT_0036d5c2)[iVar2] = (char)param_2`; invokes `xglStudioChange(param_2)` and `uVar1 = xglStudioGetCamera2(0)`
0x0027FE98, MenuModelSubWindowinit - Invokes `pvVar1 = memset(MenuModelSubWindow,0,0x30)`; returns `pvVar1`
0x0027FEC0, ActorAndResourceDispose - Invokes ACT_dispose to tear down actor and resource dispose resources and clears their dependent handles and state fields
0x0027FF50, MenuModelWeaponDispose - Invokes ActorAndResourceDispose to tear down menu model weapon dispose resources and clears their dependent handles and state fields
0x0027FF88, MenuModelUnitDispose - Invokes MenuModelWeaponDispose and ActorAndResourceDispose to tear down menu model unit dispose resources and clears their dependent handles and state fields
0x00280018, MenuModelAlphaDraw - Writes menu model alpha command data to the active output, invoking nmlModelSetTransparency and nmlModelSetToumei to obtain or submit dependent data
0x00280070, MenuModelUnitActorSet - Tests `lVar9 == 0` and `uVar2 == 2` and `*(ushort *)((int)puVar18 + 0x86) == 0x2201`; stores `*(uint **)(iVar19 + 0x20) = puVar18` and `puVar18[0x268] = 0` and `puVar18[0x234] = *(uint *)(pbVar3 + 4)`; invokes `lVar9 = ACT_create(0xffffffffffffffff,*(undefined2 *)(iVar19 + 0x1a))` and `memset(puVar18 + 0x30,0,0x70)`
0x00280508, MenuModelWeaponActorSet - Tests `param_1 == 0` and `iVar3 == 0` and `sVar7 == 7`; stores `*(uint **)(param_2 + 0x20) = puVar9` and `puVar9[0x268] = 0` and `puVar9[0x234] = *(uint *)(pbVar8 + 4)`; invokes `uVar5 = ACT_create(0xffffffffffffffff,*(undefined2 *)(param_2 + 0x1a))` and `memset(puVar9 + 0x30,0,0x70)`
0x002807B8, MenuModelControl - Reads menu model control fields, branches on their values, and writes the selected state updates
0x002808C0, MenuModelControl2 - Reads menu model control fields, branches on their values, and writes the selected state updates
0x00280B88, MenuModelNavelMove - Stores `*(undefined8 *)(iVar1 + 0x50) = *(undefined8 *)(iVar1 + 0xd0)` and `*(undefined8 *)(iVar1 + 0x58) = *(undefined8 *)(iVar1 + 0xd8)` and `*(undefined8 *)(iVar1 + 0x60) = *(undefined8 *)(iVar1 + 0xe0)`; invokes `xglMatrixStackUnit()` and `xglMatrixStackRotX(*(undefined4 *)(iVar1 + 0x50))`
0x00280CF0, MenuModelMotionSet - Starts the requested motion on a menu model actor through ACT_setMotion
0x00280D28, ModelDrawTypeOpen01 - Increases model alpha toward 1.0, clamps it, then clears transition state at completion
0x00280D60, ModelDrawTypeClose01 - Clears model draw type ownership, activity, and dependent runtime fields
0x00280D98, ModelDrawTypeClose02 - Clears model draw type ownership, activity, and dependent runtime fields
0x00280DD0, MenuModelDrawTypeSet - Builds menu model type set drawing commands from current geometry, color, and texture state
0x00280E48, MenuModelWeaponOpen - Locates one of three attached weapon tasks and applies MenuModelDrawTypeSet to its loaded actor when the task and actor pointers are valid
0x00280E90, MenuModelUnitOpen - Applies the requested draw type to the main actor and each of its three attached weapon actors
0x00280EF8, MenuModelDrawTypeMain - Reads menu model draw type control fields, branches on their values, and writes the selected state updates
0x00280F30, tskMenuModelWeaponTaskMain - Advances weapon task phases 0, 1, 2, 10, and 0xFF, waits for model readiness, attaches and opens the weapon actor, runs its callback and motion, or cancels and disposes it
0x00281108, tskMenuModelTaskMain - Installs a loaded actor, initializes its matrices, applies subwindow and navel controls, draws and animates it, and on phase 0xFF tears down its subwindow, resources, unit, and three weapon tasks
0x00281390, MenuModelUnitBreak - For a nonnull unit task, cancels its pending model resource request and sets task phase byte 0x10 to 0xFF
0x002813C8, CreateInit - Clears creation state bytes, actor pointers, task links, callbacks, and three weapon slots
0x00281430, MenuModelWeaponCreate - Reuses matching weapon attachments or disposes stale ones, resolves weapon resource IDs, creates a weapon task, links it to the unit, and queues its model resource
0x00281688, MenuModelCreate - Allocates a menu-model task, maps character or object ID to a model resource, links the optional owner pointer, and submits the resource request at task offset 0x28
0x00281808, MenuModelExtFuncSet - Stores `*(undefined4 *)(iVar1 + 0x44) = param_3` and `*(undefined4 *)(iVar1 + 0x40) = param_2` and `*(undefined1 *)(iVar1 + 0x13) = 0`; when `param_1 != 0`
0x00281828, MenuModelWeaponActorGet - Returns `uVar2`; after testing `(param_1 != 0) && (iVar1 = *(int *)(param_2 * 4 + (int)param_1 + 0x34), iVar1 != 0)`; with `uVar2 = 0` and `uVar2 = *(undefined4 *)(iVar1 + 0x20)`
0x00281850, MenuModelMain - Services the model resource queue and executes the MenuModelTask list once
0x00281870, MenuModelAllBreak - Sets the global break bit, pumps all model tasks once, clears the bit, then resets both resource and subwindow managers
0x002818A8, MenuModelInit - Aligns a 32-node model-task pool, clears MenuModelFlag, resets resource and subwindow managers, and returns the first address after the pool
0x00281900, MenuModelDirectSendZClear - Sends the fixed menu-model Z-buffer clear packet directly to the normal-model renderer
0x002819A8, eBattleWinOpen - Converts a terminated command table into BW_item rows, configures a selectable 0x1D4-by-0x70 WindowSP, creates its Information WindowDX and message, and sets both open phases
0x00281B50, eBattleWinClose - Clears e battle win ownership, activity, and dependent runtime fields
0x00281B70, eBattleWinMain - Updates the selectable battle window, stores the chosen command payload at BW+0x18EC, returns the selection through task offset 0x20, and draws its window and message objects
0x00281C60, eBattleWinOpen2 - Configures BW2 geometry, optionally centers it from longest line width, sizes height from message line count, positions its message, opens WindowDX, and sets phase 3
0x00281DF8, eBattleWinMain2 - Draws BW2 while active and returns 1 during opening or closing, 2 while phase 3 displays its message, or 0 after phase 0 clears the active flag
0x00281E90, eBattleWinClose2 - Clears e battle win ownership, activity, and dependent runtime fields
0x00281EA0, eBattleWinOpen3 - Builds the two Analysis windows and their messages, condition labels, five tags, five numbers, rare-item rows, and descriptions from the supplied analysis record
0x00282580, eBattleWinMain3 - Draws two BW3 frames and, in phase 3, renders its three primary messages, tag and number fields, four secondary messages, five tags, and five numbers; returns 2 while displayed
0x002826D8, eBattleWinClose3 - Clears e battle win ownership, activity, and dependent runtime fields
0x002826F0, eBattleWinOpen4 - Creates a 0x1D4-by-0x70 BW4 WindowDX, installs and positions its pageable message, enables text-change mode, and initializes completion word BW4[1] to 0
0x002827D0, eBattleWinMain4 - Draws BW4, advances its message page on pad bit 0x20, sets completion word BW4[1] when pages end, and returns 2 during display or 1 during transition
0x00282890, eBattleWinClose4 - Clears e battle win ownership, activity, and dependent runtime fields
0x002828A0, eBattleWinPageCheck4 - Returns the current page/status word stored at offset 4 of the fourth battle window
0x002828B0, eBattleWinInit2 - Resets print sprites for a battle-window pass and returns the resulting print initialization status
0x00282920, eBattleWinInit - Obtains the current menu arena address and passes it to eBattleWinInit2 to allocate the global battle-window work blocks
0x00282940, WindowDXFlagChange - Stores `*(undefined1 *)(param_1 + 0x10) = 3` and `*(char *)(param_1 + 0x10) = (char)param_2` and `*(undefined1 *)(param_1 + 0x10) = 1` and `*(undefined1 *)(param_1 + 0x10) = 4`; when `param_2 == 3` and `param_2 < 4`
0x002829D8, WindowDXSet - Zeros words 0x0C, 0x14, and 0x18 plus bytes 0x10 and 0x11, sets color bytes 0x2C-0x2E to 0x80, and sets byte 0x2F to 0x60
0x00282A08, WindowDXMain - Implements WindowDX phases 1-5, initializing frame, ribbon, title, and sprite descriptors, animating OpenCloseMain, invoking the client callback, drawing contents, and ending at phase 0xFF
0x00282D30, subMWModeExSet - Tests `*(short *)(param_1 + 0x2a) == 0` and `-1 < iVar7); uVar5 = *puVar13; *(undefined1 *)(param_1 + 0x22d) = 0x20; puVar6 = (undefined1 *)(param_1 + 0x271); *(undefined4 *)(param_1 + 0x244) = uVar5; iVar7 = 0x16; puVar9 = (undefined1 *)(param_1 + 0x928)` and `iVar7 < iVar12`; stores `*puVar6 = 0x70` and `*(undefined1 *)(param_1 + 0x22d) = 0x20` and `*(undefined4 *)(param_1 + 0x244) = uVar5`; invokes `eCursolModeChange(param_1 + 0x1c0,0x50)` and `eCursolModeChange(param_1 + 0x1e4,0x50)`
0x00282FD8, subMWPosSet - Recalculates visible row positions, cursor coordinates, and scroll markers from selection and page offsets
0x00283430, subMWDraw - Writes helper mw command data to the active output, invoking WindowDXMain and eCursolMain to obtain or submit dependent data
0x00283528, subMWControlType00 - Moves a linear list index with pad bits 0x1000 and 0x4000, wraps only on repeated input, updates row and page bytes, and plays cursor sound 3
0x002836A8, subMWControlType01 - Navigates a paged grid with all four directional bits, wraps on held input, recomputes column as index modulo width byte 0x22, and plays cursor sound 3
0x00283AF0, WindowSPSelect - Dispatches type-0 or type-1 selectable-window controls and returns the resulting confirm, cancel, or movement code
0x00283B88, WindowSPSet - Updates window sp using indexed table traversal and field selection
0x00283CF0, WindowSPItemChange - Clamps selection and scroll offsets to item count, visible rows, and enabled-entry boundaries
0x00283EB0, WindowSPSelectJump - Moves selection by one page, clamps to list bounds, and updates scroll offset and cursor row
0x00283F68, WindowSPMain - Initializes a selectable window with three cursors, 24 messages, and 26 numbers, animates its WindowDX frame, draws selection contents in phase 3, and clears the controller after closing
0x00284288, WindowSPKeepSelect - Stores `*param_2 = *(undefined1 *)(param_1 + 0x2a)` and `param_2[1] = *(undefined1 *)(param_1 + 0x28)` and `param_2[2] = *(undefined1 *)(param_1 + 0x20)` and `param_2[3] = *(undefined1 *)(param_1 + 0x21)`; when `*(short *)(param_1 + 0x2a) != 0`
0x002842C8, WindowSPKeepSelectCheck - Returns `pvVar1` according to `pvVar1 == (void *)0x0`; sets `pvVar1 = (void *)MenuCursorKeepCheck()` and `pvVar1 = memset(param_1,0,5)`
0x00284310, WindowSPSetSelect - Tests `-1 < (int)pvVar3` and `*(short *)(iVar4 + 0x2a) == 0` and `*(short *)(iVar4 + 0x2a) + -1 < (int)(uint)*(byte *)((int)param_2 + 1)`; stores `*(char *)((int)param_2 + 1) = *(char *)(iVar4 + 0x2a) + -1` and `*(char *)((int)param_2 + 3) = *(char *)(iVar4 + 0x23) + -1` and `*(byte *)((int)param_2 + 2) = *(byte *)((int)param_2 + 1) & 1`; invokes `pvVar3 = (void *)WindowSPSelect(param_1,0)` and `pvVar3 = memset(param_2,0,5)`; returns `pvVar3`
0x00284410, VersionUpDate - Recomputes and stores the save-data checksum after version conversion
0x00284438, VersionChange00To01 - Stores `*puVar7 = *puVar6` and `puVar7[1] = uVar3` and `puVar7[2] = uVar4`; invokes `VersionUpDate(param_1)`
0x00284560, FileVersionCheck - Provides an intentional no-op entry point for file version check call sites
0x00284568, FileObjectDataNoGet - Returns `iVar1`; after testing `(-1 < param_1) && (iVar1 = param_1 + -99, param_1 < 99)`; with `param_1 = param_1 + param_2` and `iVar1 = param_1 + 99`
0x00284590, FileObjectDataClear - Clears file object data fields and restores their defined idle-state values
0x00284600, FileThumbnailDecode - Decodes one save thumbnail JPEG into the requested output surface through xglJpegDecode
0x00284660, FileCheckSumGet - Copies through the output pointer via `*puVar3 = *puVar5` and `puVar3[1] = uVar7` and `puVar3[2] = uVar8` and `puVar3[3] = uVar9`; with `*puVar3 = *puVar5` and `puVar3[1] = uVar7`
0x00284760, FileCheckSumCheck - Recomputes save checksum fields and compares them with the checksum stored in the file header
0x00284798, FileObjectDataInput - Validates loaded save slots, converts versioned data, formats party time, and populates file-menu records
0x00284B10, FileJpegCheck - Collects five valid object data numbers, scans five JPEG decoder slots spaced 0xE100 bytes apart, and writes 0xFF to any slot whose data number is not in that set
0x00284BC8, FileJpegDecode - Decodes one queued thumbnail slot and marks its state success or failure for the file menu
0x00284CD8, FileObjectJpegSet - Checks JPEG file state and decodes four thumbnail slots obtained from the current file-object data set
0x00284D28, FileObjectJpegDecChange - Tests `!bVar1`; stores `*(undefined1 *)(iVar2 + 1) = 0xff`; invokes `FileJpegDecode()`
0x00284D80, FileObjectAllLoad - Fills file object all buffers using xglHddMcUmount and xglMcRequest and records the resulting transfer metadata and status
0x002851F0, FileSinkiSaveDataPush - Provides an intentional no-op entry point for file sinki save data push call sites
0x002851F8, FileSaveDataPush - Submits file data push data with GamePushSaveDataUser and MenuSaveMapNameGet and records completion and resource state from the transfer result
0x00285320, FileSlotNameGet - Returns `*(undefined4 *)(name_0 + param_1 * 4)`
0x00285338, TskObjectSet - Stores the supplied object value in the object field at offset 0x18
0x00285348, tskTskMain - Runs a transient menu worker task and removes it when its wait state completes
0x002853D8, MenuFilePas - Opens and animates the file-menu help panel, sizing it from the current prompt text
0x00285770, MenuFileInfo - Initializes and animates memory-card slot information windows, labels, capacity text, and close transitions
0x002863A0, ListColorChage.3 - Applies enabled, disabled, selected, and unavailable colors to one file-selection list entry
0x00286430, tskFileSelect - Tests `*(char *)(param_1 + 0x10) == '\0'` and `iStack_60 < 2); iVar5 = param_2 + iStack_60 * 0xc + 0x1e40; *(char **)(iVar5 + 4) = s_Cancel_004daa58; *(undefined1 *)(iVar5 + 0xc) = 0; *(undefined4 *)(iStack_60 * 0xc + param_2 + 0x1e50) = 0; ListColorChage_3` and `-1 < iVar5); bVar4 = FileWork[3]; if (bVar4 < 0x28`; stores `*(undefined4 *)(param_2 + 4) = 0xfffff0` and `*(char **)(param_2 + 0x1e50) = "MEMORY CARD slot 2"` and `*(char **)(param_2 + 0x1e44) = "MEMORY CARD slot 1"`; invokes `ListColorChage_3()` and `WindowDXSet(iStack_60 * 0x194 + param_2 + 0x14)`
0x002869D0, tskFileEx - Animates file-menu explanatory text and separators, sliding them on open and off on close
0x00286B40, FileThumbnailDisp - Writes file thumbnail command data to the active output, invoking WindowDXSet and WindowDXMain to obtain or submit dependent data
0x00287160, tskFileData - Animates save-slot cards, cursor, metadata, and thumbnail positions while handling open and close states
0x00287888, MenuFile - Drives load/save card requests, slot selection, overwrite prompts, error dialogs, thumbnails, and completion states
0x00289850, endBackTexDraw - Writes back texture draw command data to the active output, invoking xglPacketGetCurrent and sceVif1PkCnt to obtain or submit dependent data
0x00289A70, MenuFileMain - Captures the frame, allocates save, JPEG, and object buffers, loads file-menu resources, runs five task objects until close, restores field rendering, and returns whether the operation was accepted
0x00289FD0, MenuItemUseCheck - Classifies usable items from flags, returning 0, 1, 2, 10, or -1 for unavailable special item 0x24
0x0028A080, MenuItemPasMain - Creates the nine-entry item-category panel, slides the active category into view according to DAT_0036c183 and DAT_0036c1b0, and draws its WindowDX and messages
0x0028A368, MenuItemInfoMain - Builds the item help window, selects item text or contextual cancellation and unusable messages from category and selection globals, slides its bounds, and draws WindowDX
0x0028A6B0, MenuItemLineMain - Initializes four horizontal item separators, derives their Y targets from the selected row, fades them by eight-step phase byte 3, slides the marker, and emits the frame primitive
0x0028A900, MenuItemStatusMain - Builds character item-status panes, filters members with PartyAttackerCheck, fills HP and EP number and gauge widgets, and animates the selected member's WindowDX frame
0x0028B110, MenuItemStatusAgwsMain - Initializes the AGWS item-status window, fills machine name, HP, and equipment display fields for the current pilot, and opens or closes the WindowDX from item mode
0x0028B548, MenuItemListMake00 - Builds inventory mode 1, flags unusable entries, configures seven rows, and restores selection key 0x36C200
0x0028B6C8, MenuItemListMake00_1 - Rebuilds the current item list, preserves status-2 entries, and configures the seven-row mode-1 window
0x0028B830, MenuItemListMake01 - Selects one of six weapon/accessory sort masks, builds mode 2, and restores its indexed cursor key
0x0028B9A8, MenuItemListMake02 - Builds sort mode 2, configures seven rows from DAT_004C4F60, and restores selection key 0x36C205
0x0028BA70, MenuItemListMain - Rebuilds the item list for the active category, configures WindowSP rows and cursor limits, preserves the category's prior index, and updates selection and scrolling
0x0028BD90, MenuItemSelectMain - Opens the item-use target selector, populates eligible party entries, moves its cursor, applies confirm or cancel transitions, and renders the selection WindowDX
0x0028BFA0, MenuItemIconMain - Initializes the item icon sprite, chooses its atlas entry from the selected item, applies a cosine pulse to highlight color or scale, and submits the sprite
0x0028C538, MenuItemExMain - Creates the item command prompt and explanatory message, slides them between hidden and visible coordinates, and updates their text and colors from item submode
0x0028C650, subRoboPartsCheck - Returns `1` and `2` and `0x10` and `uVar2` according to `lVar1 == 0` and `lVar1 != 0`
0x0028C750, MenuItemSegmentMain - Evaluates segment and robot-part ownership flags for the highlighted item, selects the corresponding icon and explanatory text, and draws the segment-status widgets
0x0028D9D0, MenuItem - Runs item browsing and use flow, selecting targets, consuming inventory, and updating character or AGWS status
0x0028E658, MenuSaveDataGet - Returns `&DAT_004a1a04`
0x0028E668, MenuShionMwsCheck - Returns `bVar1` according to `9 < lVar2` and `lVar2 == 0`; sets `lVar2 = MenuScenarioNoGet()` and `bVar1 = true`
0x0028E6C0, MenuEquipStealMaskCheck - Returns story flag 0x238, which suppresses stolen-equipment names and inventory categories
0x0028E6E8, MenuScenarioNoGet - Scans five descending story-flag ranges and returns the highest set scenario number, defaulting below one
0x0028E840, MenuCursorKeepCheck - Returns true when the global cursor-preservation disable byte at DAT_004917F4 is zero
0x0028E850, MenuSegmentInfoTextGet - Returns `map_ex_text` and `pcVar2`; after testing `param_1 < 2` and `pcVar2 = pcVar2 + 1, cVar1 == '\0'`; with `pcVar2 = map_ex_text` and `cVar1 = *pcVar2`
0x0028E8A0, MenuSegmentMapNameGet - Returns `pcVar2`; after testing `param_1 < 2` and `pcVar2 = pcVar2 + 1, cVar1 == '\0'`; with `pcVar2 = (char *)(map_ex_text + 0x540)` and `cVar1 = *pcVar2`
0x0028E8F0, MenuSegmentItemNameGet - Returns `pcVar2`; after testing `param_1 < 2` and `pcVar2 = pcVar2 + 1, cVar1 == '\0'`; with `pcVar2 = (char *)(map_ex_text + 0x3c0)` and `cVar1 = *pcVar2`
0x0028E940, MenuMapExTextLoad - Fills menu map ex text buffers using xglCdReadFile and MenuLoadFile and records the resulting transfer metadata and status
0x0028E9B0, MenuSaveMapNameGet - Returns `iVar1`; after testing `(iVar1 = iVar3, sVar2 != param_1 && (iVar4 = iVar4 + 1, iVar1 = save_map_text, iVar4 < 0x25))`; with `iVar4 = 0` and `sVar2 = *(short *)(save_map_text + 0x42)`
0x0028E9F0, MenuSaveMapTextLoad - Fills menu save map text buffers using xglCdReadFile and MenuLoadFile and records the resulting transfer metadata and status
0x0028EA60, MenuCharHpCheck - Returns `uVar3` according to `param_1 != 0` and `param_1 < 0` and `psVar2[0x1a] != *psVar2) break; } if (iVar4 == iVar1` and `psVar2[0x1a] != *psVar2`; sets `uVar3 = 0` and `puVar5 = auStack_60`
0x0028EB28, MenuCharEpCheck - Returns `uVar3` according to `param_1 != 0` and `param_1 < 0` and `*(short *)(iVar2 + 0x36) != *(short *)(iVar2 + 2)) break; } if (iVar4 == iVar1` and `*(short *)(iVar1 + 0x36) != *(short *)(iVar1 + 2)`; sets `uVar3 = 0` and `puVar5 = auStack_60`
0x0028EBE8, MenuMaryIdChange - Computes `iVar1 = 0xb` and `iVar1 = param_1`; when `((param_1 != 0x14) && (iVar1 = 0xc, param_1 != 0x13)) && (iVar1 = 3, param_1 < 0x11)`; returns `iVar1`
0x0028EC18, MenuMainCharCheck - Returns true only for playable character IDs 1 through 7
0x0028EC28, MenuMainAgwsCheck - Rejects AGWS IDs 0x13 and 0x14 and accepts every other integer
0x0028EC38, MenuNumberTextGet - Appends up to ten decimal digit strings, optionally retaining leading zeroes, into global msg_2
0x0028EE00, MenuTagTextGet - Returns `*(undefined4 *)(tag_name_3 + param_1 * 4)`
0x0028EE18, MenuFaceEpidGet - Returns `0xc01` and `0x401` and `(&uStack_82)[param_1]` and `0`; after testing `param_1 == 2` and `param_2 == 0` and `param_1 - 1U < 0xc`
0x0028EFA0, MenuParaNameGet - Returns `*(undefined4 *)(para_name_4 + param_1 * 4)`
0x0028EFB8, MenuParaNameGet2 - Returns `*(undefined4 *)(para_name2_5 + param_1 * 4)`
0x0028EFD0, MenuCharNameGet - Returns the character-name table entry, substituting the early-story name for character 5 before scenario 0x6C
0x0028F028, MenuTextGet - Dispatches encoded category and 16-bit ID across item, weapon, character, ether, skill, and technique text tables
0x0028F1F8, MenuBoxChk - Dispatches encoded inventory category to item, event, weapon, bullet, accessory, or money quantity lookup
0x0028F298, MenuBoxInc - Computes `uVar1 = 0` and `case 6: uVar1 = 0xffffffff`; invokes `case 1: dataItmBoxInc()` and `case 2: dataEvtBoxInc()`; returns `uVar1`
0x0028F350, MenuBoxDec - Computes `uVar1 = 0` and `case 6: uVar1 = 0xffffffff`; invokes `case 1: dataItmBoxDec()` and `case 2: dataEvtBoxDec()`; returns `uVar1`
0x0028F3F8, MenuBoxMoneyGet - Resolves category-specific shop price, applies progression discounts with a 50-percent floor, then optionally halves resale value
0x0028F740, MenuSkillEquipCheck - Searches three equipped skill slots and returns one-based slot index, or zero when absent
0x0028F7A8, MenuSkillEquip - Writes a skill into the requested slot, or the first empty of three slots for negative index
0x0028F838, MenuRWeaponCheck - Remaps weapon IDs 0x5B-0x5E to 0x70-0x72 for AGWS slots 0x20-0x23
0x0028F8A0, MenuRWeaponCheck2 - Maps AGWS weapon IDs 0x70, 0x71, and 0x72 back to 0x5B, 0x5C, and 0x5E
0x0028F8E8, PosEquipToOptMnt - Returns the mount code for the first set bit among eight equipment-position bits, otherwise zero
0x0028F928, OptMntToPosEquip - Scans eight mount codes and returns the corresponding one-hot equipment-position byte, otherwise zero
0x0028F990, OptMntToPosEquip2 - Combines one or two mount codes into an equipment-position mask, returning zero for invalid inputs
0x0028FA08, OptMntToWpnPos - Maps mount codes 0x18-0x23 to weapon positions 1-6, returning zero for unsupported codes
0x0028FA68, WpnPosToOptMnt - Maps weapon positions 1-6 to mount codes 0x18-0x23, selecting paired codes from weapon flags
0x0028FB38, MenuWpnMountIdChange - Computes `uStack_20 = 0x1800000020` and `uStack_18 = 0x1a00000022` and `uStack_10 = 0x1b00000023`; when `param_2 < 2`; returns `uVar1`
0x0028FBB0, PosEquipToMntPos - Returns 0 without reading arguments or changing memory
0x0028FBB8, chrEquipGet - Returns `0x8000 >> ((int)param_1 - 1U & 0x1f) & 0xffff` and `0x8000 >> ((int)param_1 - 0x11U & 0x1f) & 0xffff`; after testing `param_1 < 0x11`
0x0028FBE8, wpnInfoGet - Returns `uVar1`; after testing `0x10 < param_1`; with `uVar1 = 0x4000` and `uVar1 = 0x2000`
0x0028FC00, MenuWeaponEquipCheck - Returns `bVar1` according to `param_1 != 0` and `param_2 != 0` and `(*(ushort *)(iVar4 + 0xc) & uVar3) != 0`; sets `bVar1 = false` and `uVar2 = chrEquipGet()`
0x0028FC88, MenuWeaponEquipPosCheck - Returns `uVar3` according to `(int)param_2 - 1U < 0x73` and `(*(ushort *)(iVar7 + 8) & uVar5) != 0` and `param_1 == 0x1b` and `(sVar2 != 0) && (iVar18 != param_4)`; sets `uVar20 = 0` and `uVar21 = 0`
0x002900C8, MenuAccessoryEquipCheck - Returns `1` and `0` and `uVar4` according to `param_1 != 0` and `param_2 != 0` and `((*(ushort *)(iVar3 + 6) & uVar1) != 0) && (uVar4 = 1, -1 < param_3)` and `*psVar7 != 0`
0x00290260, MenuBulletCheck - Validates a gun's bullet capability and returns the matching ammunition ID, one for empty selection, or zero
0x002902D8, MenuBulletCheck2 - Returns `uVar2` according to `param_2 == 3` and `param_2 < 4` and `param_2 != 1`; sets `lVar1 = func_0x00a197e8(3,0x3e)` and `uVar2 = (ulong)(lVar1 != 0)`
0x00290358, MenuFrameEquipCheck - Returns `bVar1` according to `param_2 != 0`; sets `bVar1 = false` and `iVar3 = func_0x00a1a598(param_2)`
0x002903B0, MenuEngineEquipCheck - Returns `bVar1` according to `param_2 != 0`; sets `bVar1 = false` and `iVar3 = func_0x00a1a5e8(param_2)`
0x00290408, MenuAgwsPilotCheck - Scans character records 1-12 and returns the character whose AGWS field equals the requested pilot ID
0x00290458, MenuAgwsWaglGet - Returns `iVar2`; after testing `param_1 != 0` and `sVar1 != 0`; with `iVar2 = 0` and `iVar5 = 2`
0x002904D0, MenuSortSubType05 - Compares text bytewise and swaps entries when the first name sorts before the second
0x00290558, MenuSortSubType04 - Compares text bytewise and swaps entries when the second name sorts before the first
0x002905E0, MenuSortSubType03 - Swaps entries when the second inventory quantity is lower than the first
0x00290640, MenuSortSubType02 - Swaps entries when the first inventory quantity is lower than the second
0x002906A0, MenuSortSubType01 - Computes `*param_1 = *param_2` and `*param_2 = uVar1`; while testing `uVar1 < *param_2`
0x002906C8, MenuSortSubType00 - Computes `*param_1 = *param_2` and `*param_2 = uVar1`; while testing `*param_2 < uVar1`
0x002906F0, MenuSortChange - Bubble-sorts a zero-terminated 256-entry list using the comparator selected by index
0x002907F0, MenuSortCheck - Counts entries in a selected 0x400-byte sort buffer until its zero terminator
0x00290838, MenuSortSet - Rebuilds a zero-terminated encoded inventory list from category mask, subtype ranges, ownership, and equipability filters
0x00290F38, MenuSortAddrGet - Returns `&sort + param_1 * 0x400`
0x00290F50, MenuSortGet - Returns `*(undefined4 *)(&sort + (param_1 * 0x100 + param_2) * 4)`
0x00290F70, MenuIdChange - Returns `(int)param_1 + param_2 * 0x10000`
0x00290F88, subListMake00 - Copies an encoded entry's text pointer and owned quantity into a 12-byte list record
0x00290FD8, subListMake01 - Copies an encoded entry's text pointer and shop price into a 12-byte list record
0x00291028, MenuListMake - Converts each zero-terminated sort entry into 12-byte text/value records, then appends a value -1 sentinel
0x002910F0, MenuListGet - Returns `&mw_list + param_1 * 0xc00`
0x00291110, MenuFileNameGet - Builds model, motion, weapon, or AGWS resource paths with ID-specific directories and requested extension
0x002913C0, MenuParaPtRateGet - Returns `*(undefined2 *) ((param_1 * 8 + (uint)*(byte *)((int)&ParaDataChangeTbl + param_2)) * 2 + ParaDataBuf + -0x10)`
0x002913E8, MenuParaPtBaseGet - Returns `*(undefined2 *) (ParaDataBuf + (param_1 * 8 + (uint)*(byte *)((int)&ParaDataChangeTbl + param_2)) * 2 + 0x70)`
0x00291410, MenuParaPtNowGet - Returns `sVar2`; with `psVar3 = (short *)func_0x00a191c0()` and `sVar2 = 0`
0x002914B0, MenuParaUpMaxGet - Finds the largest active party parameter, rounding HP down to tens and EP down to even values
0x00291570, MenuParaNextPointGet - Computes upgrade cost as base plus rate times normalized prospective parameter value divided by 99
0x00291668, MenuParaUp - Raises one character parameter by its defined increment, clamps HP or EP, and deducts calculated points
0x002917D0, MenuParaUpCheck - Returns `uVar1` according to `uVar4 < uVar5` and `iVar3 <= *(int *)(iVar2 + 0xc)`; sets `uVar4 = MenuParaPtNowGet()` and `uVar5 = MenuParaUpMaxGet(param_2)`
0x00291858, MenuCharWeaponAttCheck - Reports menu char weapon att as always false through its fixed result
0x00291860, MenuCharLeaderMask - Returns scenario and party-role status codes controlling whether a character can become leader
0x00291930, MenuPasLengthGet - Prefixes supplied text with a fixed label and measures the resulting message's rendered width
0x00291990, CharPasMain - Sizes the character category strip from MenuPasLengthGet, creates its WindowDX and labels, slides the selected tab into place, and draws the panel
0x00291E70, MenuCharEquipCalcPointGet - Returns the selected parameter delta between recalculated equipment stats and current character stats, including adjustment bonuses
0x00291FB0, CharInfoMain - Initializes the character help window, selects descriptive text for the current submenu and character, animates its rectangle, and updates WindowDX
0x00292868, CharCategoryMain - Creates character category icon sprites, chooses frames from the active category, and applies a cosine highlight pulse before drawing each icon
0x00292D30, CharMenuMain - Builds the character command window, enables entries allowed for the current party member, moves the cursor, and draws command text and WindowDX framing
0x002930D8, CharExMain - Initializes the character detail ribbon and tag-font fields, fills their labels and values for the selected member, and animates the detail strip
0x002933E0, CharL1R1Main - Creates L1 and R1 shoulder sprites, slides them on or off screen, and changes their enabled appearance according to adjacent selectable characters
0x00293610, CharStatusMain - Populates the character status pane with portrait, level, HP, EP, gauges, and party markers, excluding unavailable attackers, then draws its frame
0x00294798, CharParameterMain - Creates the parameter window and fills attack, defense, ether, agility, and related numeric widgets from the selected character record
0x00294EC0, CharWeaponMain - Builds the weapon equipment window, selects weapon icons and stat numbers for the active character, and draws its WindowDX, sprites, and comparison values
0x00295598, CharListMake_Wpn - Builds character weapon entries and a seven-row window, then restores selection key 0x36C20F
0x00295628, CharListMake_Gun - Builds ammunition entries, disabling bullets not matching the equipped gun, and restores key 0x36C214
0x00295748, CharListMake_Acc - Builds accessory entries, disabling incompatible equipment, and restores the category-specific saved cursor
0x00295890, CharListMake_Para - Builds eight parameter-upgrade entries, marks unaffordable rows, and restores selection key 0x36C219
0x00295988, CharListMain - Configures the selectable character list, fills rows from available party members, restores its cursor and scroll position, and draws row portraits and WindowSP
0x00295CB0, CharSwitchMain - Initializes switch arrows and prompt messages, animates them while changing the active character, and updates their visibility during confirm and cancel phases
0x00295DD8, CharPointMain - Builds the character point window, reads the selected member's available and required point values, formats both numbers, and draws the WindowDX panel
0x00296168, MenuCharCameraSet - Stores `auStack_a0[1] = 0x3f80000040133333` and `auStack_a0[6] = 0` and `auStack_a0[0] = 0x3f6666663ee66666`; invokes `uVar2 = xglStudioGetCamera2(0)` and `xglCameraInit(uVar2)`
0x00296318, MenuCharCameraMove - Smoothly interpolates the menu camera toward mode-specific rotation and position targets, rebuilding transform matrices for formation mode and writing the resulting camera vectors
0x002966B8, MenuCharModelMain - Replaces the displayed character model when selection changes, applies equipment and steal-mask visibility, controls its pose, and breaks the unit during close
0x00296B08, MenuBattleModelMain - Selects a battle model from current party data, opens or replaces the menu model, applies battle equipment and motion, and disposes it when the page closes
0x00296E90, tskCharLineField - Animates and draws the character formation floor lines, then removes itself when the menu closes
0x00297420, tskCharSpotLight - Projects and draws formation spotlights beneath party models until its task wait is canceled
0x002977A8, MenuCharParaSet - Tests `0 < param_1` and `(int)param_1 - 1U < 7` and `sVar13 <= *psVar2`; stores `*(short *)((int)puVar3 + 4) = *(short *)((int)puVar3 + 4) + asStack_60[(uint)*(byte *)((int)&ParaDataChangeTbl + (int)param_1 + 7) * 2]` and `*(short *)((int)puVar3 + 6) = *(short *)((int)puVar3 + 6) + asStack_50[0]` and `*(short *)((int)puVar3 + 10) = *(short *)((int)puVar3 + 10) + sStack_4c`; invokes `psVar2 = (short *)func_0x00a191c0()` and `puVar3 = (undefined8 *)calcTotalParaMenu(param_1,asStack_60,asStack_50)`
0x00297B10, MenuCharactor - Loads character menu assets, creates display tasks, handles equipment and parameter pages, then releases resources
0x00299E18, WaglGet - Sums WAGL values from three nonzero mounted weapons after converting AGWS-specific weapon IDs
0x00299E98, ParaSet - Copies base AGWS parameters, adds frame and engine bonuses, then stores aggregate weapon WAGL
0x00299F30, MenuAgwsParaSet - Tests `param_1 != 0` and `param_2 == 0` and `param_2 == 10`; stores `*(undefined2 *)(iVar2 + 0x34) = uVar1`; invokes `iVar2 = func_0x00a191c0()` and `uVar3 = calcTotalParaMenu(param_1,auStack_50,auStack_40)`
0x0029A000, AgwsPasMain - Sizes and creates the AGWS category strip, positions tabs from the current section, and draws its labels and WindowDX frame
0x0029A480, AgwsInfoMain - Initializes the AGWS help panel, selects text for pilot, weapon, frame, or equipment mode, slides its bounds, and updates WindowDX
0x0029AB00, AgwsSelectMain - Opens the AGWS target selector, fills available machine entries, handles cursor confirmation and cancellation, and renders the selection window
0x0029AE80, MenuAgwsListMake_Wpn - Builds mount-compatible AGWS weapon rows and restores the saved cursor for the selected mount
0x0029AFE0, MenuAgwsListMake_Gun - Builds ammunition rows, disables rounds incompatible with the equipped gun, and restores key 0x36C21E
0x0029B100, MenuAgwsListMake_Acc - Builds compatible AGWS accessory rows in a six-item window and restores key 0x36C223
0x0029B228, MenuAgwsListMake_Pilot - Builds pilot rows, permitting empty or current assignments, and restores selection key 0x36C228
0x0029B378, AgwsListMain - Rebuilds the AGWS list as pilot or gun entries for the active category, configures row limits and scroll state, and updates its selectable window
0x0029B8B8, AgwsStatusMain - Fills the AGWS status window with machine name, HP, pilot, and equipment values for the highlighted list entry and animates its frame
0x0029BD40, AgwsWeapon2Main - Creates the secondary AGWS weapon pane, displays slot names and weapon statistics, highlights the selected mount, and draws its WindowDX
0x0029C630, AgwsNameMain - Resolves the machine's assigned pilot with MenuAgwsPilotCheck, fills machine and pilot name widgets, and draws their framed panel
0x0029D390, AgwsFaceMain - Initializes the AGWS pilot portrait pane, selects the face texture and status overlay for the current pilot, and animates the window
0x0029D530, AgwsSwitchMain - Creates AGWS switching arrows, slides them into their target coordinates, and changes their visibility and color while selection changes
0x0029D728, MenuAgwsCameraSet - Stores `*(undefined8 *)(iVar2 + 0xd0) = 0x403333333f000000` and `*(undefined8 *)(iVar2 + 0xd8) = 0x3f80000040900000` and `*(undefined4 *)(iVar2 + 4) = 1`; invokes `uVar1 = xglStudioGetCamera2(0)` and `xglCameraInit(uVar1)`
0x0029D7C8, MenuAgwsCameraMove - Tests `DAT_0036c183 != 0x22` and `DAT_0036c183 < 0x23` and `DAT_0036c183 != bVar2`; stores `afStack_30[0] = 0.5` and `afStack_30[1] = 2.8` and `afStack_30[2] = 4.5`; invokes `iVar3 = xglStudioGetCamera2(0)`
0x0029D898, MenuAgwsModelMain - Opens the highlighted AGWS model, applies MenuModelControl2 rotation and zoom, replaces it when selection changes, and breaks it during page teardown
0x0029DC50, MenuAgws - Loads AGWS menu assets and handles unit, weapon, accessory, pilot, status, model, and exit states
0x0029F440, SeisanCountInit1 - Zeros the 0xB0-byte SeisanCN block and fills twelve consecutive pointers at DAT_00534f70 from recipe records 1 through 12
0x0029F4A8, SeisanCountInit2 - Snapshots three characters' statistics, subtracts pending result deltas, and resets SeisanCN and DAT_00534F68
0x0029F630, SeisanNumberCount - Computes `*param_4 = 1`; while testing `param_1 != param_2` and `param_1 < param_2` and `!bVar1`; returns `param_1`
0x0029F678, SeisanCountMain - Adjusts the production quantity from directional input, clamps it to inventory and resource limits through SeisanNumberCount, and plays cursor feedback when the count changes
0x0029FA50, TskObjectSet2 - Stores the supplied object 2 value in the object field at offset 0x18
0x0029FA60, tskTskMain2 - Runs a transient menu worker task and removes it when its wait state completes
0x0029FAF0, SeisanTimeEx - Opens and updates the battle-results time and experience panel, then closes it on completion
0x0029FE58, tskSeisanButton - Displays results-screen button prompts and animates their sprites and explanatory messages by state
0x0029FF78, tskSeisanItem - Builds and animates the battle-results item rewards window from the current result records
0x002A0400, tskSeisanStatus - Builds and animates party result statistics, level changes, skill gains, and parameter deltas
0x002A1320, SeisanFadeMain - Advances the Seisan overlay alpha toward its open or closed target, writes that alpha into its primitive colors, and submits the fade through endPrintExtFunc
0x002A1410, subSeisanHissatuCheck00 - Returns 0x50 when any active result record has a nonzero special count, otherwise zero
0x002A1460, subSeisanHissatuCheck01 - Returns 0x58 when any active result record has special count above four, otherwise zero
0x002A14B0, subSeisanEtherCheck - Reports helper seisan ether as always false through its fixed result
0x002A14B8, subSeisanItemCheck - Returns the fixed item-check code 0x80 without reading arguments or changing memory
0x002A14C0, subSeisanCheck - Selects Hissatu-00, Hissatu-01, Ether, or item validation from SeisanWork[1], stores the first nonzero code in byte 4, or stores 0xF0 and sets flag bit 2 when none qualify
0x002A15C0, subSeisanMain - Validates the selected recipe, updates its quantity controller, consumes confirm or cancel input, and drives the synthesis prompt and fade phases
0x002A18C0, SeisanMain - Advances the battle-results state machine and returns its current completion or input status
0x002A18F0, SeisanDisp - Writes seisan command data to the active output, invoking endPrintDirectRibbon and endPrintExtFunc to obtain or submit dependent data
0x002A19E0, SeisanInit - Allocates Seisan background and object tasks, partitions work, result, fade, and item-box buffers, normalizes recipe rewards and money caps, loads UI resources, and captures the frame
0x002A1FF0, MenuShopAgwsListChange - Tests `(*psVar6 != 0) && (lVar2 = PartyTakeAgwsCheck(*psVar6), lVar2 != 0)` and `-1 < iVar7); iVar7 = 0; iVar5 = 0; do { iVar7 = iVar7 + 1; if ((*(short *)((int)&DAT_00535118 + iVar5) == 0) && (iVar7 < 4)` and `psVar3 = psVar3 + 1, sVar1 == 0`; stores `*psVar6 = 0` and `*(short *)((int)&DAT_00535118 + iVar5) = sVar1`
0x002A20E8, TskObjectSet3 - Clears the task object's state byte at offset 0x10 and stores the two supplied values at offsets 0x14 and 0x18
0x002A20F8, tskTskMain3 - Runs a transient menu worker task and removes it when its wait state completes
0x002A2188, MenuShopModelDisp - Drives shop-model phases 0, 10, 0x1E, and 0x1F, breaking stale units, opening mode 2 or 1, copying DAT_004d7e60 to model offset 0xD4, and setting byte 0x10 to 0xFF when the transition reaches zero
0x002A22A0, MenuShopModelMain - Initializes the shop model camera, updates the model display callback and rotation controls, and restores the camera and model unit when the shop closes
0x002A2458, MenuShopPas - Opens and animates the shop help panel, sizing it from the active prompt string
0x002A2808, MenuShopInfo - Displays selected merchandise description, owned count, price, and equipability in animated information windows
0x002A2F88, ListMake.3 - Clears eight shop list records, installs four labels, and disables unavailable buy or sell choices
0x002A30A0, MenuShopSelect - Tests `*(char *)(param_1 + 0x10) == '\0'` and `iVar16 == 0` and `iVar15 < 2); iVar16 = 0; iVar13 = 0; do { iVar15 = iVar16 + 0xff0; iVar13 = iVar13 + -1; WindowDXSet(param_2 + iVar16 + 0xfe0); iVar14 = iVar16 + 0xfe0; iVar11 = iVar16 + 0x1170; puVar12 = (undefined4 *)(param_`; stores `*(undefined4 *)(param_2 + 4) = 0xfffff4` and `*(undefined2 *)(iVar11 + 8) = 0x210` and `*(undefined4 *)(iVar11 + 0xc) = uVar6`; invokes `WindowDXSet(param_2 + iVar13 + 8)` and `uVar6 = ListMake_3(iVar16)`
0x002A36D0, MenuShopSortSet - Expands a selected shop category's item table into encoded IDs and appends a zero terminator
0x002A3898, subMenuShopEquipCheck - Returns `0` and `iVar6` according to `bVar1 != 0` and `bVar1 < 4` and `bVar1 < 7` and `iVar3 != 0`
0x002A3BF0, MenuShopNoSaleCheck - Returns category-specific no-sale flag 0x1000 for nonzero item, weapon, bullet, or accessory IDs
0x002A3CA0, MenuShopListColorChange - Tests `(*(char *)(MenuShopWork + 0x10) == '\0') || (iVar10 = 0, param_2 == 2)` and `0 < iVar2` and `lVar7 < lVar6`; stores `*puVar8 = 1` and `*(undefined1 *)(iVar4 + iVar3 + 8) = 1`; invokes `iVar1 = MenuSortAddrGet()` and `iVar2 = MenuSortCheck(param_1)`
0x002A3DE8, MenuShopListChange00 - Tests `*(char *)(MenuShopWork + 0x10) == '\0'` and `puVar5 != &DAT_004c7818); *puVar6 = 0xffffffff00000002; MenuSortSet(0,*(undefined1 *)(auStack_78 + (*(byte *)(MenuShopWork + 0x11) - 1)), *(undefined4 *)((int)auStack_78 + (uint)*(byte *)(MenuShopWork + 0x11) *`; stores `*puVar6 = *puVar5` and `puVar6[1] = uVar7` and `puVar6[2] = uVar8`; invokes `MenuShopSortSet(0,*(undefined1 *)(MenuShopWork + 0x11),0,0)` and `MenuListMake(0,0xfffffffffffffff6)`
0x002A4080, MenuShopListChange01 - Tests `*(char *)(MenuShopWork + 0x48) == '\0'`; stores `*(undefined1 *)(MenuShopWinSP + 0x15) = 9` and `*(undefined2 *)(iVar1 + 0xc) = 0x110` and `*(undefined2 *)(iVar1 + 0xe) = 0xde`; invokes `MenuShopSortSet(0,iVar4,0,0)` and `MenuListMake(0,0xfffffffffffffff6)`
0x002A4160, MenuShopList - Builds buy or sell merchandise rows, updates colors and selection, and runs selectable-window control
0x002A4430, MenuShopEx - Draws and animates shop headers, ribbons, labels, currency, and category decorations
0x002A50E0, MenuShopSeisan - Runs the purchase quantity and confirmation panel, enforcing stock, money, and inventory limits
0x002A5700, MenuShopSeisan02 - Runs the sale quantity and confirmation panel, enforcing owned quantity and updating projected money
0x002A5C20, MenuShopEx02 - Draws secondary shop transaction labels, ribbons, quantities, totals, and button prompts
0x002A61D0, MenuShopIcon - Animates shop category icons with cosine scaling and updates their sprite visibility and positions
0x002A68A0, MenuShopParaSet2 - Tests `((uint)puVar3 & 7) == 0` and `puVar6 != puVar3 + 0x30); } else { puVar4 = puVar13; puVar6 = puVar3; do { uVar9 = puVar6[1]; uVar11 = puVar6[2]; uVar12 = puVar6[3]; *puVar4 = *puVar6; puVar4[1] = uVar9; puVar4[2] = uVar11; puVar4[3] = uVar12` and `puVar4 != puVar5); } else { puVar5 = puVar4 + 0x30; puVar6 = (undefined8 *)&stack0xfffffe40; do { uVar9 = puVar4[1]; uVar11 = puVar4[2]; uVar12 = puVar4[3]; *puVar6 = *puVar4; puVar6[1] = uVar9; puVar6[2] = uVa`; stores `*puVar4 = *puVar6` and `puVar4[1] = uVar9` and `puVar4[2] = uVar11`; invokes `puVar3 = (undefined8 *)func_0x00a191c0(3)` and `puVar4 = (undefined8 *)calcTotalParaMenu(3,asStack_360,asStack_350)`
0x002A6CA0, MenuShopParaSet - Tests `0x10 < param_1` and `*(short *)(MenuShopWork + 0x42) == 0` and `*(short *)(MenuShopWork + 0x40) != 0`; stores `DAT_0036dbe4 = *(ushort *)(iVar6 + 10)` and `DAT_0036dbe6 = *(ushort *)(iVar6 + 0xc)` and `DAT_0036dbe8 = *(undefined2 *)(iVar6 + 0xe)`; invokes `memset(&MenuShopPara,0,0xe)` and `pvVar1 = memset(MenuShopPara2,0,0xe)`; returns `(long)(int)pvVar1` and `(long)MenuShopWork` and `(long)(int)(MenuShopPara2 + iVar7)`
0x002A7108, MenuShopParameter - Compares current and prospective equipment parameters for selected character or AGWS in animated windows
0x002A79E8, MenuShopEx2 - Displays comparison legends, arrows, values, and equipped markers for shop parameter previews
0x002A7B80, MenuShopLine - Slides and draws shop divider lines between list, information, and parameter regions
0x002A7DA0, MenuShopInfoSet - Tests `*(char *)(iVar1 + 0x10) == '\0'` and `*(char *)(iVar1 + 0x17) != '\0'` and `(short)ShopData != 0`; stores `*(undefined2 *)(MenuShopWork + 6) = 0` and `*(undefined2 *)(iVar1 + 6) = 1` and `*(ushort *)(MenuShopWork + 6) = *(ushort *)(MenuShopWork + 6) | 2`; invokes `MenuSortSet(0,1,0)` and `lVar2 = MenuSortCheck(0)`
0x002A8018, subMenuShopNumerInc.11 - Tests `(long)*(char *)(MenuShopWork + 0x12) < (long)*(int *)(in_v0_lo + 0x10)` and `((long)iVar2 <= *(long *)(iVar1 + 0x30)) && (*(char *)(iVar1 + 0x12) = *(char *)(iVar1 + 0x12) + '\x01', *(int *)(in_v0_lo + 0x18) != 0)`; stores `*(int *)(in_v0_lo + 0x14) = iVar2` and `*(undefined4 *)(in_v0_lo + 0x18) = 0`; invokes `iVar2 = MenuBoxMoneyGet(*(undefined4 *)(MenuShopWork + 0x24),0)` and `xglSoundEffectNormalID(3,0)`
0x002A80B0, subMenuShopNumerDec.12 - Tests `((long)*(int *)(in_v0_lo + 0x1c) < (long)*(char *)(MenuShopWork + 0x12)) && (*(char *)(MenuShopWork + 0x12) = *(char *)(MenuShopWork + 0x12) + -1, *(int *)(in_v0_lo + 0x18) != 0)`; stores `*(undefined4 *)(in_v0_lo + 0x18) = 0`; invokes `xglSoundEffectNormalID(3,0)`
0x002A8110, MenuShopCore - Drives category selection, buy/sell quantities, money checks, inventory updates, sounds, and transaction confirmation
0x002A9748, MenuShopMain - Captures the frame, allocates and loads shop UI resources, creates buy, sell, status, and model tasks, runs the shop loop, then restores menu textures, camera, and field flags
0x002A9F10, MenuEtherDataGet - Returns `iVar1`; after testing `(param_1 & 0xffff) - 1 < 0x50`; with `iVar1 = 0` and `iVar1 = MenuEtherDataBuf + (param_1 & 0xffff) * 4 + -4`
0x002A9F40, MenuEtherJoutoCheck - Accepts ether IDs 1-80 whose metadata does not carry restriction flag 0x4000
0x002A9F80, MenuEtherCharPointCheck - Returns whether the character's ether points cover the selected ether's signed cost field
0x002A9FC8, MenuEtherWhoCheck - Maps ether ID ranges 1-79 to owner groups 1-7, returning zero outside defined ranges
0x002AA048, MenuEtherSetCheck - Searches twelve learned-ether halfwords for a character and returns one when the ID is present
0x002AA0A8, MenuEtherTypeGet - Returns `*(undefined1 *)(iVar1 + 4)`
0x002AA0D0, MenuEtherUseCheck - Maps ether IDs 1, 4, 8, 0x1C, 0x25, and 0x4A to use classes 1-3
0x002AA160, MenuEtherCapSet - Stores `*(undefined1 *)(iVar3 + 0x17) = 0` and `*(char *)(iVar3 + 0x17) = *(char *)(iVar3 + 0x17) + *(char *)(iVar4 + 4)`; invokes `iVar3 = func_0x00a191c0(iVar7)` and `iVar4 = func_0x00a1a488(sVar1)`; when `bVar2 = iVar6 < 0xc, iVar6 = iVar6 + 1, bVar2` and `sVar1 == 0) break; iVar4 = func_0x00a1a488(sVar1); *(char *)(iVar3 + 0x17) = *(char *)(iVar3 + 0x17) + *(char *)(iVar4 + 4); } iVar7 = iVar7 + 1; if (7 < iVar7`
0x002AA200, MenuEtherPasMain - Sizes the Ether category strip from MenuPasLengthGet, initializes its labels and WindowDX, and slides the active tab to the selected position
0x002AA568, MenuEtherInfoMain - Creates the Ether help window, chooses description text for the highlighted spell and mode, animates its dimensions, and draws WindowDX
0x002AADD8, MenuEtherMenuMain - Builds the Ether command window, enables actions permitted by the selected character and spell, handles cursor input, and renders its framed entries
0x002AB0C8, MenuEtherExMain - Initializes the Ether detail ribbon and tag-font fields, fills EP cost and spell attributes, and animates the detail strip with selection changes
0x002AB480, MenuEtherL1R1Main - Creates L1 and R1 sprites, slides them beside the Ether panel, and hides either shoulder indicator when no adjacent character can be selected
0x002AB6A0, MenuEtherStatusMain - Populates the Ether status pane with the active member's portrait, level, HP, EP, and party eligibility, then updates its frame and gauges
0x002ABF98, MenuEtherStatusMain2 - Builds the secondary Ether statistics pane and resolves its attribute labels through MenuTagTextGet before drawing values and WindowDX
0x002ACB28, MenuEtherListMain - Creates the selectable Ether list, fills spell rows and icons for the active character, restores cursor and scroll offsets, and draws WindowSP
0x002AD158, MenuEtherListMain2 - Displays the alternate Ether list details, formatting selected spell costs and availability into a WindowDX-backed panel
0x002AD608, MenuEtherListMake00 - Fills ether rows with text and EP cost, marking unaffordable or unusable abilities with status bytes
0x002AD728, MenuEtherListMake01 - Lists ether capacity costs, disabling entries exceeding capacity 12 and marking already equipped abilities
0x002AD880, MenuEtherListMake02 - Lists ether point costs, enabling only abilities owned by the current character with affordable half-cost
0x002AD9A0, MenuEtherListMake03 - Temporarily exposes the selected ether bit, builds learned rows, then disables the currently selected entry
0x002ADB08, MenuEtherEquip - Equips or removes selected ether IDs in twelve character slots and refreshes list status bytes
0x002ADD60, MenuEther - Loads ether assets and drives use, equip, transfer, tree, character, and exit menu states
0x002AF498, MenuTecSaveDataGet - Returns character IDs 1-8 technique-save block at party offset 0x1C plus ID times 0x20, else null
0x002AF4E0, MenuTecDataGet - Returns `iVar1`; after testing `(param_1 & 0xffff) - 1 < 8`; with `iVar1 = 0` and `iVar1 = MenuTecDataBuf + (param_1 & 0xffff) * 0x40 + -0x40`
0x002AF510, BitToTecNo - Converts technique IDs across seven contiguous class ranges into zero-based slots, returning -1 outside them
0x002AF588, MenuTecNextTLevPointGet - Returns technique base cost plus per-level rate times next level, or zero for negative slot
0x002AF600, MenuTecTLevLimitCheck - Returns false for negative slots; otherwise compares current technique level byte against its limit byte at offset 0x18
0x002AF640, MenuTecTLevUp - Increments a technique level, stores animation threshold level times three minus three, and deducts upgrade points
0x002AF6F0, MenuTecNextSpeedPointGet - Returns the speed-up point cost halfword at technique offset 0x20, or zero for negative slot
0x002AF730, MenuTecSpeedLimitCheck - Returns true for a nonnegative technique slot whose speed-up byte at offset 8 is not one
0x002AF770, MenuTecSpeedUp - Sets a technique's speed-up byte to one and deducts its offset-0x20 point cost
0x002AF7F8, MenuTecNextWaitPointGet - Returns the wait-reduction cost halfword at technique offset 0x30, or zero for negative slot
0x002AF838, MenuTecWaitLimitCheck - Returns true for a nonnegative technique slot whose wait byte at offset 0x10 remains nonzero
0x002AF870, MenuTecWaitUp - Decrements technique wait, mirrors it into battle data offset 0x4E, and deducts the upgrade cost
0x002AF910, MenuTecCharTLevUpCheck - Returns `uVar3` according to `lVar4 == 0` and `*(int *)(iVar1 + 0xc) < iVar2`; sets `lVar4 = MenuTecTLevLimitCheck(DAT_0036c1c0,DAT_0036c1c4)` and `uVar3 = 0`
0x002AF980, MenuTecCharSpeedUpCheck - Returns `uVar3` according to `lVar4 == 0` and `*(int *)(iVar1 + 0xc) < iVar2`; sets `lVar4 = MenuTecSpeedLimitCheck(DAT_0036c1c0,DAT_0036c1c4)` and `uVar3 = 0`
0x002AF9F0, MenuTecCharWaitUpCheck - Returns `uVar3` according to `lVar4 == 0` and `*(int *)(iVar1 + 0xc) < iVar2`; sets `lVar4 = MenuTecWaitLimitCheck(DAT_0036c1c0,DAT_0036c1c4)` and `uVar3 = 0`
0x002AFA60, MenuTecPasMain - Creates the Tech category strip at the width returned by MenuPasLengthGet and slides its labeled tabs according to the active section
0x002AFD78, MenuTecInfoMain - Initializes the Tech information window, selects explanatory text for the highlighted technique, and animates its WindowDX bounds
0x002B0558, MenuTecMenuMain - Builds the Tech command list, masks commands unavailable to the current character, consumes cursor and confirmation input, and draws WindowDX
0x002B0798, MenuTecExMain - Configures the Tech detail ribbon and tag-font labels, updates point cost and level fields for the selected technique, and draws the strip
0x002B0960, MenuTecL1R1Main - Animates the Tech page's L1 and R1 sprites and suppresses directions that have no selectable neighboring character
0x002B0B80, MenuTecStatusMain - Fills the Tech status window with portrait, HP, EP, level, and party markers for an eligible character and renders its gauges and frame
0x002B1338, MenuTecListMain - Obtains the current technique table through MenuListGet, populates selectable rows and point costs, configures scrolling, and draws WindowSP
0x002B15E8, subMenuTecListChange.6 - Tests `DAT_0036c1c0 == '\a'` and `0 < iVar8 * 2 + 2` and `iVar6 < iVar8 * 2 + 2); in_v0_lo[1] = iVar6; } *in_v0_lo = iVar8 + 1; } while (iVar8 + 1 < 2); *in_v0_lo = 0; } else { aiStack_50[0] = 0; aiStack_50[1] = 1; aiStack_50[2] = 0; aiStack_50[3] = 0; aiStack_50[4] =`; stores `*in_v0_lo = 0` and `in_v0_lo[1] = 0` and `*(undefined **)(iVar3 + iVar7 + 0x2c4) = PTR_PTR_0036dca4`; invokes `iVar2 = func_0x00a191c0(DAT_0036c1c0)` and `puVar4 = (undefined4 *)MenuTextGet(uVar1 + 0xa0000)`
0x002B1890, MenuTecListMain2 - Presents secondary technique details and required points for the highlighted row in an animated WindowDX panel
0x002B2540, subListChange.11 - Tests `lVar6 == 0` and `lVar6 != 0`; stores `*(undefined1 *)(iVar4 + 0x34a) = 10` and `*(uint *)(iVar4 + 0x1f0) = (uint)bVar1` and `*(undefined **)(iVar4 + 0x350) = puVar3`; invokes `iVar2 = MenuTecSaveDataGet(DAT_0036c1c0)` and `lVar6 = MenuTecSpeedLimitCheck(DAT_0036c1c0,DAT_0036c1c4)`
0x002B2820, MenuTecSetWinMain - Opens the Tech assignment window, displays available slots and the selected technique, handles placement or removal input, and closes after confirmation or cancellation
0x002B2DB8, MenuTecSortSet00 - Scans the selected character's technique-ID range, emits learned IDs tagged 0xA0000, and terminates with zero
0x002B2EC0, MenuTecEquipCheck - Counts occurrences of a technique ID among the character's six equipped technique slots
0x002B2F18, MenuTecTrgCheck - Returns whether either of the two low target bits is set in technique metadata
0x002B2F40, MenuTecTypeCheck - Returns `*(char *)(iVar2 + iVar1 + 8) == '\x01'` according to the explicit return paths
0x002B2F90, MenuTecListMake00 - Builds technique rows and stores each technique's equipped-slot count as the displayed value
0x002B3028, MenuTecListMake00_2 - Disables technique rows whose type or target flags conflict with the selected slot and character
0x002B3138, MenuTecListMake01 - Builds upgrade rows, displaying equip counts and enabling techniques with any affordable level, wait, or speed upgrade
0x002B3258, MenuTec - Loads technique assets and drives equip, upgrade, character selection, windows, models, and saved cursor state
0x002B4128, MenuSystemPasMain - Initializes the system-menu category panel, positions its labels and selector from the current system page, and draws the animated WindowDX
0x002B4388, MenuSystemInfoMain - Creates the system help panel and replaces its message with the description of the highlighted option before updating WindowDX
0x002B45A8, MenuSystemMenuMain - Builds the system options window, formats current settings, moves the command cursor, and renders labels, values, and WindowDX framing
0x002B4CD8, MenuSystemInitSet - Restores default sound, vibration, display, radar, cursor, and HDD option globals, derives radar inversion from party byte 0x2E, and applies display settings
0x002B4D80, subMenuSystemMain - Moves the options cursor, toggles the selected configuration value, applies vibration changes through MenuBibrationSet, and handles confirm or cancel sounds
0x002B54B0, subMenuSystemInit - Partitions aligned memory into system category, info, and menu blocks, copies saved option values, probes and activates HDD support, and records whether HDD settings are available
0x002B55B8, MenuSystem - Initializes and runs the system-options menu until confirm, cancel, or asynchronous storage work completes
0x002B5660, MenuSystem2Init - Resets extended-print state and creates the system-menu blocks at MainMenuWorkEnd
0x002B5680, MenuSystem2 - Runs an embedded system-options menu and draws it each frame until completion
0x002B56C0, PartyDataGet - Returns the address of the global party-data structure at DAT_004a1828
0x002B56D0, PartyDataInit - Loads base party and growth tables, initializes sound, HDD, radar, mail, item inventories, money, weapon 0x13, simulation number, and the play clock
0x002B5A08, PartyDataInit2 - Enables friends 3, 1, and 2, assigns them to attacker slots 0-2 with positions 1-3, and clears party word 0x2C
0x002B5A70, PartyFriendOn - Sets character IDs 1-7, excluding 4, in the party friend mask at offset 0x28
0x002B5AC0, PartyFriendOff - Clears character IDs 1-7, excluding 4, from the party friend mask at offset 0x28
0x002B5B18, PartyFriendCheck - Returns `bVar1` according to `(uVar3 < 7) && (param_1 != 4)`; sets `iVar2 = PartyDataGet()` and `uVar3 = (int)param_1 - 1`
0x002B5B70, PartyLockPartyOn - Fetches the requested party record and sets its party-lock bit when the member exists
0x002B5BC0, PartyLockPartyOff - Fetches the requested party record and clears its party-lock bit when the member exists
0x002B5C18, PartyLockPartyCheck - Returns `bVar1` according to `(uVar3 < 0xc) && (param_1 != 4)`; sets `iVar2 = PartyDataGet()` and `uVar3 = (int)param_1 - 1`
0x002B5C70, PartyOutFriendOn - Sets character IDs 1-12, excluding 4, in the unavailable-friend mask at offset 0x26
0x002B5CC0, PartyOutFriendOff - Clears character IDs 1-12, excluding 4, from the unavailable-friend mask at offset 0x26
0x002B5D18, PartyOutFriendCheck - Returns `bVar1` according to `(uVar3 < 0xc) && (param_1 != 4)`; sets `iVar2 = PartyDataGet()` and `uVar3 = (int)param_1 - 1`
0x002B5D70, PartyTakeAgwsOn - Sets AGWS IDs 0x11-0x20 in the party ownership mask at offset 0x2A
0x002B5DB8, PartyTakeAgwsOff - Clears AGWS IDs 0x11-0x20 from the party ownership mask at offset 0x2A
0x002B5E08, PartyTakeAgwsCheck - Returns `bVar1` according to `param_1 - 0x11U < 0x10`; sets `iVar2 = PartyDataGet()` and `bVar1 = false`
0x002B5E58, PartyAttackerSet - Tests `param_2 == 0` and `lVar3 == 0` and `0 < param_3`; stores `*(undefined1 *)(puVar2 + 1) = 0` and `*puVar2 = 0` and `*puVar2 = (short)param_2`; invokes `iVar1 = PartyDataGet()` and `lVar3 = PartyFriendCheck(param_2)`; returns `0xffffffff` and `0`
0x002B5EF8, PartyBattleChange - Tests `param_1 != 0` and `bVar1 = iVar2 < 3, iVar2 = iVar2 + 1, bVar1` and `*puVar4 == param_1`; stores `*puVar4 = (ushort)auStack_40[0]`; invokes `iVar2 = PartyDataGet()` and `lVar3 = PartyReserveGet(auStack_40)`
0x002B5F88, PartyLeaderSet - Verifies the requested character is an attacker, resolves its battle index with an optional message-table override, stores it as party leader, and reports success
0x002B6010, PartyLeaderCheck - Converts a character ID to battle ID and compares it with party leader halfword at offset 0x2C
0x002B6058, PartyRadarDispSet - Stores the requested radar-display byte in party data offset 0x2E
0x002B6080, PartyFriendLockCheck - Returns `bVar1` according to `(uVar4 < 0xc) && (param_1 != 4)` and `(param_2 & 1) != 0` and `(param_2 & 2) != 0`; sets `iVar2 = PartyDataGet()` and `uVar4 = (int)param_1 - 1`
0x002B6118, PartyAllPartyGet - Emits up to six attackers/reserves, unlocked friends, or all friends according to mode 0, 1, or 2
0x002B6240, PartyAttackerGet - Copies up to three nonzero attacker IDs from party offset 0x30, applying Mary's ID remapping
0x002B62C0, PartyReserveGet - Scans IDs 1-12 for unlocked non-attackers, appending reserves until total party count reaches six
0x002B6370, PartyAllPartyGet2 - Temporarily installs supplied party data, collects mode-0 members, then restores the original 0x188-byte structure
0x002B6498, PartyAgwsGet - Expands the 16-bit AGWS ownership mask into up to six IDs 0x11-0x20
0x002B6518, PartyCharNumGet - Counts set bits across the first sixteen character-presence bits in party data
0x002B6588, PartyAgwsNumGet - Counts set bits in the party's 16-bit AGWS ownership mask
0x002B65F8, PartyAttackerCheck - Returns `0` and `uVar3` according to `param_1 - 1 < 0x10` and `param_1 == 0xb` and `param_1 == 0xc` and `puVar4 = puVar4 + 2, uVar1 != param_1`
0x002B66A0, PartyAttackPosCheck - Returns `*puVar2` and `0` according to `*(char *)(puVar2 + 1) == param_1`
0x002B6708, PartyAttackPosGet - Finds a character among three attacker records and returns its position byte, or zero when absent
0x002B6770, PartyAttackPosSet - Tests `*puVar2 == param_1`; stores `*(undefined1 *)(puVar2 + 1) = param_2`; invokes `iVar1 = PartyDataGet()`
0x002B67E0, PartyAttackPosChange - Finds two party members' current attack-position bytes across three slots and swaps those positions through PartyAttackPosSet
0x002B6868, PartyTimeLimitCheck - Clamps accumulated party play time to 99 days, 23 hours, 59 minutes, and 59 seconds
0x002B68C0, PartyTimeInit - Converts zero seconds into the party day-time record at 0x491818 and reads the current clock into DAT_004db5c8
0x002B68E8, PartyTimeUpDate - Adds elapsed clock ticks to saved play time unless paused, then clamps the 99-day limit
0x002B6980, PartyTimeDispChange - Builds party time change drawing commands from current geometry, color, and texture state
0x002B69B8, PartyTimePauseStart - Accumulates elapsed play time, then marks the party timer paused
0x002B69D0, PartyTimePauseEnd - Restarts party timing by recording the current clock and clearing its paused state
0x002B69E8, SkillSetLvGet - Returns `uVar1`; after testing `(param_1 & 0xffff) != 0`; with `uVar1 = 0` and `uVar1 = *(undefined1 *)((param_1 & 0xffff) + SkillDataBuf + -1)`
0x002B6A08, SkillGetPtGet - Returns `uVar1`; after testing `(param_1 & 0xffff) != 0`; with `uVar1 = 0` and `uVar1 = *(undefined2 *)((param_1 & 0xffff) * 2 + SkillDataBuf + 0x7e)`
0x002B6A30, SkillNextLvGet - Returns `*(undefined2 *)(param_1 * 2 + SkillDataBuf + 0x17e)`
0x002B6A48, SkillCharSkillLvGet - Returns the selected character's skill-level byte from party data, or zero for invalid character IDs
0x002B6A90, SkillCharPointPlus - Spends skill points to increase a character's skill level, updates learned flags, and plays confirmation sound 3
0x002B6B98, MenuSkillPasMain - Sizes the skill category strip, initializes its labeled tabs and WindowDX, and slides the active category into position
0x002B6EB0, MenuSkillInfoMain - Builds the skill description window, selects help text for the highlighted skill or category, and animates its frame
0x002B7320, MenuSkillStatusMain - Populates the skill status pane with the selected eligible character's portrait, level, HP, EP, and skill points, then draws its WindowDX
0x002B7AD0, MenuSkillMenuMain - Creates the skill command list, enables entries valid for the current selection, processes cursor and confirm input, and renders its frame
0x002B7D50, MenuSkillExMain - Initializes the skill detail ribbon and tag fonts, fills cost and learned-state fields, and animates the strip for the highlighted skill
0x002B8110, MenuSkillL1R1Main - Slides the skill page's L1 and R1 indicators and dims a direction when no adjacent selectable character exists
0x002B8330, MenuSkillSetListMain - Displays assigned skill slots and their names, highlights the active slot, and opens or closes the list through WindowDX phases
0x002B8550, MenuSkillCategoryMain - Creates category icon sprites for skill types and applies a cosine color or scale pulse to the selected icon
0x002B8A68, MenuSkillListChange00 - Tests `0 < iVar9` and `(*(short *)(iVar10 + 0xe) == 0) || (lVar13 = func_0x00a19698(DAT_0036c1c0,*(undefined2 *)(iVar10 + 0xe)), lVar13 != 0)` and `cVar4 < cVar1`; stores `*(int *)(iVar7 + 4) = iVar11` and `*(undefined1 *)(iVar7 + 8) = 0` and `*(undefined1 *)(iVar7 + 9) = uVar5`; invokes `puVar6 = (undefined2 *)MenuSortAddrGet(0)` and `iVar7 = MenuListGet(0)`
0x002B8C58, MenuSkillListChange01 - Tests `0 < iVar4` and `lVar6 == 0`; stores `*(undefined4 *)(iVar3 + 4) = uVar5` and `*(undefined1 *)(iVar3 + 9) = 0` and `*(undefined1 *)(iVar3 + 9) = 1`; invokes `puVar2 = (undefined4 *)MenuSortAddrGet(0)` and `iVar3 = MenuListGet(0)`
0x002B8D98, MenuSkillListMain - Rebuilds the skill rows through category-specific change routines, preserves cursor and scrolling, and updates learned, equipped, and point-cost displays
0x002B91B8, MenuSkill - Loads skill assets and drives character, category, skill-level, equip, window, model, and exit states
0x002B9F10, EtherTreeObjectGetClear - Resets EtherTreeObjectP to the beginning of the EtherTreeObject array
0x002B9F20, EtherTreeObjectWorkGet - With `EtherTreeObjectP = EtherTreeObjectP + 0x70`
0x002B9F30, EtherTreeFirstDataGet - Returns `(uint)*(ushort *)(EtherTreeSystem + 2) * 4 + 0x36dd8c`
0x002B9F50, EtherTreeObjectGet - Returns `puVar2` and `(ushort *)0x0`; after testing `uVar1 == param_1`
0x002B9F90, EtherTreeLineColorGet - Copies through the output pointer via `*puVar2 = uVar1`; with `*puVar2 = uVar1`
0x002B9FF8, sub2ParentChildSet - Tests `bVar1 == 0`; stores `param_1[4] = 0` and `*(byte *)(param_1 + 0xc) = *(byte *)(param_1 + 0xc) | 4` and `*piVar4 = 0`; invokes `iVar2 = MenuEtherDataGet(*param_1)` and `puVar3 = (ushort *)EtherTreeObjectWorkGet()`
0x002BA0A8, subParentChildSet - Tests `bVar1 == 0`; stores `*(undefined2 *)(iVar3 + 8) = 0` and `*(undefined1 *)(iVar3 + 0x18) = 0x20` and `*puVar5 = 0`; invokes `iVar2 = EtherTreeFirstDataGet()` and `iVar3 = EtherTreeObjectWorkGet()`
0x002BA158, subPosSet - Tests `*(short *)(param_1 + 8) == 0` and `uVar2 != 0` and `uVar2 == 2`; stores `*(undefined4 *)(iVar1 + 0x20) = uVar9` and `*(undefined4 *)(iVar1 + 0x24) = 0` and `*(float *)(iVar1 + 0x28) = fVar6 + 1.0`; invokes `iVar1 = subPosSet()`; returns `iVar5`
0x002BA350, subPosSet2 - Tests `param_1 != 0` and `param_2 != 0` and `*(short *)(iVar3 + 8) != 0`; stores `*(undefined8 *)(iVar3 + 0x20) = uStack_30` and `*(undefined8 *)(iVar3 + 0x28) = uStack_28`; invokes `uStack_30 = CONCAT44(uStack_30._4_4_ + ((float *)param_2)[1], (float)uStack_30 + *(float *)param_2)` and `subPosSet2(uVar1,&uStack_30)`
0x002BA400, subPosSet3 - Computes `iVar4 = 0x4f` and `iVar3 = EtherTreeObject` and `iVar1 = *(int *)(iVar3 + 0xc)`; when `*(short *)(iVar3 + 8) == 2` and `*(short *)(iVar3 + 8) == 3`
0x002BA470, sub2JoutoYGet - Copies through the output pointer via `*param_2 = *(undefined4 *)(param_1 + 0x24)`; with `*param_2 = *(undefined4 *)(param_1 + 0x24)`
0x002BA4A8, subJoutoPosSet - Tests `sVar1 != sVar4` and `iVar10 < 0` and `lVar7 != 0`; stores `*(undefined2 **)(EtherTreeSystem + 0x54) = puVar5` and `afStack_60[0] = afStack_60[0] + 72.0` and `*(byte *)(puVar9 + 0xc) = *(byte *)(puVar9 + 0xc) | 8`; invokes `puVar5 = (undefined2 *)EtherTreeObjectWorkGet()` and `sub2JoutoYGet(uVar3,afStack_60)`
0x002BA608, EtherTreeParaSet - Tests `*param_1 == 0` and `(*(byte *)(param_1 + 0xc) & 4) != 0` and `lVar4 == 0`; stores `*(byte *)(param_1 + 0xc) = *(byte *)(param_1 + 0xc) | 8` and `*(undefined1 *)((int)param_1 + 0x45) = 1` and `param_1[0x24] = 8`; invokes `lVar4 = MenuEtherSetCheck(uVar1,*param_1)` and `lVar4 = func_0x00a19578(uVar1,*param_1)`
0x002BA6F8, EtherTreeLineSet - Scans 80 tree objects and assigns active non-root nodes to 0x190-byte line records
0x002BA750, EtherTreeTargetChange - Tests `((*EtherTreeSystem & 1) != 0) && (lVar2 != 0)` and `param_2 == 1`; stores `*(int *)(EtherTreeSystem + 0x50) = iVar3` and `*(float *)(pbVar1 + 0x40) = -fVar4` and `*(float *)(pbVar1 + 0x44) = -fVar5`; invokes `lVar2 = EtherTreeObjectGet()`
0x002BA7C0, EtherTreeWorkClear - Clears ether tree work state for reuse and invokes memset to synchronize dependent resources
0x002BA820, EtherTreeObjectSet - Tests `*pcVar4 == '\0'` and `(pcVar4 = pcVar4 + 1, iVar2 < 0x10 && (*pcVar4 == '\0'))` and `iVar2 != 0x10`; stores `*EtherTreeSystem = *EtherTreeSystem | 1` and `*(short *)(EtherTreeSystem + 2) = (short)param_1` and `*(undefined4 *)(EtherTreeSystem + 0x38) = DAT_004d7e7c`; invokes `memset(EtherTreeObject,0,0x2300)` and `memset(EtherTreeLine,0,0x1900)`
0x002BA970, EtherTreeCenterSet - Updates center X/Y and sets moving flag 2 when requested axes differ from their targets
0x002BA9E0, EtherTreeToCenterSet - Stores `*(undefined4 *)(EtherTreeSystem + 0x24) = param_2` and `*(undefined4 *)(iVar1 + 0x20) = param_1`
0x002BA9F0, subMoveSlide - Stores `*param_2 = fVar3` and `*param_2 = fVar2`; when `fVar2 != 0.0` and `*param_3 < fVar3`
0x002BAA80, EtherTreeCenterMove - Tests `((*EtherTreeSystem & 1) != 0) && ((*EtherTreeSystem & 2) != 0)`; computes `pbVar2 = EtherTreeSystem` and `uVar1 = DAT_004d7e80`; invokes `subMoveSlide(DAT_004d7e80,EtherTreeSystem + 0x10,EtherTreeSystem + 0x20)` and `subMoveSlide(uVar1,pbVar2 + 0x14,pbVar2 + 0x24)`
0x002BAB40, EtherTreeRightSet - Tests `(*EtherTreeSystem & 1) != 0` and `lVar1 != 0`; stores `*(int *)(pbVar4 + 0x20) = iVar3` and `pbVar4[1] = 0` and `pbVar4[0x34] = 0x20`; invokes `lVar1 = EtherTreeObjectGet()`
0x002BABE8, EtherTreeRightModeChange - Changes one right-panel mode only across allowed transitions among states 0-3
0x002BAC90, EtherTreeRightTargetChange - Tests `((*EtherTreeSystem & 1) != 0) && ((*pbVar2 & 1) != 0)`; stores `*(undefined4 *)(pbVar2 + 0x20) = uVar1`; invokes `uVar1 = EtherTreeObjectGet()`
0x002BACF0, subEtherTreeRightMain - Reads sub ether tree right control fields, branches on their values, and writes the selected state updates
0x002BAD98, EtherTreeRightMain - Applies subEtherTreeRightMain to each visible right-side tree node, updating its connector and node animation from the current tree selection
0x002BADF0, subRightDraw - Writes helper right command data to the active output, invoking subMoveSlide and endPrintExtFunc to obtain or submit dependent data
0x002BAF08, EtherTreeRightDraw - Writes ether tree right command data to the active output, invoking subRightDraw to obtain or submit dependent data
0x002BAF80, EtherTreeBlackSet - Stores `*(undefined2 *)(EtherTreeBlack + 2) = 0` and `*(undefined1 *)(iVar1 + 1) = 0`
0x002BAF90, EtherTreeBlackModeChange - Changes the black-overlay mode only across allowed transitions among states 0-3
0x002BB018, EtherTreeBlackDraw - Writes ether tree black command data to the active output, invoking endPrintExtFunc to obtain or submit dependent data
0x002BB148, EtherTreeBlackMain - Reads ether tree black control fields, branches on their values, and writes the selected state updates
0x002BB1E8, EtherTreeLine2Set - Tests `(*EtherTreeSystem & 1) != 0` and `sVar1 != 0`; stores `*(int *)(pbVar2 + 0x70) = iVar3` and `*(undefined8 *)pbVar4 = *(undefined8 *)(iVar3 + 0x20)` and `*(undefined8 *)(pbVar4 + 8) = uVar6`; invokes `iVar3 = EtherTreeObjectGet()`
0x002BB2C0, EtherTreeLine2ModeChange - Applies valid line-selection modes 0-3 and snapshots three node positions when entering mode 1
0x002BB3D8, EtherTreeLine2SelectChange - Tests `((*EtherTreeSystem & 1) != 0) && ((*EtherTreeLine2 & 1) != 0)` and `*(int *)(EtherTreeLine2 + 4) != param_1`; stores `*(int *)(EtherTreeLine2 + 4) = param_1`; invokes `EtherTreeLine2ModeChange(0)` and `EtherTreeLine2ModeChange(1)`
0x002BB448, subLine2_DrawType_1 - Writes helper line 2 type 1 command data to the active output, invoking EtherTreeLineColorGet and endPrintExtFunc to obtain or submit dependent data
0x002BB590, EtherTreeLine2Draw - Writes ether tree line 2 command data to the active output, invoking subLine2_DrawType_1 to obtain or submit dependent data
0x002BB5E0, subLine2_OpenType_0 - Initializes line endpoints from its node, advances X by 4.0, and reports reaching the parent X
0x002BB688, subLine2_OpenType_1 - Animates a three-stage orthogonal line using X steps 4.0, Y steps 8.0, and 28.5 offsets
0x002BB8E8, EtherTreeLine2Main - Selects open-type 0 or 1 for each secondary Ether-tree connector and updates the line geometry and fade for unlocked child nodes
0x002BB9C0, sub2ObjectLampDraw - Writes helper 2 object lamp command data to the active output, invoking endSpriteSet and endPrintExtFunc to obtain or submit dependent data
0x002BBB28, EtherTreeObjectDraw - Writes ether tree object command data to the active output, invoking endSpriteSet and endPrintExtFunc to obtain or submit dependent data
0x002BBDF8, subTreeLineDraw - Writes helper tree line command data to the active output, invoking EtherTreeLineColorGet and endPrintExtFunc to obtain or submit dependent data
0x002BBFB0, subTreeLineDraw_type_0 - Provides an intentional no-op entry point for helper tree line draw type 0 call sites
0x002BBFB8, subTreeLineDraw_type_1 - Writes helper tree line type 1 command data to the active output, invoking subTreeLineDraw to obtain or submit dependent data
0x002BC020, subTreeLineDraw_type_2 - Writes helper tree line type 2 command data to the active output, invoking subTreeLineDraw to obtain or submit dependent data
0x002BC168, subTreeLineDraw_type_3 - Writes helper tree line type 3 command data to the active output, invoking subTreeLineDraw to obtain or submit dependent data
0x002BC2D0, EtherTreeLineDraw - Builds ether tree line drawing commands from calculated geometry and current render fields
0x002BC360, EtherTreeCursolDraw - Writes ether tree cursor command data to the active output, invoking endSpriteSet and endPrintExtFunc to obtain or submit dependent data
0x002BC4F0, EtherTreeDraw - Writes ether tree command data to the active output, invoking WindowTexAddrGet and endPrintExtFunc to obtain or submit dependent data
0x002BC580, EtherTreeInit - Aligns the Ether-tree arena, assigns object, primary-line, secondary-line, right-node, and black-overlay regions, clears work, seeds black nodes, and returns arena+16000
0x002BC5E8, RoboEtherCheck - Returns true only for robot ether indices 13 through 16
0x002BC5F8, EtherTreeMain - Initializes tree node, center, and connector objects, updates the current branch and cursor, processes unlock input, and draws the complete Ether tree
0x002BCAF8, dataBoxPtrGet - Returns `uVar1` and `0`; after testing `param_1 < 0xb`
0x002BCB78, dataBoxChk - Resolves a category and ID inventory pointer and returns its signed quantity, or zero when invalid
0x002BCBA8, dataBoxInc - Tests `uVar1 < 99`; stores `*puVar3 = uVar1 + 1`; invokes `iVar2 = dataBoxPtrGet()`; returns `uVar1 < 99`
0x002BCBF8, dataBoxDec - Tests `sVar1 != 0`; stores `*psVar3 = sVar1 + -1`; invokes `iVar2 = dataBoxPtrGet()`; returns `sVar1 != 0`
0x002BCC48, dataItmBoxChk - Returns item inventory quantity from category 0 for the supplied ID
0x002BCC68, dataItmBoxInc - Increments item inventory category 0 for the supplied ID, capped at 99
0x002BCC88, dataItmBoxDec - Decrements item inventory category 0 when its supplied ID has nonzero quantity
0x002BCCA8, dataWpnBoxChk - Returns weapon inventory quantity from category 1 for the supplied ID
0x002BCCC8, dataWpnBoxInc - Increments weapon inventory category 1 for the supplied ID, capped at 99
0x002BCCE8, dataWpnBoxDec - Decrements weapon inventory category 1 when its supplied ID has nonzero quantity
0x002BCD08, dataBltBoxChk - Returns bullet inventory quantity from category 2 for the supplied ID
0x002BCD28, dataBltBoxInc - Increments bullet inventory category 2 for the supplied ID, capped at 99 by dataBoxInc
0x002BCD48, dataBltBoxDec - Decrements bullet inventory category 2 when its supplied ID has nonzero quantity
0x002BCD68, dataAccBoxChk - Returns accessory inventory quantity from category 3 for the supplied ID
0x002BCD88, dataAccBoxInc - Increments accessory inventory category 3 for the supplied ID, capped at 99
0x002BCDA8, dataAccBoxDec - Decrements accessory inventory category 3 when its supplied ID has nonzero quantity
0x002BCDC8, dataEvtBoxChk - Returns event-item inventory quantity from category 4 for the supplied ID
0x002BCDE8, dataEvtBoxInc - Increments event-item inventory category 4 for the supplied ID, capped at 99
0x002BCE08, dataEvtBoxDec - Decrements event-item inventory category 4 when its supplied ID has nonzero quantity
0x002BCE28, dataMoneyBoxChk - Returns the current moneyBox value used by data money box chk
0x002BCE40, dataMoneyBoxInc - Computes `moneyBox = param_1 + moneyBox` and `moneyBox = 999999999`; when `param_1 + moneyBox < 1000000000`; returns `1` and `0`
0x002BCE70, dataMoneyBoxDec - Computes `bVar1 = param_1 <= moneyBox` and `moneyBox = moneyBox - param_1`; when `bVar1`; returns `bVar1`
0x002BCE98, KarakamaTest - Prints core structure sizes, presents a debug selector for CfTest, TexTest, and SePacketTest, clears render globals between selections, and exits on the menu chord or bit 6
0x002BD068, CfTest - Initializes the field test map and actor, moves actor and camera coordinates from pad bits, updates map and actor rendering, and prints collision and position diagnostics each frame until exit
0x002BD468, SePacketTest - Loads three sound banks, varies bank, sound, volume, and pan indices from pad input, and submits normal or positional sound packets on the corresponding face buttons
0x002BD6C0, PrimTest - Stores `DAT_70000040._0_4_ = 0x7000` and `DAT_70000040._4_4_ = 0x7200` and `DAT_70000048._0_4_ = 0xffffffff`; invokes `fVar1 = (float)I2F(FrameCount & 0xfff)` and `xglPrimAddGouraudStripN(0x70000000,3)`
0x002BD7D8, SetMapUnitTest - Invokes `printf("SetMapUnitTest\n")` and `CreateUwamono(uVar3,0,0xc1600000,0,0x7101)` and `CreateUwamono(uVar2,uVar1,DAT_004d7e94,0,0x7102)` and `CreateUwamono(uVar2,uVar1,DAT_004d7e98,0,0x7103)`
0x002BD960, InitCf - Resets light, render, CD, resource, actor, message, map, enemy, and object systems, creates player actor 1, loads motion and resources, and positions it at X=-14 and Z=18
0x002BDA80, TexTest - Loads texture test data, loops until exit input, adjusts GS format, width, offsets, and DMA display parameters
0x002BDF00, TexTrans - Uploads texture payload and palette blocks from loaded headers through cache flushes and direct DMA transfers
0x002BDFB8, InitUwamonoSys - Loads fourteen paired object-data and texture resources into aligned storage, copies item-box and event-item tables from disc, clears their globals, and enables object-system bits 0 and 1
0x002BE3B8, Unit_CreateUwamono - Reuses a matching active sub-0x1000 unit or allocates one, loads eligible resources, seeds transform and sentinel fields, clears 0x80 bytes of extension state, and installs InitUwamono
0x002BE5F0, MAP_LoadUwamonoResource - Fills map uwamono resource buffers using printf and records the resulting transfer metadata and status
0x002BE668, GetPartsPos - Loads a map part's XYZ from resource entry 0x30 and derives Y rotation from basis X/Z
0x002BE6E8, SendBrokenSignal - Transfers broken signal between caller buffers and updates its completion state
0x002BE6F8, GetPartsSize - Selects collision kind and sound defaults, then combines explicit or table dimensions with per-axis padding
0x002BE8C0, ClearUwamonoEffect - Clears uwamono effect state for reuse and invokes sefDeleteEffectCf and xglSoundEffectStopID to synchronize dependent resources
0x002BE948, GetUwamonoSignal - Reads and returns the object field at offset 0x1A4 for get uwamono signal
0x002BE950, InitUwamono - Validates object type, probes terrain with UnduCheck, then dispatches map parts or trap, item box, item, save, shop, EVS, return, or special-symbol initialization
0x002BEB00, InitMapParts - Dispatches extension type 1 to door setup, 2 to breakable-part setup, and 0x14 to drill setup; invalid types clear the unit draw pointer and print an error
0x002BEBA8, InitMapKoware - Reads part position and size, assigns breakable defaults and MAP_updateUnitKoware, creates shared object data, applies hiding, validates the model-part ID, and shows that part
0x002BED28, InitSaveSymbol - Assigns save-symbol model and texture set 5, builds its XYZ-rotated transform, installs MAP_updateUnitSaveSymbol, clears work index 0x79, and sets flags 0x20010000
0x002BEE58, InitShopSymbol - Assigns shop-symbol resource set 6, builds its transform matrix, installs MAP_updateUnitShopSymbol, resets work index 0x79, and sets flags 0x40010000
0x002BEF88, InitEvsSymbol - Builds the EVS symbol's translated XYZ-rotated matrix, points its matrix field to offset 0x40, installs MAP_updateUnitSymbol, and sets active bit 0x10000
0x002BF098, InitRetSymbol - Builds the return symbol's translated XYZ-rotated matrix, assigns MAP_updateUnitSymbol, clears sentinel byte 0x1CD when needed, and sets active bit 0x10000
0x002BF1A8, SetHideObject - Tests `*(char *)(param_1 + 0x1cc) != -1` and `*(char *)(param_1 + 0x1a5) != -1` and `iVar5 != 0`; stores `(&DAT_0043c1e4)[iVar4 * 0x29c] = MAP_updateUnitEnemy` and `enepc[(uint)bVar2 * 0x38b0 + 0x4b] = uVar1` and `enepc[(uint)bVar2 * 0x38b0 + 0x48] = 0`; invokes `ACT_updateEnemy(puVar9)` and `iVar5 = nmlModelSetPartsVisible(iVar3,lVar8,0)`; returns `iVar5`
0x002BF350, GameStateRestoreKoware - Loads saved game state koware fields, invokes nmlModelSetPartsVisible for dependent objects, and stores the restored state
0x002BF3E8, SetMapUwamono - Tests `((uVar1 & 0x10000) != 0) && ((code *)puVar2[1] != (code *)0x0)`; stores `*puVar4 = 0xffff`; invokes `UnlockMapUnit()`
0x002BF480, ResetShootSys - Fills all 64 shooting-system unit IDs at DAT_00338764 with 0xFFFF and unlocks the current map unit
0x002BF4C8, CreateUwamono - Allocates and loads a map unit, zeros its 0x80-byte extension, stores position and rotation, seeds trap defaults and sentinels, then initializes it as a map trap
0x002BF5C8, CreateKowaremono - Allocates a breakable unit, obtains its map-part position, copies size and kind fields from KowareKind_t, creates shared object data, and installs MAP_updateUnitKoware
0x002BF6B8, CreateUwamonoCommon - Enables flag 0x10000 and clears action bytes plus sequence halfwords at offsets 0xA8 and 0xAA
0x002BF6E0, MAP_updateUnitKoware - Updates a breakable map unit, draws its active cursor, runs shared object physics, advances break animation and visibility, and removes the model after destruction completes
0x002BF8B0, MAP_updateUnitEnemy - Copies the linked enemy actor position into the map unit, derives its Y rotation with Get_Angle, and hides or frees the unit when the enemy link becomes invalid
0x002BF978, MAP_updateUnitHide - Toggles the linked model part's visibility from the unit activation byte and clears the unit once its one-shot hide operation is complete
0x002BFB60, MAP_updateUnitSaveSymbol - Advances save-symbol Y rotation each frame and measures its distance from the player
0x002BFBA0, MAP_updateUnitShopSymbol - Advances shop-symbol Y rotation each frame and measures its distance from the player
0x002BFBE0, MAP_updateUnitSymbol - Reads unit symbol control fields, branches on their values, and writes the selected state updates
0x002BFBF8, SetUwaWind - Builds wind vector from unit position, half collision height, and fixed constants, then enables wind mode 2
0x002BFC70, UwamonoBrokenSe - Plays override sound or material defaults 0x10003, 0x10006, or 0x10007 using unit channel
0x002BFD28, DrawActiveCursol - Writes active cursor command data to the active output, invoking sefDeleteEffectCf and sefCreateEffectCf to obtain or submit dependent data
0x002BFF28, HitCheckMapUnit - Returns `-1` and `iVar3` according to `((((short)puVar2[0x29] == -1 || ((*puVar2 & 0x100000) != 0)) || (*(char *)((int)puVar2 + 0x1cd) == '\0')) || (((*puVar2 & 0x10000) == 0 || (lVar1 = HitCheckMapUnitAt(param_1,puVar2), lVar1 == 0))))` and `0x3f < iVar3`
0x002BFFE8, HitCheckMapUnitWithNyuru - Returns `1` and `uVar2` according to `-1 < iVar4); iVar7 = 0; iVar4 = 0; puVar5 = &MapUnit; do { if (((((short)puVar5[0x29] != -1) && ((*puVar5 & 0x100000) == 0)) && (*(char *)((int)puVar5 + 0x1cd) != '\0')) && (((*puVar5 & 0x10000) != 0 && (lVar3 ` and `iVar4 < 0x40); uVar2 = 0; if (iVar7 != 0` and `iVar7 == 1` and `aiStack_170[0] != -1`; stores `*puVar1 = 0xffffffff` and `*piVar6 = iVar4`
0x002C0228, HitCheckMapUnitReverse - Scans map-unit slots 64 down to 1, skipping inactive, disabled, or noncolliding entries; returns first hit or -1
0x002C02F0, HitCheckMapUnitPos - Tests a position using its embedded radius against active map units and returns the first slot or -1
0x002C0308, HitCheckMapUnitPosSize - Returns `-1` and `iVar3` according to `((((short)puVar2[0x29] == -1 || (*(char *)((int)puVar2 + 0x1cd) == '\0')) || ((*puVar2 & 0x10000) == 0)) || (lVar1 = HitCheckMapUnitPosAt(auStack_aa0,puVar2), lVar1 == 0))` and `0x3f < iVar3`
0x002C03D0, HitCheckMapUnitPosReverse - Returns `-1` and `iVar3` according to `((((short)puVar2[0x29] == -1 || (*(char *)((int)puVar2 + 0x1cd) == '\0')) || ((*puVar2 & 0x10000) == 0)) || (lVar1 = HitCheckMapUnitAt(auStack_aa0,puVar2), lVar1 == 0) )` and `iVar3 < 1`
0x002C0498, HitCheckMapUnitAt - Returns `uVar1` according to `(*(float *)(param_1 + 0x14) <= *(float *)(param_2 + 0x14) + *(float *)(param_2 + 0xb4) * DAT_004d7ed0) && (*(float *)(param_2 + 0x14) - DAT_004d7ed4 <= *(float *)(param_1 + 0x14))` and `*(char *)(param_2 + 0x1cd) == '\x01'` and `fVar2 < *(float *)(param_1 + 0x9e8) + *(float *)(param_2 + 0xb0)` and `*(char *)(param_2 + 0x1cd) == '\x02'`; sets `uVar1 = 0` and `fVar2 = (float)CheckDist2D(param_1 + 0x10,param_2 + 0x10)`
0x002C0578, HitCheckMapUnitPosAt - Returns `uVar1` according to `(*(float *)(param_1 + 0x14) <= *(float *)(param_2 + 0x14) + *(float *)(param_2 + 0xb4) * DAT_004d7ed8) && (*(float *)(param_2 + 0x14) - DAT_004d7edc <= *(float *)(param_1 + 0x14))` and `*(char *)(param_2 + 0x1cd) == '\x01'` and `fVar2 < *(float *)(param_1 + 0x9e8) + *(float *)(param_2 + 0xb0)` and `*(char *)(param_2 + 0x1cd) == '\x02'`; sets `uVar1 = 0` and `fVar2 = (float)CheckDist2D(param_1 + 0x10,param_2 + 0x10)`
0x002C0658, HitCheckBox - Tests the actor's 1.5-radius circle against an oriented box's expanded X/Z extents
0x002C0728, HitCheckBoxCorner - Returns `bVar1` according to `ABS(fVar4) <= fStack_30 + fVar3` and `((fVar5 < fVar3 * fVar3) && (bVar1 = true, fStack_28 * fStack_28 < fVar5)) && (fStack_30 < ABS(fVar4))`; sets `bVar1 = false` and `fStack_18 = (float)*(undefined8 *)(param_2 + 0x18)`
0x002C0840, HitCheckCorner - Returns `uVar2` according to `*(float *)(param_1 + 0x9e8) * 1.5 <= fVar5`; sets `iVar4 = param_1 + 0x10` and `uStack_38 = *(undefined8 *)(param_2 + 0xb8)`
0x002C0A80, HitCheckBoxTest - Returns `0` according to `(DAT_00490db8 & 0x20) != 0` and `(DAT_00490db8 & 0x40) == 0` and `(0.0 <= fVar7) && (fVar7 <= *(float *)(param_2 + 0xb0))` and `fVar7 < fVar8`; stores `*(float *)(param_2 + 0x24) = *(float *)(param_2 + 0x24) + DAT_004d7ee0` and `*(float *)(param_2 + 0x24) = *(float *)(param_2 + 0x24) - DAT_004d7ee4`
0x002C0FF0, HitCheckNyuru - Returns `false` and `lVar6 == -1` according to `cVar1 == '\x01'` and `cVar1 != '\x02') goto LAB_002c1078; lVar6 = NyuruMatrix(param_1,param_2,0); } if (lVar6 == 0` and `lVar6 != -1`; stores `*(undefined8 *)(iVar7 + 0x10) = uVar5` and `*(undefined8 *)(iVar7 + 0x18) = uVar2`
0x002C10E8, NyuruCircle - Resolves circle penetration by moving the actor radially outward and updates its heading from the correction vector
0x002C1370, NyuruMatrix - Transforms actor position into unit-local space, resolves collision by shape, and converts the correction back to world space
0x002C1740, NyuruBox - Resolves oriented-box penetration against faces or corners and writes corrected XZ coordinates
0x002C19E0, NyuruCorner - Chooses the nearest box corner and applies circular penetration resolution when within combined radius
0x002C1CB8, ShootMapUnit - Raycasts aimed map units, triggers break sequences and effects, and optionally draws collision debugging
0x002C1F68, CrossPointUwamono - Scans active units intersecting a segment and retains the nearest circle or box boundary crossing
0x002C2518, CrossPointUwamonoAt - Dispatches circle or oriented-box segment intersection according to the unit's collision-shape byte
0x002C2568, CalcNearCrossPointCircle - Computes the segment's nearest circle-boundary intersection, returning Y=-1000 when no crossing exists
0x002C2690, CalcNearCrossPointBox - Tests all four oriented-box edges and retains the intersection nearest the segment start, defaulting Y to -1000
0x002C29D8, CheckNearPoint - Computes both 3D vector lengths from the first point and copies whichever of the second or third 16-byte points is nearer into the output
0x002C2AB8, UwamonoAreaCheck - Returns `uVar1` according to `(*(float *)(param_2 + 4) <= *(float *)(param_3 + 0x14) + *(float *)(param_3 + 0xb4) * DAT_004d7f10) && (*(float *)(param_3 + 0x14) - DAT_004d7f14 <= *(float *)(param_2 + 4))` and `*(char *)(param_3 + 0x1cd) == '\x01'` and `fVar3 < param_1 + *(float *)(param_3 + 0xb0)` and `*(char *)(param_3 + 0x1cd) == '\x02'`; sets `uVar1 = 0` and `fVar3 = (float)CheckDist2D(param_2,param_3 + 0x10)`
0x002C2B88, AreaCheckBox - Tests a point-radius circle against an oriented box's expanded X/Z half-extents
0x002C2C38, CrossCheckMapUnitAim - Returns `iVar3` and `-1` according to `(*(short *)(pcVar2 + 4) != -1) && (*(short *)(pcVar2 + 4) != 0x7000)` and `(((*(uint *)(pcVar2 + -0xa0) & 0x100000) == 0) && (((*pcVar2 != *(char *)(param_2 + 0xa0) && (pcVar2[0x12d] != '\0')) && ((*(uint *)(pcVar2 + -0xa0) & 0x10000) != 0)))) && (lVar1 = CrossCheckMapUnitAt(param_1,p` and `0x3f < iVar3`
0x002C2D40, CrossCheckMapUnit - Returns `-1` and `iVar3` according to `((((short)puVar2[0x29] == -1 || ((*puVar2 & 0x100000) != 0)) || (*(char *)((int)puVar2 + 0x1cd) == '\0')) || (((*puVar2 & 0x10000) == 0 || (lVar1 = CrossCheckMapUnitAt(param_1,param_2,puVar2), lVar1 == 0))))` and `0x3f < iVar3`
0x002C2E18, CrossCheckActor - Returns `0xffffffff` and `uVar4` according to `(((fVar1 < ABS(*(float *)(param_1 + 0x14) - (float)puVar2[5]) || (*(short *)((int)puVar2 + 0x86) < 0)) || ((*puVar2 & 8) != 0)) || (((puVar2[0x234] == 0 || (uVar4 == *(byte *)(param_1 + 0x80))) || (lVar3 = Chec` and `0x3f < (int)uVar4`
0x002C2F18, CrossCheckMapUnitAt - Returns `uVar1` and `0` according to `ABS(*(float *)(param_1 + 4) - *(float *)(param_3 + 0x14)) <= DAT_004d7f1c` and `*(char *)(param_3 + 0x1cd) == '\x01'` and `*(char *)(param_3 + 0x1cd) == '\x02'`
0x002C2FA0, CrossCheckMapUnitCircle - Returns `uVar1` according to `(ABS(fVar2) <= fVar5 + fVar6) && (fVar3 = *(float *)(param_3 + 0x18) - (fVar2 * afStack_50[2] + fVar3), fVar2 = *(float *)(param_3 + 0x10) - (fVar2 * afStack_50[0] + fVar4), uVar1 = 1, fVar6 * fVar6 <= fVar2 * `; stores `afStack_50[0] = *param_2 - *param_1` and `afStack_50[1] = 0.0`
0x002C3108, CrossCheckMapUnitBox - Returns `bVar2` according to `lVar3 == 0`; sets `fStack_38 = (float)*(undefined8 *)(param_3 + 0xb8)` and `fStack_40 = (float)*(undefined8 *)(param_3 + 0xb0)`
0x002C3328, UnlockMapUnit - Clears the unit's lock flags, deletes any attached effect handle through sefDeleteEffectCf, restores model visibility, and releases linked actor ownership
0x002C33C0, CheckNearMapUnit - Returns `iVar5` according to `((uVar2 & 1) != 0) && ((fVar7 = fVar8, iVar6 = iVar5, (*puVar3 & 0x40000) == 0 || (fVar7 = (float)CheckCornerDist(iVar1 + 0x10,puVar3), iVar6 = iVar4, fVar7 < fVar8)))` and `iVar4 < 0x40); if (DAT_003625c4 <= fVar8`; sets `iVar1 = DAT_00338684` and `iVar4 = 0`
0x002C34C0, CheckBrokenMapUnit - Returns a breakable active unit's index field unless broken, sequence-less, or sentinel -1
0x002C3510, AimHeightCheck - Rejects targets beyond the configured vertical threshold only when aim-height flag 2 is enabled
0x002C3558, AimMapUnit - Projects breakable units to screen, filters height and visibility, and selects the nearest valid aiming target
0x002C3AF0, AimMapUnitLookCheck - Returns `0` and `uVar2` according to `((DAT_003386a0 & 8) != 0) && (lVar3 = CrossCheckMapUnitAim(DAT_00338684 + 0x10,param_1), lVar3 != -1)` and `(DAT_003386a0 & 4) != 0` and `lVar3 == 0` and `(fVar5 != -1000.0) && (ABS((float)uStack_40 - *(float *)(iVar4 + 0x10)) < DAT_004d7f28)`
0x002C3C70, CheckCornerDist - Returns `fVar1` according to `*(char *)(param_2 + 0x1cd) == '\x01'` and `*(char *)(param_2 + 0x1cd) == '\x02'` and `fVar1 < fStack_30` and `fVar1 < fStack_28`; sets `fVar1 = (float)CheckDist2D(param_1,param_2 + 0x10)` and `fVar1 = fVar1 - *(float *)(param_2 + 0xb0)`
0x002C3D88, UwamonoCommonFunc - Advances whole-unit or parts animation sequences according to active sequence flags and completion state
0x002C3E30, UwamonoBgmFunc - Starts or updates a positional looping sound from unit position when its configured sound ID is valid
0x002C3F08, UwamonoBgmFadeOut - Fades the unit's active sound handle over the requested duration and clears the stored handle
0x002C3FD8, CheckUwamonoHeight - Applies vertical velocity at field 0x224, snaps Y at 0x14 to floor or supporting-unit height, reverses velocity at one quarter on impact, and sets bit 0x80000 when the bounce falls below threshold
0x002C4150, HitCheckUwamono - Returns `iVar4` and `-1` according to `(*(short *)(pcVar3 + 4) != -1) && (*pcVar3 != *(char *)((int)param_1 + 0xa0))` and `(((uVar1 & 0x20000) == 0) && ((((uVar1 & 0x100000) == 0 && (pcVar3[0x12d] != '\0')) && ((uVar1 & 0x10000) != 0)))) && (lVar2 = HitCheckUwamonoAt(param_1,(int)&MapUnit + iVar5), lVar2 != 0)` and `0x3f < iVar4`
0x002C4250, HitCheckUwamonoAt - Returns `uVar1` according to `*(float *)(param_2 + 0x14) <= *(float *)(param_1 + 0x14)` and `*(float *)(param_1 + 0x14) <= *(float *)(param_2 + 0x14) + *(float *)(param_2 + 0xb4)` and `*(char *)(param_2 + 0x1cd) == '\x01'` and `fVar2 < *(float *)(param_2 + 0xb0) + DAT_004d7f44`; sets `fVar2 = (float)CheckDist2D(param_1 + 0x10,param_2 + 0x10)` and `uVar1 = 0`
0x002C4310, HitCheckBoxUwamono - Tests a unit point against an oriented box expanded by the global uwamono collision margin
0x002C43D8, DrawRadar - Writes radar command data to the active output, invoking DrawSprite to obtain or submit dependent data
0x002C4588, DrawSprite - Writes sprite command data to the active output, invoking xglPrimAddGifTagDirect to obtain or submit dependent data
0x002C4650, SortLine - Emits a six-qword colored line between valid endpoints, reversing red/blue endpoint colors by mode
0x002C4760, InitMapDoor - Captures closed position and size, derives default range, installs MAP_updateUnitDoor, mirrors linked-door geometry, handles initially open proximity doors, and sets bit 0x80000000
0x002C4A18, MAP_updateUnitDoor - Chooses automatic or event-driven door control from the unit subtype, advances opening and closing motion, updates collision and model parts, and removes completed one-shot doors
0x002C4B40, AutoDoorFunc - Dispatches automatic-door standby, opening, open-wait, and closing handlers from its operation state
0x002C4BB8, EventDoorFunc - Dispatches event-controlled door standby, opening, open-wait, and closing handlers from its operation state
0x002C4C30, HalfAutoDoorFunc - Uses event standby with automatic opening, wait, and closing handlers for hybrid doors
0x002C4CA8, MjDoorFunc - Uses switch-aware standby with automatic opening, wait, and closing handlers for MJ doors
0x002C4D20, DoubleDoorFunc - Provides an intentional no-op entry point for double door func call sites
0x002C4D28, AutoDoorStanbyFunc - Opens when the player enters range, initializes travel counters, and starts positional door sound when idle
0x002C4DE0, AutoDoorOpenOpeFunc - Increments door travel counter 0xA8, plays the opening sound at CheckDoorPos, applies DoorCommonFunc, and enters open phase 2 at the configured travel limit
0x002C4E58, AutoDoorOpenFuncSub - Offsets door model translation by one local X/Z basis vector for opening directions 1 or 2
0x002C4EC8, AutoDoorOpenNowFunc - Holds the door open, waits sixteen frames, and when the player exceeds close range stops the opening sound, plays the close sound, clears counter 0xAA, and enters phase 3
0x002C4F98, AutoDoorCloseOpeFunc - Invokes DoorCommonFunc and CheckDoorDist to tear down auto door ope func resources and clears their dependent handles and state fields
0x002C5088, EventDoorStanbyFunc - Starts opening when the event signal is set and manages any existing door sound handle
0x002C5150, EventDoorOpenOpeFunc - Advances event-door travel, emits the opening positional sound, applies common motion, and switches to phase 2 when counter 0xA8 reaches limit 0x1A8
0x002C51C8, EventDoorOpenNowFunc - Holds travel at the open limit and, when event byte 0x1A4 clears, stops any opening sound, plays the close sound, and enters phase 3
0x002C5280, EventDoorCloseOpeFunc - Invokes CheckDoorPos and xglSoundEffectPosID to tear down event door ope func resources and clears their dependent handles and state fields
0x002C52F0, MjDoorStanbyFunc - Opens only when player distance and configured switch tests pass, then initializes motion and sound
0x002C53B0, HalfAutoDoorOpenNowFunc - Holds the door open, delays twelve frames, arms closing after the player first enters range, then closes with a positional sound once the player leaves that range
0x002C5480, DoorCommonFunc - Interpolates door model translation along X/Z or Y according to direction, frame counter, duration, and travel
0x002C5668, DoorOpenStanbyFunc - Places a door one full travel distance from closed position along its configured local axis
0x002C5768, CheckDoorDist - Returns `uVar2` according to `ABS(*(float *)(DAT_00338684 + 0x14) - *(float *)((int)param_1 + 0xc4)) <= 2.0`; sets `iVar1 = DAT_00338684` and `uVar2 = DAT_004d7f4c`
0x002C57D0, CheckDoorSwitch - Returns `1` and `0` according to `(DAT_00490dba & 0x20) != 0` and `ABS(fVar2) < DAT_004d7f50`
0x002C5850, CheckDoorPos - Returns the closed position or midpoint toward an associated actor selected by byte offset 0x1A5
0x002C58D0, InitMapTrap - Selects trap, container, or breakable parameters by unit ID, derives collision half-extents and resources, creates shared object data and transform, applies hiding, and installs MAP_updateUnitTrap
0x002C5D48, MAP_updateUnitTrap - Draws the trap's active cursor, applies shared object movement and floor handling, advances trigger and reset timers, and updates trap model visibility
0x002C6128, GivesEnemyDamage - Scans eligible enemies within the trap radius and applies configured damage or reaction state
0x002C6388, taskItemGet - Displays an acquired normal item, waits for acknowledgment, sets its collection flag, and removes the task
0x002C66C0, taskEvtItemGet - Displays an event-item acquisition window, waits for closure, then removes its worker task
0x002C6790, CreateEvtItemGetTask - Increments encoded inventory, allocates an acquisition worker, and queues its item-window task
0x002C6840, GetItemName - Returns normal or event-item name text according to encoded category and low 16-bit ID
0x002C6900, dataEvtItmNameGet - Returns `param_1 * 0x80 + 0x370b30`
0x002C6918, Pow - Multiplies an integer base by itself exponent times, returning the base for exponents below two
0x002C6958, HexToStr - Converts an integer to fixed-width hexadecimal text by extracting powers of sixteen and appending digit strings
0x002C6AD0, InitItemBox - Selects chest resources, builds chest and world matrices, installs update and draw callbacks, initializes collision and phase fields, and preopens boxes whose serial flag is already set
0x002C6D78, InitItemSymbol - Builds the symbol transform, installs normal or special-symbol update by ID, validates serial below 0x25A, deletes collected symbols and their effects, or assigns item resources
0x002C6F10, InitSpecialSymbol - Builds the translated XYZ-rotated matrix, installs MAP_updateUnitSpecialSymbol, sets flags 0x10010004, normalizes byte 0x1CD, and selects the symbol resource
0x002C6FB8, SetItemSymbolRsrc - Stores `*(undefined2 *)(param_1 + 0xa4) = 0x7009` and `*(undefined4 *)(param_1 + 0xe4) = uVar3` and `*(undefined4 *)(param_1 + 0xe0) = uVar2` and `*(undefined4 *)(param_1 + 0xe0) = uVar5`; when `*(short *)(param_1 + 0xa4) == 0x7000` and `*(int *)((int)&ItemBoxTbl + iVar4 + 4) != 0`
0x002C71A0, MAP_updateUnitItemBox - Applies common object physics, detects the box-open phase, creates its reward or effect task with xglTaskEntryNext, and switches model parts to the opened state
0x002C7310, MAP_drawUnitItemBox - Writes map unit item box command data to the active output, invoking xglMatrixStackUnit and xglMatrixStackTrans to obtain or submit dependent data
0x002C73B0, MAP_updateUnitItemSymbol - Applies common movement, measures 3D distance to the player, animates symbol height and scale near pickup range, and clears the unit after collection
0x002C74E0, MAP_updateUnitSpecialSymbol - Expands and raises the symbol in phase 1, drifts it in phase 2, then interpolates it back toward the player while shrinking in phase 5 and deletes it below zero scale
0x002C7760, MAP_updateUnitItem - For collected item slots, clears draw bit 2, raises the unit, flashes its model part on alternating frames, and deletes it after counter 0x2A exceeds 0x10
0x002C78D0, PauseMenuPageUwamono - Displays map-object debug pages and handles item flags, collision visualization, and unit unlocking controls
0x002C7C40, DebDispEvtItem - Writes deb evt item command data to the active output, invoking xglFontDebugPrintf to obtain or submit dependent data
0x002C7DE8, DebDispItemBox - Writes deb item box command data to the active output, invoking GetItemName and HexToStr to obtain or submit dependent data
0x002C8040, DispDebugUwamono - Writes debug uwamono command data to the active output, invoking xglRotTransPers and GetItemName to obtain or submit dependent data
0x002C8488, DispCollUwamono - Writes coll uwamono command data to the active output, invoking DispPillar to obtain or submit dependent data
0x002C87E8, DispPillar - Writes pillar command data to the active output, invoking xglSin and xglCos to obtain or submit dependent data
0x002C8970, OuterProduct - Computes the three-dimensional cross product of two input vectors into the destination
0x002C89D8, CalcVerticalVector - Computes AB cross AC, then crosses AB with that normal to produce an in-plane perpendicular
0x002C8A48, CalcLength - Projects the vector from plane point C to query point onto the normalized in-plane perpendicular
0x002C8AB0, CalcCrossPoint - Intersects a line with the plane through two edge points and writes the scaled crossing vector plus origin
0x002C8BB8, CheckPointLine - Returns 1, 2, or 0 when a point lies left, right, or exactly on an XZ directed line
0x002C8C30, CheckCrossLine - Returns `1` and `0` according to `lVar1 != lVar2`
0x002C8CD0, CheckCrossCircle - Returns `uVar1` according to `(ABS(fVar2) <= fVar5 + param_1) && (fVar3 = param_4[2] - (fVar2 * afStack_50[2] + fVar3), fVar2 = *param_4 - (fVar2 * afStack_50[0] + fVar4), uVar1 = 1, param_1 * param_1 <= fVar2 * fVar2 + fVar3 * fVar3)`; stores `afStack_50[0] = *param_3 - *param_2` and `afStack_50[1] = 0.0`
0x002C8E40, CheckDist3D - Returns sqrt((x1-x2)^2 + (y1-y2)^2 + (z1-z2)^2) for coordinates at offsets 0, 4, and 8
0x002C8EB0, CheckDist2D - Returns sqrt((x1-x2)^2 + (z1-z2)^2) for coordinates at offsets 0 and 8
0x002C8F10, InitDrill - Captures drill position and camera defaults, installs MAP_updateUnitDrill, creates effects 0x67E, 0x67D, and 0x62D with fallbacks, hides them, resets flags, and optionally creates containers
0x002C9060, SetContainer - Clears all drill containers, creates the requested number with random IDs 0x7014-0x7027, and retries failed creations using one of four base container IDs
0x002C9190, CreateContainer - Creates and positions a container unit, occasionally assigns one of five unique drill rewards, otherwise rolls two ItemBoxTbl probabilities, and deletes containers with invalid placement
0x002C9390, DrillClearContainer - Clears drill container fields and restores their defined idle-state values
0x002C93E8, SetContainerParam - Tests `param_1[0x79] == 0xffffffff` and `param_1[0x78] == 0xffffffff` and `(short)param_1[0x74] == -1`; stores `*param_1 = *param_1 & 0xfffffffb | 0x200000` and `param_1[0x79] = 0` and `*(undefined1 *)((int)param_1 + 0x1ce) = 1`; invokes `CreateUwamonoCommon()`
0x002C94D8, SetContainerItem - Tests `lVar1 != 0`; stores `*(undefined2 *)(iVar2 + 0x1a2) = param_2` and `*(undefined2 *)(iVar2 + 0x1a0) = 5` and `*(undefined1 *)((int)param_1 + 0x1a5) = *(undefined1 *)(iVar2 + 0xa0)`; invokes `lVar1 = Unit_CreateUwamono(0xffffffffffffffff,0x7000)` and `InitItemSymbol(lVar1)`
0x002C9560, CalcPosContainer - Tries 255 randomized container positions, adjusts overlap height twice, and returns one on a collision-free placement
0x002C97E8, MAP_updateUnitDrill - Dispatches drill phases 0-6, updates fuel or distance counters and UI, copies drill transforms into linked model parts, and processes container reset and clear requests
0x002C9C90, DrillPowerOffFunc - Stops drill audio and vibration, restores camera state, and transitions the drill into inactive position
0x002C9DD8, DrillStandbyFunc - Waits for drill input, initializes camera and movement parameters, then enters Z-motion state
0x002CA000, DrillZMoveFunc - Tests `(DAT_00490db8 & 0x80) == 0` and `*(float *)(param_1 + 0x18) < DAT_004d7fac`; stores `*(undefined2 *)(param_1 + 0x1a8) = 1` and `*(undefined1 *)(param_1 + 0xa2) = 3` and `*(float *)(param_1 + 0x18) = *(float *)(param_1 + 0x18) - *(float *)(param_1 + 0x1b4)`; invokes `xglFontDebugPrintf(8,0x10,0x4caa40)` and `Vibration_Set_Strong(0x80,0x80,2)`
0x002CA158, DrillZStopFunc - Lets the player adjust the stopped drill camera, cycles three camera presets on pad bit 2, switches to X movement on bit 0x80, clears camera offsets, and disables linked interaction bytes
0x002CA260, DrillXMoveFunc - Advances and clamps the drill's X position, rewinds attached effects at the new coordinates, and on reaching a limit switches state, spawns impact effects, updates audio, and records camera angles
0x002CA4C0, DrillCrashFunc - Animates drill crash rotation and camera shake, updates effects, then transitions to return motion
0x002CA668, DrillReturnFunc - Moves and rotates the drill back to standby, updates effects, and restores its camera when finished
0x002CAA28, DrillCameraControlFunc - Clears camera translation vectors, adjusts yaw and pitch from analog axes and dead zones, clamps pitch and yaw limits, then recalculates the camera position
0x002CAC10, DrillCalcCameraPos - Computes drill camera XYZ from yaw, pitch, radius 15, vertical amplitude 20, and fixed offsets
0x002CACD8, DrillResetCameraPos - Selects one of three fixed yaw and pitch presets from drill field 0x1A8, zeros camera roll and mode, and recalculates camera position
0x002CAD70, DrillResetFlag - Clears drill bits 0x1F0, resets save flags 0x1F5-0x21C, and removes map units 0x7000 or 0x7009 whose serial lies in 0x1F5-0x226
0x002CAE18, DrillHitCheck - Marks a struck container, increments the drill hit byte at 0x1D3, and spawns effect 0x6D8, 0x6D9, or 0x6DA for container ID ranges 0x7014-0x7017, 0x7018-0x7023, or 0x7024-0x7027; otherwise checks enemies
0x002CAF40, HitCheckContainerPosSize - Returns `-1` and `iVar3` according to `(((*(short *)(puVar1 + -0xfc) == -1 || (puVar1[4] != '\0')) || (iVar3 == param_3)) || (((puVar1[0x2d] == '\0' || ((*(uint *)(puVar1 + -0x1a0) & 0x10000) == 0)) || (lVar2 = HitCheckMapUnitPosAt(auStack_ab0,(int)` and `0x3f < iVar3`
0x002CB048, HitCheckEnemy - Returns `iVar2` and `-1` according to `(*(short *)((int)puVar1 + 0x86) != 0) && ((*puVar1 & 8) == 0)` and `(fVar3 <= (float)puVar1[5] + *(float *)(enepc + (uint)(byte)puVar1[0x20] * 0x38b0 + 0xc)) && (fVar3 <= (float)puVar1[5])` and `fVar3 < param_1 + (float)puVar1[0x27a]`; stores `*puVar1 = *puVar1 | 8`
0x002CB1A8, MatumotoTest - Provides an intentional no-op entry point for matumoto test call sites
0x002CB1B0, Get_EffectCode - Maps masked codes 0x8100-0x8F00 to indices 0-14, returning -1 when no table entry matches
0x002CB278, Enemy_Init - Copies preset or actor enemy parameters, expands route points, initializes homing markers and spline mode, clears status arrays, selects terrain header, starts action 0x10, and probes floor collision
0x002CB808, Enemy_Damage_Explosion - Applies explosion knockback movement and turning until its timer expires, then restores the enemy action
0x002CB8F0, Enemy_Damage_Electric - Counts down electric stun, clears its status and effect, then resumes homing or idle action
0x002CB980, Enemy_Damage_Seal - Counts down seal status, clears its effect, then resumes homing or the appropriate ready action
0x002CBA10, Enemy_Stiff - Waits through stiffness frames, deletes expired effects, and resumes homing or configured recovery behavior
0x002CBAC8, Enemy_Found - Turns a discovered enemy toward its target, waits through reaction frames, then enters chase readiness
0x002CBB50, Enemy_Tentacle - Tracks target distance and angle, drives tentacle motion phases, and returns to ready state when complete
0x002CBDE8, Enemy_Chase - Pursues the target using distance-dependent motion and speed, handling attack range, route loss, and turning
0x002CC278, Enemy_Route - Advances patrol splines, chooses configured or random routes, and switches behavior on proximity or route completion
0x002CCB08, Enemy_Escape - Moves along an escape spline while monitoring player distance, animation, and transition back to patrol
0x002CCD58, Enemy_Route_Chase - Follows a route-chase spline, updating heading and choosing chase, attack, or patrol at thresholds
0x002CCF98, Enemy_Pause - Holds the enemy for its configured timer, optionally faces target, then enters the requested ready action
0x002CD158, Enemy_Threat - Runs the threat animation timer and transitions to chase-ready behavior when the reaction completes
0x002CD1D8, Enemy_Unique - Advances unique scripted enemy behavior and returns to the configured ready state after completion
0x002CD2A0, ACT_updateEnemy - Runs enemy AI mode dispatch, locator and encounter checks, terrain and gravity correction, motion and effect updates, detection cones, footsteps, damage timers, and positional sound for one actor
0x002CE188, TM_Enemy_Move_Step - Tests `fStack_50 < fVar7` and `(float)(&DAT_0043c1f0)[param_1 * 0x29c] + *pfVar5 <= fVar7` and `(fStack_48 < fVar7) && (fVar7 < (float)(&DAT_0043c1f8)[param_1 * 0x29c] + *(float *)(enepc + iVar1 + 0x18))`; stores `*pfVar5 = *pfVar5 + *(float *)(enepc + iVar1 + 0x30)` and `*(float *)(enepc + iVar1 + 0x18) = *(float *)(enepc + iVar1 + 0x18) + *(float *)(enepc + iVar1 + 0x38)` and `*pfVar5 = fVar7 - (float)(&DAT_0043c1f0)[param_1 * 0x29c]`; invokes `Get_One_Step(&DAT_0043c1f0 + param_1 * 0x29c,param_2,iVar1 + 0x379120)` and `fVar8 = atan2f(__y,fVar8)`; returns `uVar2`
0x002CE378, TM_Check_Move_at_GoBack - Tests tm move at go back fields against required conditions and returns the resulting status
0x002CE3B8, TM_Check_Move - Returns `0` and `1` according to `fVar10 == -1000.0` and `lVar5 == 0` and `lVar4 == *(long *)(EneTerritoryID + *(short *)(enepc + iVar1 + 10) * 8)` and `*(short *)(enepc + iVar1 + 10) == 0`; stores `enepc[iVar1 + 0x49] = cVar2` and `enepc[iVar1 + 0x49] = 99`
0x002CE620, TM_Check_Before_Eyes - Returns `(char)uVar3` and `uVar2` according to `(((0 < *(short *)(puVar4 + 6)) && (puVar4[2] != '\x01')) && ((*(uint *)(puVar4 + -0x80) & 0x10000) != 0)) && (*(byte *)(param_2 + 0x80) != uVar3)` and `fVar6 <= *(float *)(param_2 + 0x9e8) + *(float *)(puVar4 + 0x968)` and `(short)uVar3 < 0x40); fVar6 = (float)Get_Height(param_2 + 0x10,*(undefined4 *)(enepc + (uint)bVar1 * 0x38b0 + 0x70),0); uVar2 = 99; if (fVar6 == -1000.0`
0x002CE780, Set_EnemyMark - Stores `*(undefined2 *)(enepc + iVar1 + 0x74) = param_2` and `*(undefined2 *)(enepc + iVar1 + 0x76) = 0`
0x002CE7A8, Disp_EnemyMark - Provides an intentional no-op entry point for display enemy mark call sites
0x002CE7F0, Get_Ladder - Maps attributes 0x100000-0x1F0000 to ladder indices 0-15, returning -1 for any other value
0x002CE8B8, Get_Arrival - Maps attributes 0x200000-0x230000 to arrival indices 0-3, returning -1 for any other value
0x002CE920, Get_LadderID_Limit - Steps up to 1024 XZ increments through attributes, returning the last point in the first contiguous ladder span
0x002CEA60, Get_ArrivalID_First - Steps up to 256 XZ increments until an arrival attribute appears, returning false when none is found
0x002CEB30, Fly_to_Ladder - Moves the player toward ladder entry, aligns height and heading, then starts the ladder motion
0x002CEDB8, Get_Off_Ladder - Interpolates along the ladder exit path, then resets counters, starts motion 8, and restores player flags
0x002CEE78, Ready_Ladder - Finds ladder bounds and arrival attributes, aligns the player, and initializes climb direction and animation
0x002CF380, On_Ladder - Moves along ladder attributes from directional input, clamps endpoints, and transitions through arrival or exit states
0x002D0390, Ladder_Main - Smooths actor heading, dispatches ready, approach, climb, or dismount behavior from enemy ladder mode, rebuilds the actor transform, updates motion, and returns 1 once engaged
0x002D0488, Set_Motion - Tests `(*(uint *)(enepc + iVar1 + 0x37e0) & 0x100) == 0` and `param_1 == DAT_00338684` and `param_1 != DAT_00338684`; stores `*(undefined4 *)(param_1 + 0x744) = *(undefined4 *)(enepc + iVar1 + 0x3858)` and `*(undefined4 *)(param_1 + 0x714) = DAT_004d80fc`; invokes `ACT_setMotion2(param_1,param_2,uVar2)`
0x002D0548, Sound_FootStep - Resolves enemy footstep sound and surface type, scales volume from movement, and starts positional playback
0x002D0770, EnemySound - Resolves enemy sound bank and type, chooses direct or positional playback, and stores the resulting handle
0x002D0838, EnemySoundEnd - Invokes RES_GetEnemySeBank and xglSoundEffectStopID to tear down enemy sound resources and clears their dependent handles and state fields
0x002D0888, EnemySound_StopAll - Invokes EnemySound_Stop and xglSoundEffectStopDirect to tear down enemy sound all resources and clears their dependent handles and state fields
0x002D0918, EnemySound_Stop - Invokes RES_GetEnemySeBank and SsdFadeoutEffect to tear down enemy sound resources and clears their dependent handles and state fields
0x002D09E0, Get_JAVAReaction - Reads and returns the object field at offset 0x80 for get reaction
0x002D0A00, Get_DefaultMotion - Returns `*(undefined2 *)(param_1 + ((param_2 << 0x10) >> 0xf) + 0x130)`
0x002D0A18, Before_Talk - Saves motion and conditionally switches to talk pose, looks at player, or freezes according to actor flags
0x002D0AD8, After_Talk - Restores saved motion, releases player look-at, and unfreezes the enemy according to actor flags
0x002D0B68, Check_EnemyFound - Scans sixteen live enemies and returns true when any action state is 5, 6, or 10
0x002D0C10, Check_EnemyBurn - Scans sixteen live enemies and returns true when any action state is 7 or 11
0x002D0C90, Check_EnemyElec - Scans sixteen live enemies for action state 12 or electric status bit 2
0x002D0D18, Enemy_FindByEar - Scans 64 audible actors and triggers discovery when an eligible target lies within its hearing radius
0x002D0E48, Script_Action - Advances scripted position and turn interpolations, resetting completed movement to a four-point B-spline
0x002D0F78, Move_BeltConveyer - Tests `*(char *)(param_1 + 0x80) == '\b'` and `(DAT_003b25f0 & 0xf000000) != 0`; stores `DAT_003b25e8 = UnduDataGetHeader(0,0x8000)` and `*pfVar2 = *pfVar2 + fVar3 * *(float *)(vec_1 + (uint)bVar1 * 8)` and `*(float *)(param_1 + 0x18) = *(float *)(param_1 + 0x18) + fVar3 * *(float *)(vec_1 + (uint)bVar1 * 8 + 4)`; invokes `UnduParamInit(0x3b25d0)` and `DAT_003b25e8 = UnduDataGetHeader(0,0x8000)`
0x002D1070, Check_Discovery - Rejects inactive, hidden, player-busy, and excluded enemy modes; otherwise sets actor bit 0x400000 and selects action 10 or 5 from enemy subtype, copying the player position for pursuit modes
0x002D11D8, Check_Encount - Derives encounter side from mutual facing when requested, chooses one nonnegative encounter entry from eight slots, remaps enemy option bits into DAT_00362616, stores encounter globals, and sets DAT_0033869c bit 0
0x002D1548, Enemy_After_Battle - Disables defeated linked actors, normalizes survivor timers, and restarts patrol homing for found enemies
0x002D1768, Set_Spline_By_Route - Copies route points into the active spline and sets route count plus frame index from offset parameter
0x002D17F0, Set_Spline_By_Random - Initializes a four-point spline at actor position and resets route count, segment, and frame fields
0x002D1848, Set_PlayerHistory - Tests the next history segment with Check_Straight_ID and, when its index is below 0x20, writes BackPos plus DAT_003b2424-2C into a 64-entry circular position history
0x002D1918, Homing_Search - Sorts up to 64 homing nodes by distance, finds a clear parent path, expands it, and builds pursuit spline points
0x002D1EE8, Homing_Add - Stores `*(undefined4 *)(enepc + iVar3 + 0x30a0) = param_1` and `*(undefined4 *)(enepc + iVar3 + 0x30a4) = param_2` and `*(undefined4 *)(enepc + iVar3 + 0x30a8) = param_3` and `*(short *)(enepc + iVar6 + iVar2 + 0x3720) = param_5`; when `(long)sVar1 != (long)iVar8` and `(long)iVar8 != -1`
0x002D1FC0, Refresh_Homing - Clears 64 adjacency lists and rebuilds homing nodes with their stored coordinates and connection IDs
0x002D20C8, Disp_Homing - Writes homing command data to the active output, invoking Get_Distance and Refresh_Homing to obtain or submit dependent data
0x002D28F0, Set_Shadow - Tests `(((*(byte *)(param_1 + 0x80) != uVar1) && (0 < *(short *)((int)&DAT_0043c266 + iVar2))) && ((&DAT_0043c262)[iVar2] != '\x01')) && (*psVar3 != 0)` and `fVar4 < fVar5` and `(short)uVar1 < 0x10); if (fVar5 != DAT_004d8138`; stores `*(float *)(param_1 + 0xa0) = (float)uStack_60 - *(float *)(param_1 + 0x10)` and `*(undefined4 *)(param_1 + 0xac) = 0x3f800000` and `*(float *)(param_1 + 0xa4) = *(float *)(param_1 + 0x14) - uStack_60._4_4_`; invokes `fVar4 = (float)Get_Distance(param_1 + 0x10,(int)&DAT_0043c1f0 + iVar2)`
0x002D2A48, Get_MostNear_Actor - Scans 64 actors inside a 90-degree, five-unit fan and returns the nearest beyond eight units, else -1
0x002D2B98, Actor_LookAt - Refreshes an enemy's look-at target from animated head coordinates or actor position plus height
0x002D2C60, Actor_LookAt_Set - Stores `*(short *)(param_1 + 0x9ec) = (short)param_2` and `*(undefined4 *)(enepc + iVar2 + 0x3890) = uVar3` and `*(undefined1 **)(enepc + iVar2 + 0x386c) = enepc + iVar2 + 0x3890` and `*(undefined4 *)(enepc + iVar2 + 0x3894) = param_3[1]`; when `bVar1`; returns `bVar1`
0x002D2CC8, Actor_LookAt_Release - Clears actor look at ownership, activity, and dependent runtime fields
0x002D2D20, Actor_LookAt_Init - Clears look-at mode, sets target actor to -1, and nulls the enemy target-vector pointer
0x002D2D50, Get_ActorNumber - Returns `iVar2` and `-1`; after testing `iVar1 == param_1`
0x002D2D98, Enemy_Command_Motion - Starts flagged motion, configures blend mode, and converts speed plus optional rotation percentages to radians
0x002D2E98, Enemy_Command_Freeze - Clears ze ownership, activity, and dependent runtime fields
0x002D2F78, Enemy_Command_Turn - Sets, clears, or toggles the enemy turning byte at per-enemy offset 0x37A3 for commands 0-2
0x002D2FF0, Enemy_Command_Light - Sets, clears, or toggles the enemy light halfword at per-enemy offset 0x38AA for commands 0-2
0x002D3068, Enemy_Command_Stop_FreeFall - Clears fall ownership, activity, and dependent runtime fields
0x002D30B8, Enemy_Command_Type - Stores the enemy behavior type byte at offset 0x4A, then enters paused behavior
0x002D30F0, Enemy_Command_Code - Stores a script code at actor offset 0xEC and reinitializes that enemy
0x002D3110, Enemy_Command_Target - Stores player actor number for target 100, otherwise resolves and stores the requested actor ID
0x002D3178, Enemy_Command_LookAt - Releases look-at for -1, targets player for 100, or resolves another actor and stores its index
0x002D3228, Enemy_Command_Scale - Tests `param_3 == 0`; stores `*(undefined2 *)(enepc + iVar2 + 0x37dc) = 0xffff` and `*(float *)(enepc + iVar2 + 0x37d8) = (float)param_2 / 100.0` and `*(float *)(enepc + iVar2 + 0x37d0) = (float)param_2 / 100.0`; invokes `ACT_setMotion(param_1,uVar1)`
0x002D32D8, Enemy_Command_Action - Inserts action and argument into the first free of four command slots and resets action counters
0x002D3348, Enemy_Command_Encount - Runs encounter validation in forced mode 1 with the supplied enable byte
0x002D3370, Enemy_Command_Sac_Move - Starts timed XYZ movement from current to target position, or teleports immediately when duration is zero
0x002D33F8, Enemy_Command_Sac_Turn - Converts degrees to radians and either applies rotation immediately or stores a timed interpolation
0x002D34D0, Map_Command_Ladder - Stores indexed ladder type, scale divided by 100, and mode in three global arrays
0x002D3538, Start_Enemy_Command - Executes up to sixteen queued commands of types 0-0x13 for motion, freeze, turn, type, code, target, look-at, scale, action, light, fall, encounter, scripted movement, and ladder control, then clears the queue count
0x002D3828, Enemy_ActionReady - Enters action states 1-16, selecting motions, timers, random headings, status effects, sounds, and effect IDs
0x002D3E18, Enemy_SystemInit - Sequentially loads enemy preset, spline, exclamation, question, sphere, and square resources at WorkEnd, advancing the arena after every file, and clears DAT_0033869c
0x002D3F28, Enemy_LoadPreset - Fills enemy preset buffers using strcat and xglCdReadFile and records the resulting transfer metadata and status
0x002D3FD8, TM_Script_Spline_Add - Stores `*psVar1 = *psVar1 + 1` and `*(undefined4 *)(enepc + iVar2 + 0x80) = param_1` and `*(undefined4 *)(enepc + iVar2 + 0x84) = param_2` and `*(undefined4 *)(enepc + iVar2 + 0x88) = param_3`
0x002D4040, ACT_createEnemy - Allocates or selects one of 64 actor slots, initializes its 0x38B0-byte enemy work area and actor defaults, clears route and effect tables, installs ACT_updateEnemy, and seeds terrain collision data
0x002D4450, PauseMenuPageEnemy - Displays and edits enemy debug state, actions, collision, movement, vibration, and terrain-query parameters
0x002D6098, Debug_Mark - Builds a translated debug marker matrix and renders it when the requested marker type is enabled
0x002D61A8, Call_JavaMethod - Invokes a Java method with two integer arguments when object and method handles are valid
0x002D6218, EventCheck_Line_Button - Calls Java method 1 only when pad bit 0x20 is pressed and Check_InsideID reports the actor inside the line locator
0x002D6270, EventCheck_Line_Touch - Calls Java method 2 whenever Check_InsideID reports the actor inside the line locator, without requiring a button press
0x002D62B0, EventCheck_Circle_Button - Calls Java method 3 only when pad bit 0x20 is pressed and Check_InsideID reports the actor inside the circular locator
0x002D6308, EventCheck_Square_Button_Center - Calls Java method 4 only when DAT_00490dba bit 0x20 is set and both the 50.0-to-60.0-degree fan test and inside-ID test accept the target
0x002D63B0, EventCheck_Square_Button - Calls Java method 5 only when pad bit 0x20 is pressed and Check_InsideID reports the actor inside the square locator
0x002D6408, EventCheck_Square_Touch - Calls Java method 6 whenever Check_InsideID reports the actor inside the square locator, without requiring a button press
0x002D6448, Check_Locater - Scans up to fifty locator endpoint pairs, finds the first containing the actor, dispatches its line, circle, or square event handler, and stores the locator index at enemy field 0x37E4 or 0xFFFF when none matches
0x002D6668, Get_LocaterType - Classifies a locator's header angle into one of eight configured angular intervals, returning 0xFF when unmatched
0x002D6748, Get_LocaterType_Angle - Returns `0xff` and `(char)iVar2`; after testing `(param_1 <= LocaterAngle) || (DAT_003b2454 <= param_1)` and `7 < iVar2) break; iVar1 = iVar2 + 1; } while ((param_1 <= (&LocaterAngle)[iVar2 * 2]) || ((&DAT_003b2454)[iVar2 * 2] <= param_1)); } if (iVar2 == 8`
0x002D67E8, Check_InsideID - Returns `uVar4` and `0` and `1` according to `enepc[iVar1 + 0x48] == '\n'` and `FLAG_FRAME_60 != '\0'` and `(float)uStack_50 < *pfVar5 - fVar8` and `*pfVar5 + fVar8 < (float)uStack_50`
0x002D6AA8, Check_Actor - Returns `iVar1` according to `((0 < *(short *)(iVar1 + -0x95a)) && (*(char *)(iVar1 + -0x95e) != '\x01')) && (((*(uint *)(enepc + iVar4 * 0x38b0 + 0x37e0) & 1) == 0 || ((undefined4 *)((int)&actor + iVar3) != DAT_00338684)))` and `(*(uint *)(enepc + iVar2 * 0x38b0 + 0x37e0) & 1) == 0` and `&actor + iVar4 * 0x29c == DAT_00338684) goto LAB_002d6c0c; fVar5 = *(float *)(iVar1 + 8); } if ((((fVar5 != 0.0) && ((*(uint *)(iVar1 + -0x9e0) & 8) == 0)) && (iVar4 != iVar2)) && ((ABS(*(float *)(iVar1 + -0x9c`; sets `iVar4 = (int)param_2` and `iVar2 = 0`
0x002D6C60, Vibration_Stop - Clears vibration ownership, activity, and dependent runtime fields
0x002D6C98, Vibration_Set_Weak - Stores `DAT_00362684 = param_1`
0x002D6CA8, Vibration_Set_Strong - Stores `DAT_0036268c = param_3` and `DAT_00362680 = param_1` and `DAT_00362681 = param_2` and `DAT_00362688 = param_3`
0x002D6CE8, VibrationEngine - Counts down weak vibration and linearly interpolates strong motor output between endpoint bytes over its duration
0x002D6DA0, Get_Decimal_Surplus_for_Radius - Returns `param_1`; after testing `param_1 <= 0.0` and `param_1 < DAT_004d8164` and `param_1 < DAT_004d8164); return param_1; } } else { for (; DAT_004d8170 <= param_1; param_1 = param_1 - DAT_004d816c`; with `param_1 = param_1 + DAT_004d8168`
0x002D6E28, Check_MoveSquare - Returns `uStack_70` according to `0.0 <= *pfVar3 - fStack_90` and `0.0 <= pfVar3[2] - fStack_98` and `0.0 <= *pfVar2 - fStack_90` and `0.0 <= pfVar2[2] - fStack_98`; stores `*(undefined8 *)param_4 = uStack_120` and `*(undefined8 *)(param_4 + 2) = uStack_118`
0x002D7240, Get_Point_By_AngleLength - Offsets X by sine times length and Z by cosine times length while preserving Y and W
0x002D72C0, Get_MiddlePoint - Copies through the output pointer via `*param_5 = *param_1 + ((*param_2 - *param_1) * fVar4) / fVar2` and `param_5[1] = param_1[1] + ((param_2[1] - param_1[1]) * fVar4) / fVar2` and `param_5[3] = 1.0` and `param_5[2] = fVar3 + ((fVar1 - fVar3) * fVar4) / fVar2`; after testing `(int)param_3 != (int)param_4`; with `*param_5 = *param_1 + ((*param_2 - *param_1) * fVar4) / fVar2` and `param_5[1] = param_1[1] + ((param_2[1] - param_1[1]) * fVar4) / fVar2`
0x002D7390, Get_MiddlePoint_Parabora - Copies through the output pointer via `*param_6 = *param_3` and `param_6[1] = param_3[1]` and `param_6[2] = param_3[2]` and `param_6[3] = param_3[3]`; after testing `iVar2 == iVar3`; with `*param_6 = *param_3` and `param_6[1] = param_3[1]`
0x002D74C0, Check_Wall - Samples a semicircle of candidate points from a random starting index, marking each output byte blocked when height lookup fails, map collision occurs, or the territory ID differs
0x002D76E8, Check_Octpus - Casts radial straight-line probes, records their distances, sorts probe indices nearest-first, randomizes that order with four swaps, and copies the first selected endpoint to the caller
0x002D79D0, Get_WallSpace - Returns `(float)iVar7 * (DAT_004d81a4 / (float)iVar3)`; after testing `0 < iVar4` and `iVar3 == 0` and `*(char *)(param_3 + iVar1) == '\0'`
0x002D7AE0, Get_One_Step - Writes an XZ direction vector of requested length from source toward destination, with Y zero and W one
0x002D7B78, Check_Straight - Returns `(iVar5 + -1) * 0x10000 >> 0x10` and `iVar6` according to `lVar1 == 0` and `-1 < iVar6` and `((param_8 != 0) && (lVar1 = Get_Attr(&fStack_90,param_6,0x10), lVar1 != *(long *)(EneTerritoryID + param_8 * 8))) || (lVar1 = HitCheckMapUnitPosSize(param_1,&fStack_90), lVar1 != -1)`; stores `*param_5 = uStack_70` and `param_5[1] = uStack_68`
0x002D7DB0, Check_Straight_ID - Returns `iVar3` according to `iVar3 < 0`; stores `DAT_003b25e8 = UnduDataGetHeader(param_5,0x8000)` and `param_4[1] = param_2[1]`
0x002D7F88, Get_Distance - Returns the XZ-plane Euclidean distance between the two supplied coordinate records
0x002D7FE8, Get_Distance3D - Returns the XYZ Euclidean distance between the two supplied coordinate records
0x002D8058, Get_Angle - Returns atan2 of X and Z displacement from the first point to the second
0x002D8088, Check_Angle - Returns `uVar1` according to `fVar2 <= fVar3` and `(fVar2 <= fVar4) && (uVar1 = 1, fVar3 < fVar4)` and `(fVar4 < fVar2) && (uVar1 = 0, fVar4 <= fVar3)`; sets `fVar2 = (float)Get_Decimal_Surplus_for_Radius(param_2)` and `fVar3 = (float)Get_Decimal_Surplus_for_Radius(param_3)`
0x002D8140, Get_Angle_Relative - Subtracts a reference heading from point-to-point angle and wraps the result into the configured signed circle
0x002D81A0, Check_CrossingOver - Returns `1` and `0` according to `lVar1 != lVar2`
0x002D8240, Check_InsideFan - Returns `bVar1` according to `fVar3 <= param_2` and `(lVar2 != 0) && (bVar1 = true, param_7 != -1)` and `lVar2 != 0` and `((fVar3 < DAT_004d81bc) && (fVar3 = *(float *)((int)param_6 + 4), ABS(fVar3 - fStack_4c) < DAT_004d81c0)) && (ABS(*(float *)((int)param_5 + 4) - fVar3) <= DAT_004d81c4)`; sets `fVar3 = (float)Get_Distance3D()` and `bVar1 = false`
0x002D83B8, Check_InsideFan_Wooo - Returns `bVar1` according to `fVar3 <= param_2`; sets `fVar3 = (float)Get_Distance3D()` and `bVar1 = false`
0x002D8468, Get_Cursol_by_Reduce_Speed_Angle_Loop - Returns `param_1`; after testing `param_1 != param_2` and `ABS(param_2) < DAT_004d81cc` and `param_2 < DAT_004d81d0`; with `param_2 = param_2 - param_1` and `param_1 = param_1 + param_2 / param_3`
0x002D8538, Get_EnemyIDPos - Queries ground at the source, otherwise samples eight radius-two points and keeps the nearest valid result
0x002D8758, Get_Multi_Max_Under - After testing `param_1 < param_3` and `param_1 <= fVar1` and `param_1 <= fVar1); return; } } else { for (; fVar1 < param_1; param_1 = param_1 - param_2`; with `fVar1 = param_3 - param_2` and `param_1 = param_1 + param_2`
0x002D87D0, Get_HeightAttr - Initializes caller query state, selects current or requested collision header, adds mask 0x800, and performs UnduCheck
0x002D8868, Get_Height - Queries terrain height using current or requested collision header with supplied attributes plus mask 0x800
0x002D8908, Get_Attr - Queries terrain with supplied attributes plus 0x800 and returns the resulting global attribute word
0x002D89B8, Get_Attr_NU - Queries terrain without adding 0x800 to the supplied mask and returns the resulting attribute word
0x002D8A68, Check_Undu - Returns `fVar3 <= DAT_004d81f0` according to `param_3 == 0`; stores `DAT_003b2618 = param_7 | 0x813` and `DAT_003b2628 = *(undefined4 *)(DAT_00338684 + 0x4e0)`
0x002D8BC8, Get_Rnd - Returns an inclusive uniformly reduced random integer from minimum through maximum using xglSRand modulo range
0x002D8C18, BSpline_Init - Copies one XYZ point into all four spline controls and sets every W component to 1.0
0x002D8C68, BSpline_Add - Stores an XYZ control point at wrapped index floor(frame/divisor)+offset modulo count, forcing W to 1.0
0x002D8CD8, GetBSplineLoop - Copies through the output pointer via `*param_5 = (fVar10 * *pfVar8 + fVar11 * *pfVar2 + fVar12 * *pfVar5 + fVar9 * *pfVar1) / 24576.0` and `param_5[1] = (fVar10 * pfVar8[1] + fVar11 * pfVar2[1] + fVar12 * pfVar5[1] + fVar9 * pfVar1[1]) / 24576.0` and `param_5[2] = (fVar10 * pfVar8[2] + fVar11 * pfVar2[2] + fVar12 * pfVar5[2] + fVar9 * pfVar1[2]) / 24576.0`; after testing `iVar4 == 0`; with `*param_5 = (fVar10 * *pfVar8 + fVar11 * *pfVar2 + fVar12 * *pfVar5 + fVar9 * *pfVar1) / 24576.0` and `param_5[1] = (fVar10 * pfVar8[1] + fVar11 * pfVar2[1] + fVar12 * pfVar5[1] + fVar9 * pfVar1[1]) / 24576.0`
0x002D8EB8, GetBSplineLoopDummy - Linearly interpolates the current wrapped segment, advances its frame counter, and records frames from distance divided by speed
0x002D9100, YosikawaTest - Wraps csr within 0-2 using shoulder input, draws a three-entry selector, and invokes funclist[csr] on confirm before returning to its caller
0x002D92E0, ppInit - Zeros position, previous position, and velocity fields while loading two default constants at offsets 0x30 and 0x34
0x002D9320, ppNextStart - Copies current XYZ to previous fields, then adds velocity components at offsets 0x20-0x28
0x002D9368, ppNextEnd - Releases pp next records and clears their active ownership or status fields
0x002D93B8, ppCheckWall - Clamps the object's Y component at offset 4 to zero when it becomes negative
0x002D93D8, ppMove - Stores `*(float *)(param_1 + 0x20) = *(float *)(param_1 + 0x20) + *param_2` and `*(float *)(param_1 + 0x24) = *(float *)(param_1 + 0x24) + param_2[1]` and `*(float *)(param_1 + 0x28) = *(float *)(param_1 + 0x28) + param_2[2]`
0x002D9410, ppSetPos - Stores `param_4[2] = param_3` and `*param_4 = param_1` and `param_4[1] = param_2` and `param_4[4] = param_1`
0x002D9430, InitTest - Returns `1` according to the explicit return paths; stores `*(undefined4 *)(pCamera + 0xd8) = 0x40000000` and `*(undefined4 *)(iVar2 + 0xd4) = 0x40000000`
0x002D9660, MoveCamera - Applies pad-driven orbit and translation changes, wraps camera angles, and writes the resulting transform to the active camera
0x002D9A80, MoveWind - Adjusts point-wind position from pad input after rotating movement by the current camera yaw
0x002D9C88, MoveWind2 - Adjusts directional-wind vector from pad input after rotating movement by the current camera yaw
0x002D9E90, PrintDisp - Formats current camera and wind floating-point debug values for display after converting them to double precision
0x002D9F40, WindTest - Runs an interactive wind debugger that switches wind type, edits position and shake, updates the actor, and renders frames
0x002DA1D8, InitTest - Initializes debug resources, camera, point controls, actor model and motion, transforms, and joint consumer state
0x002DA3F8, PrintDisp - Displays the current model, motion, camera, and frame-control debug values, including the loaded FCV count
0x002DA498, HairTest - Runs an interactive actor and hair debugger supporting camera movement, model selection, motion selection, pause, and rendering
0x002DA9C0, JNT_hairID - Dereferences the joint descriptor pointer at offset 0x28 and returns its 16-bit hair ID at descriptor offset 8
0x002DA9D0, __JNT_computeMatrix - Builds animated joint matrices forward through the chain, applies hair motion and clipping, and returns the advanced stream pointer
0x002DB678, getNumFCV - Returns the third header word when the input begins with FPK, otherwise returns the default count one
0x002DB6B8, swapf - Exchanges the two supplied 32-bit floating-point storage values without returning a result
0x002DB6D0, CheckIntersect - Tests two XZ line segments using cross products, returning one only for a bounded nonparallel intersection
0x002DB7D8, GetIntersectionPointLineX - Returns `1` and `0`; after testing `fVar1 != *param_4`
0x002DB820, GetIntersectionPointLineZ - Returns `1` and `0`; after testing `fVar1 != *(float *)(param_4 + 8)`
0x002DB868, CheckSlope - Returns positive one, negative one, or zero from the orientation cross product of two XZ segments
0x002DB8D8, CheckInBox - Returns one when the point lies strictly between supplied X bounds and within the ordered Z bounds
0x002DB940, CheckBallBoxCollision - Tests a swept ball segment against an expanded XZ box and optionally writes the adjusted collision point
0x002DBE88, InitTest - Returns `1` according to the explicit return paths; stores `*(undefined4 *)(pCamera + 0xd4) = 0x41800000` and `*(undefined4 *)(iVar1 + 0xa0) = uVar2`
0x002DC010, ColliTest - Runs an interactive collision debugger, moving test balls, switching modes, resolving box collisions, and displaying hit status
0x002DC3A8, LOG - Provides an intentional no-op entry point for log call sites
0x002DC3F0, ItaiTest - Clears the render frame once and then remains in an infinite xglSleep loop
0x002DC410, splitName - Scans backward for the final slash, then copies null-terminated directory and basename portions into separate outputs
0x002DC508, setPath - Splits the supplied filename into fixed directory and leaf buffers, then installs the directory as resource view path
0x002DC540, initFileSelect - Clears the file-selector workspace, installs its initial directory and wildcard strings, and resets selection state
0x002DC5F0, execFileSelect - Advances the debug file selector through initialization, interactive selection, path installation, and completion states
0x002DC690, sdbExecEffect - Runs effect and streaming-sound updates until the effect finishes, then advances its debug execution state
0x002DC718, sdbDebugCamera - Provides an intentional no-op entry point for sdb debug camera call sites
0x002DC720, sdebufPrintMenu - Renders the effect-debug configuration menu and its currently selected option with the debug font
0x002DC798, debugEffectConfig - Runs the interactive effect-mode configuration menu, updating its selection from pad input and returning the confirmed mode
0x002DC900, debugEffectSelect - Displays and edits effect IDs from 1 through 30, returning the selection, or minus one when canceled
0x002DCA90, debugEnemySelect - Displays resource names while editing valid enemy effect IDs, skipping the reserved range and returning the selection
0x002DCC90, debugCfSelect - Displays resource names while editing CF effect IDs from 601 through 1999, returning the selection or minus one
0x002DCE00, SCamTake - Builds three preset camera records, submits them to the studio camera system, then finalizes capture
0x002DCEB0, SinitCamera - Selects and initializes the requested studio camera, then loads its named definition when the identifier is valid
0x002DCF40, sbattleDebug - Initializes party and battle debug state, executes the selected battle effect, and renders frames until completion
0x002DCFA8, seffectDebugDb - Loads, runs, and releases a selected database effect while maintaining debug camera and resource-reloader state
0x002DD170, seffectDebugCf - Loads and interactively runs the selected CF effect with debug camera updates until completion or cancellation
0x002DD3E0, seffectDebugBattle - Configures battle-effect actors and camera, executes the selected effect, then destroys its CF resources
0x002DD6E0, dummyMapLoad - Loads the configured dummy map resource into its work buffer and records file-transfer state for drawing
0x002DD768, dummyMapDraw - Waits for dummy-map loading, maps its resources, applies studio lighting, and submits the map model for drawing
0x002DD8F8, SimajiriTest - Runs the effect-debug file selector and dispatches battle, battle-effect, CF, or DB testing until exit mode
0x002DDA70, tracePrint - Formats a variadic trace message into a temporary buffer and writes it through printf
0x002DDAE8, sefPrintVector - Provides an intentional no-op entry point for sef print vector call sites
0x002DDAF0, sefPrintMatrix - Provides an intentional no-op entry point for sef print matrix call sites
0x002DDAF8, svGetImageItem - Returns the indexed 0x24-byte image-list record from the fixed table at address 0x0040D69C
0x002DDB18, svImageListCreate - Clears the complete 0x241C-byte image-list table and returns its base address
0x002DDB40, svImageListDestroy - Clears sv image list ownership, activity, and dependent runtime fields
0x002DDB88, svImageListAlloc - Scans 256 image-list entries forward by 0x24 bytes, returning the first inactive index or negative one
0x002DDBC8, svGetTypeList - Returns the indexed 0x241C-byte type list within the global image-mapper array
0x002DDBE8, svGetImageListItemSub - Scans 256 type-list entries forward for an active matching type byte, returning its record or null
0x002DDC48, svGetImageListItem - Maps image flag bits to a type selector and returns the corresponding active type-list record
0x002DDCA0, svGetResFromName - Scans 256 type-zero resources forward for an active exact name match, returning its record or null
0x002DDD18, svGetPrmFromName - Finds basename BMP and CLT resources, packs their dimensions and formats, or zeros output and returns null
0x002DDE58, svLoadTexture - Appends a referenced texture-image upload to the current VIF packet and records its transfer destination
0x002DDF38, svLoadClut - Appends a referenced palette upload to the current VIF packet and records its transfer destination
0x002DDFD8, svLoadImageList - Walks active image-list entries and schedules texture or palette uploads according to each entry type
0x002DE0B8, svLoadMapperList - Selects the requested mapper's image list and schedules all of its pending image transfers
0x002DE128, svGetSizeBit - Returns `iVar2` and `0`; after testing `uVar1 != 0`
0x002DE168, svAddImage - Allocates an image-list entry, derives texture dimensions and buffer offset, advances storage usage, and returns its index
0x002DE2C8, svAddClut - Allocates a palette entry, records dimensions and data pointers, reserves format-dependent storage, and returns its index
0x002DE3B8, svAddModel - Allocates a model entry, records chunk pointers and identifier flags, and returns its index or minus one
0x002DE448, svAddScript - Allocates a script entry referencing the chunk's 0x40 data area and returns its index or minus one
0x002DE4D0, svAddScript2 - Allocates a script entry referencing the chunk's 0xC0 data area and returns its index or minus one
0x002DE558, svAnalyzeChunk - Walks variable-sized chunks forward, dispatches types three through ten to resource adders, and stops at terminators
0x002DE660, svInitImageMapper - Clears every image-mapper list and resets mapper identifiers, counts, and allocation state
0x002DE6F0, svInitRefImage - Clears both words of each of forty global reference-image slots and returns no value
0x002DE730, svAddImageMapper - Selects a type list, clears existing entries when populated, stores mapper identifiers, increments usage, and analyzes the chunk
0x002DE7B0, svDeleteImageMapper - Finds the requested mapper list and clears all image entries and mapper bookkeeping associated with it
0x002DE7E8, svDeleteImageMapperID - Scans mapper lists for the requested identifier and clears each matching image list and mapper record
0x002DE848, svDeleteImageMapperData - Scans mapper lists for the supplied data pointer and clears each matching image list and mapper record
0x002DE8A8, svFileLoadScript - Analyzes an effect number, derives its script resource selection, and starts loading the corresponding CF file
0x002DE9C8, svGetScript - Scans 256 mapper entries forward for an active script whose name begins with the effect name, returning null if absent
0x002DEB00, SGsSendPacket - Submits s GS packet data with xglPacketGetCurrent and sceVif1PkCnt and records completion and resource state from the transfer result
0x002DEBA0, SGsTexFlush - Builds and sends a two-entry GIF packet containing the GS texture-cache flush register command
0x002DEC20, SGsInitEnv - Saves current GS and studio-light state, then submits the effect renderer's texture and depth environment packets
0x002DEEF8, SGsSetZTestEnv - Builds and sends a GS test-register packet selecting disabled or enabled depth testing from the argument
0x002DEFA0, SGsRestoreEnv - Loads saved s GS env fields, invokes SGsSendPacket and nmlModelSetLight for dependent objects, and stores the restored state
0x002DF068, sefInitClipViewVolume - Loads eight consecutive 128-bit clipping vectors into VU registers for subsequent volume tests
0x002DF090, sefClipViewVolumeA - Tests a vector against six loaded clipping planes, returning zero only when outside every relevant half-space
0x002DF1B8, sefClipViewVolume - Loads clipping vectors from object offset 0x4F0, then tests the supplied vector against that volume
0x002DF1E8, sefDrawParticle2D - Builds sef particle 2 d drawing commands from calculated geometry and current render fields
0x002DF6E8, svRotMatrixScale - Transforms all four source matrix rows by stored rotation columns, scales them uniformly, and writes the output matrix
0x002DF770, svDrawModel - Configures model sorting, fog, transform, and lighting from an effect record before submitting the model for rendering
0x002DF8E0, sefDrawParticle2 - Builds sef particle 2 drawing commands from calculated geometry and current render fields
0x002DFCB8, sefDrawParticle - Builds sef particle drawing commands from calculated geometry and current render fields
0x002DFF60, sefDrawParticleList - Walks an effect's particle allocator and draws each active particle through the selected 2D or 3D renderer
0x002E0230, sefDrawParticleListCf - Draws active CF particles after combining their transforms with the current camera and parent matrices
0x002E04B8, sefDrawSchedulerEffect - Resolves scheduler and battle context, applies effect transforms, and dispatches each active line's drawing work
0x002E07E0, svDrawSchedulerBlk - Selects scheduler drawing behavior from analyzed effect metadata and emits the corresponding block model or particle work
0x002E08A8, svDrawAlters - Iterates active alternate-camera effects and submits each one through the dedicated alternate renderer
0x002E08D8, svDrawMissile - Runs secondary effect-object processing for active missile effects before their scheduled rendering pass
0x002E0910, svDrawSchedulerParticle - Initializes the GS effect environment, loads pending images, and renders scheduled particles before restoring graphics state
0x002E0C58, svDrawScheduler2D - Selects the 2D scheduler pass and renders its particles through the common scheduler-particle routine
0x002E0C90, svDrawScheduler - Clears current image, 2D effect, and 3D drawing counters before scheduling all particles
0x002E0CB0, svDrawScheduler3D - Initializes reference images and GS state, then renders scheduled 3D effects and restores the previous environment
0x002E0DC0, SGsInitGifPacket - Initializes a GIF packet with zero counts, mode one, and destination base 0x70000000
0x002E0DE0, SGsOpenGifPacket - Saves the starting entry, emits a packed GIF tag from counts and flags, then increments the packet count
0x002E0E40, SGsCloseGifPacket - Clears gif packet ownership, activity, and dependent runtime fields
0x002E0E68, SGsAddReg - Appends one GS register-value pair to the packet buffer and increments its entry count
0x002E0EA0, SGsAddGifRGBA - Appends the supplied four RGBA words as one 16-byte GIF entry and increments the packet count
0x002E0EC8, SGsAddGifXYZ2 - Appends a packed GS XYZ2 vertex with screen offsets and supplied depth and fog values
0x002E0F38, SGsAddGifData - Appends four supplied register words as one 16-byte GIF entry and increments the packet count
0x002E0F60, SGsAddGifSTQ - Appends supplied S, T, and Q texture coordinates plus zero padding to the GIF packet
0x002E0FC0, SGsAddGifUV - Appends signed U and V coordinates shifted left four bits, then increments the GIF entry count
0x002E1000, srsAtan2 - Approximates atan2 by indexing a 1024-entry ratio table and applying quadrant-specific angle adjustments
0x002E11B0, sefRandf - Advances the effect linear-congruential seed and returns its upper fifteen bits scaled to a float
0x002E11E8, sefIsBossID - Returns true exactly when the supplied identifier lies inclusively from 0x97 through 0xBA
0x002E11F8, sefMemZero - Clears the requested byte count in 16-byte blocks followed by remaining aligned four-byte words
0x002E1270, sefCalcRotTransSMatrix - Initializes an identity output matrix, applies XYZ rotation, then scales its basis by the supplied vector
0x002E12E0, sefCalcInvView - Initializes an identity matrix and applies the active camera rotation in YXZ order to form inverse view orientation
0x002E1330, sefSearchMapperIndex2 - Searches mapper categories in fixed bounded tables, returning matched category indices or default categories 14, 15, or zero
0x002E1540, sefSearchMapperIndex - Decomposes an effect identifier and returns the bounded mapper-category lookup result from its number and category
0x002E1580, sevInitPtAllocator - Clears all particle allocator records and initializes each circular free queue with its 1024 particle indices
0x002E1600, sevAllocPtAllocator - Pops one entry from a 1024-slot circular allocator queue, returning 0xFFFF when the queue is empty
0x002E1658, sevFreePtAllocator - Clears pt allocator ownership, activity, and dependent runtime fields
0x002E16B8, sefProgressKey3 - Increments key time, advances or jumps among six-byte keys at their end frame, and preserves terminal key 0x400
0x002E1740, sefProgressKey5 - Increments key time, advances or jumps among ten-byte keys at their end frame, and returns the active key
0x002E17C8, sefLerpVectorA - Sign-extends four packed halfword components, converts them to floats, and stores the resulting vector
0x002E17F8, sefLerpVector - Advances vector keys and linearly interpolates four signed components, returning one while animation remains active
0x002E1908, sefLerpVectorSC - Advances vector interpolation and scales the resulting four components by the shared conversion constant when active
0x002E1950, sefLerpIVectorA - Sign-extends four packed halfword components and stores them as four 32-bit integer outputs
0x002E1970, sefLerpIVector - Advances integer-vector keys and linearly interpolates four signed components into the current output vector
0x002E1A80, sefLerpIVector2 - Interpolates four halfword key components in 16.16 fixed point and negates the fourth output component
0x002E1B98, sefLerpFloat - Advances six-byte keys and stores the linearly interpolated value scaled by the effect float conversion factor
0x002E1C98, sefLerpInt - Advances six-byte keys and stores a signed integer interpolation, holding the first value at terminal keys
0x002E1DA0, sefProgressInt - Advances the current six-byte integer key using the shared frame and jump progression routine
0x002E1DF0, sefGetMotionNullMatrix - Copies a valid accessory joint matrix, otherwise builds the actor rotation-scale matrix; null actors produce identity
0x002E1ED0, sefGetNullPosition - Copies accessory joint translation for indices below sixteen, or writes Y equals twenty when unavailable
0x002E1F50, sefGetWeaponPosition - Copies weapon joint translation for indices below eight, or writes Y equals twenty when unavailable
0x002E1FD0, sefGetPoint - Resolves encoded actor, weapon, null, or particle points, applies optional transforms, and writes the resulting vector
0x002E2240, sefGetPosition - Uses the default zero offset when absent, resolves the encoded point, and forces output W to one
0x002E2280, sefGetCirclePos - Chooses a random angle and writes a radius-scaled XZ circle point with Y zero and W one
0x002E2318, sefGetSpherePos - Copies through the output pointer via `*param_2 = auVar3`; with `*param_2 = auVar3`
0x002E23C8, sefGetCubePosBtm - Copies through the output pointer via `*param_1 = auVar3`; with `*param_1 = auVar3`
0x002E24C0, sefGetCubePosTop - Generates the corresponding bottom cube point, then negates its Y component to place it on top
0x002E24F0, sefGetCubePos - Copies through the output pointer via `*param_1 = auVar3`; with `*param_1 = auVar3`
0x002E25E8, sefGetOfsRange - Generates sphere, cube, circle, or cylinder offsets by mode, applying optional X and Z rotations
0x002E2818, sefGetDirMatrix - Derives pitch and yaw from a direction vector and writes the corresponding orthonormal orientation matrix
0x002E2908, sefGetVecMatrix - Subtracts target from source into a temporary direction vector, then builds its orientation matrix
0x002E2938, sefGetDirVector - Copies through the output pointer via `*param_1 = auVar1`; with `*param_1 = auVar1`
0x002E2960, sefGetStartPos - Generates the configured start offset and adds the effect start-position vector at object offset 0x30
0x002E29B0, sefGetTargetPos - Generates the configured target offset and adds the effect target-position vector at object offset 0x50
0x002E2A00, sefGetSpeed - Selects or derives a direction by mode, stores it at 0x120, and outputs it scaled by combined speed
0x002E2B98, sefMoveParticle - Adds effect-specific speed and velocity to a particle, applies gravity, clamps it to the collision height, and reflects and scales velocity on first ground contact
0x002E2D48, sefCalcLocalMatrix - Builds identity, copies, or aims a local matrix according to target encoding, then applies nonzero local translation
0x002E2F00, sefCalcRotChange - Accumulates converted rotation deltas and rebuilds the object matrix in flag-selected XYZ, YXZ, or component order
0x002E30A8, sefExecLineLocalData - Advances local line state through point resolution, particle creation and updates, then frees completed local data
0x002E34E0, sefFreeLocalData - Releases the line's particle allocator and clears its local-data ownership and activity fields
0x002E3520, sefAllocLocalData - Allocates a particle allocator slot and initializes local line counters, pointers, flags, and transform state
0x002E35D8, sefDestroyLocalData - Walks a line's linked local-data records, freeing each particle allocator and clearing every record
0x002E3640, sefInitLineData - Clears a line record and resolves its encoded script pointers, animation data, parent references, and rendering parameters
0x002E3BC8, sefAllocLineData - Finds a free line slot, marks it active, links its owner, and initializes sentinel indices and counters
0x002E3C10, sefFreeLineData - Destroys all local particle data owned by a line and clears the line's active marker
0x002E3C98, sefAnalyzeAnim - Resolves animation image and palette resources, derives frame layout, and initializes playback fields from encoded animation data
0x002E3E90, sefAnimate - Advances animation timing, selects the current frame record, and updates image coordinates and texture state
0x002E4078, sefCreateParticle - Allocates and clears local particle data, then initializes position, speed, color, animation, and lifetime from line parameters
0x002E4598, sefExecLineGlobalData - Updates a global effect line's parent matrix, source and target positions, interpolation, and completion state
0x002E4840, sefExecLineData - Advances line interpolation, refreshes source and target positions, creates particles, and handles line completion
0x002E49E8, sefInitEffectData - Fills the first 0x20 effect bytes with 0xff, stores the owner word at offset 0x20 and effect halfword at 0x26, and returns the memset result
0x002E4A50, sefDestroyEffectData - Walks all effect-data records owned by a scheduler, freeing each record and its line resources
0x002E4AA8, sefAllocEffectData - Finds a free effect-data slot, initializes its owner and effect index, then allocates its required line records
0x002E4B38, sefFreeEffectData - Frees every line belonging to an effect-data record and resets that record to its unused sentinel state
0x002E4B80, sefCheckFinish - Returns whether the effect record reached its encoded ending condition based on loop, frame, and scheduler state
0x002E4BA0, sefExecEffectData - Advances one effect record, executes its active lines, emits hit and sound signals, and handles completion or looping
0x002E4F78, sefInitScheduler - Clears a scheduler record and initializes script, effect-data, actor, transform, timing, sound, and ownership fields
0x002E5040, sefAllocScheduler - Finds a free scheduler slot, marks it active, initializes sentinel identifiers, and links its effect context
0x002E5118, sefFreeSchedulerCf - Stops the scheduler's sound, destroys its effect data, releases local resources, and clears the active slot
0x002E51A8, sefFreeScheduler - Releases either CF or normal scheduler resources, destroys effect data, and clears associated actor and script links
0x002E52B8, sefDestroyScriptScheduler - Frees every scheduler owned by the supplied script and clears their resource links
0x002E5320, sefDestroyScriptScheduler2 - Frees every scheduler matching the supplied script and effect selector pair
0x002E53A0, sefInitEffectTbl - Parses an effect table from script data and initializes each referenced effect record in the scheduler
0x002E5548, sefCreateScheduler2 - Resolves script scheduler parameters, allocates and initializes a scheduler, and attaches its effect table and actor context
0x002E5900, sefCreateScheduler - Creates an effect scheduler through the secondary allocator entry point without returning its result
0x002E5920, sefGetSizeOffset - Returns the four-byte size offset stored at the supplied index in the effect offset table
0x002E5938, sefCreateReactionEffect - Computes reaction-effect script placement, initializes its parameters, and creates the corresponding effect script task
0x002E5AF8, sefGetMatrixScale - Computes the requested matrix scale as a vector length through the shared math helper
0x002E5B10, sefGetParentMatrix - Resolves an effect parent encoding to actor, joint, or local transforms and writes the resulting parent matrix
0x002E5D98, sefExecScheduler - Advances scheduler initialization and execution, updates ambient and battle parameters, runs effect records, and frees completed work
0x002E6350, sefIsDeadSchduler - Returns whether the selected scheduler index is invalid or its active field is clear
0x002E6380, sefSetReverseDir - Enables reversed Z direction when a normalized effect ID matches ten configured entries for categories 0x18 through 0x1F
0x002E63F0, sefCreateBattleActorTbl - Clears battle actor slots and populates them from active party, enemy, and support actor records
0x002E65E0, sefInitBattlePrm - Initializes scheduler battle positions, target direction, distances, and averaged target coordinates from active actor data
0x002E6698, sefCaclAllTarget - Averages positions of all selected battle targets and writes the resulting center vector when at least one exists
0x002E6738, sefSetLightFlag - Sets or clears an actor's effect-light enable flag and resets its accumulated light state when disabling
0x002E67A0, sefSetHitSignal - Finds the active battle actor matching a nonzero handle and increments its pending hit-signal counter
0x002E6808, sefIsHitActor - Finds the battle actor matching a nonzero handle and reports whether its hit-signal counter is positive
0x002E6860, sefSetSeSignal - Finds the active battle actor matching a nonzero handle and increments its pending sound-signal counter
0x002E68C8, sefIsSeSignal - Finds the battle actor matching a nonzero handle and reports whether its sound-signal counter is positive
0x002E6920, sefAddLightActor - Applies distance-weighted light color and direction to nearby active battle actors not already processed
0x002E6B60, sefInitEffect - Initializes effect memory, resource mapping, schedulers, particle allocators, script state, and camera alterations for normal mode
0x002E6C08, sefInitEffectBattle - Resets existing effects, switches to battle mode, rebuilds actor tables, and initializes ambient and alternate camera state
0x002E6C78, sefInitEffectCf - Resets CF effects, initializes effect memory and resources, and loads the common CF resource package
0x002E6CB8, sefSetupPlayer - Loads and maps player effect resources, reporting failures and retaining the resulting resource identifier
0x002E6DA8, sefSetupEnemy - Replaces an enemy's prior effect resources, loads the requested package, and records its mapper and memory identifiers
0x002E6EC0, sefReleaseID - Locates the supplied effect resource identifier, frees its reloader allocation, and clears the corresponding tracking slot
0x002E6FE0, sefSetupEffect - Loads battle effect resources into the fixed workspace beginning at address 0x00794340
0x002E7000, sefIsEntryBoss - Returns the shared runtime flag indicating whether a boss entry effect is currently active
0x002E7010, sefDestroyEffect - Kills active effects, destroys scripts and resources, resets ambient and camera alterations, and clears normal effect state
0x002E7088, sefDestroyEffectCf - Kills active CF effects, destroys scripts and memory resources, resets ambient state, and clears CF effect state
0x002E7100, sefLoadEffect - Converts an encounter effect number and starts loading its mapped script resource, returning the loader status
0x002E7138, sefCheckLoad - Reports whether pending resource reads have completed by checking the shared CD-read counter
0x002E7168, sefExecEffect - Executes effect scripts, scheduler updates, ambient changes, and alternate camera effects for one frame
0x002E7198, sefProgressEffect - Advances effects for the requested frame count, stopping early when effect execution reports completion
0x002E71D0, sefDrawEffect - Computes inverse camera orientation and renders the complete effect scheduler using the current view state
0x002E7220, sefDrawEffect3D - Renders only the scheduler's 3D effect pass with the current camera and graphics state
0x002E7260, sefDrawEffect2D - Renders only the scheduler's 2D effect pass with the current camera and graphics state
0x002E72A0, sefCnvDeathEffectNo - Converts death-effect identifiers using boss classification and size-offset tables, returning the mapped effect number
0x002E73B0, sefCnvWaitEffectNo - Polls sef cnv effect number completion while invoking srsGetBossWaitEftNo and returns the observed status
0x002E7430, sefDeleteEffectWait - Polls sef effect wait completion while invoking sefCnvWaitEffectNo and sefDeleteEffect2 and returns the observed status
0x002E74E0, sefCnvEtEffectNo - Converts encoded effect category and number fields into the runtime effect identifier used by scheduler lookups
0x002E7570, sefCreateEffect - Converts the requested effect number, builds script parameters, and creates a normal effect script task
0x002E7620, sefCreateEffect2 - Resolves a wait-effect identifier, analyzes its CF script, and creates the corresponding scheduler instance
0x002E7748, sefDeleteEffect2 - Frees the current effect scheduler through the common CF scheduler release routine
0x002E7760, sefLoadEffectCf - Loads an effect CF resource from a file and always returns zero afterward
0x002E7780, sefLoadEffectCfName - Resolves an effect name to its identifier and loads the corresponding CF resource from file
0x002E77C0, sefLoadMemoryEffectCf - Loads an effect CF resource from memory and always returns zero afterward
0x002E77E0, sefLoadMemoryEffectCfName - Resolves an effect name to its identifier and loads the corresponding CF resource into memory
0x002E7830, sefCreateEffectCf2 - Analyzes supplied CF script data, initializes its runtime task, and creates an effect scheduler
0x002E7918, sefCreateEffectCf - Creates a CF effect instance using the secondary effect creation routine
0x002E7930, sefDeleteEffectCf - Releases the active CF effect scheduler through the common scheduler cleanup routine
0x002E7948, sefRewindEffectCf - If the effect context pointer is nonnull, sets bit 0 at context offset 0xA8C to request rewind
0x002E7968, sefClearEffectCf - Clears sef effect cf state for reuse and invokes sefDestroyLocalData to synchronize dependent resources
0x002E7A18, sefIsFinishEffect - Reports whether the selected effect scheduler is absent, inactive, or has completed its execution state
0x002E7AA8, sefIsFinishEffect2 - Returns true when no active effect among 128 slots converts to the supplied positive effect number
0x002E7B30, sefSetLoadQue - Stores the supplied sef set que value in _sefLoadEftQue
0x002E7B38, sefGetLoadQue - Returns the address of the global _sefLoadEftQue record
0x002E7B48, sefExecLoadQue - Starts loading the queued effect script and clears the queue after accepting the request
0x002E7B80, sefKillEffect - Scans active scheduler slots and frees those matching the supplied effect selector or all effects
0x002E7BF8, sefHitEffect - Sets the global _hitFlag to 1
0x002E7C08, sefPushEffect - Clears the saved-effect area and snapshots selected parameters from all 128 active effect slots
0x002E7D08, sefPopEffect - Restores saved effect slots by recreating active CF effects after clearing current scheduler state
0x002E7E30, sefGetBattleData - Returns the fixed global battle-data structure used by the effect and camera subsystems
0x002E7E40, sefGetDmgNull - Returns `uVar1`; after testing `DAT_0079411c < 2`; with `uVar1 = 0x20f` and `uVar1 = 0x210`
0x002E7E60, sevGetPtAllocator - Returns the indexed 0x280-byte particle allocator record from the global allocator array
0x002E7E80, sevGetPtAllocator2 - Returns the indexed 0x280-byte particle allocator record through the secondary accessor
0x002E7EA0, sefGetLineAdr - Returns `puVar1`; after testing `-1 < param_1`; with `puVar1 = (undefined *)0x0` and `puVar1 = &_lineData + (int)param_1 * 0x820`
0x002E7EC8, sefGetScheduler - Returns the fixed global effect-scheduler structure used by active effect processing
0x002E7ED8, sefGetNowScheduler - Returns the shared pointer or index identifying the scheduler currently being executed
0x002E7EE0, sefGetParentLine - Returns `&_ptAlloc + (int)param_2 * 0x280` and `(undefined *)0x0`; after testing `(-1 < param_1) && (-1 < param_2)`
0x002E7F18, sefScaleIVectorAdd - Converts an integer vector to floats, scales it by the supplied factor, and adds another vector
0x002E7F40, sefDeg2RadVector - Converts each component of the supplied degree vector into the engine's native angular representation
0x002E7F60, sefMergeMatrixPos - Computes `*param_1 = *param_2` and `param_1[1] = uVar1` and `param_1[2] = uVar2` and `param_1[3] = uVar3`
0x002E7F88, sefLerpVectorB - Linearly interpolates four floating-point vector components between two keys using the supplied blend factor
0x002E7FE8, sefLerpIVectorB - Linearly interpolates four integer vector components between two keys using fixed-point arithmetic
0x002E8040, srsGetEffect2Idx - Maps configured low effect IDs through combo data and normalizes several higher effect ranges to compact indices
0x002E80D8, srsGetEsdData - Maps an effect identifier to its compact index and returns the corresponding loaded ESD data record
0x002E8120, srsGetEsdData2 - Returns `puVar1`; after testing `param_1 < 0xc00`; with `puVar1 = (undefined1 *)0x0` and `puVar1 = _loadEsdData + (int)param_1 * 0x10`
0x002E8148, sefGetEffectName - Returns `puVar1`; after testing `param_1 < 0xc00`; with `puVar1 = (undefined1 *)0x0` and `puVar1 = _loadEsdData + (int)param_1 * 0x10`
0x002E8170, srsAnalyzeEftNo - Decomposes an effect identifier into category and number outputs using configured effect ranges and tables
0x002E8460, srsGetBossWaitEftNo - Returns `*(undefined2 *)(_srsChrEfTbl3 + iVar1 + 2)` and `0`; after testing `(int)param_1 - 0x97U < 0x24` and `param_1 == *(short *)(_srsChrEfTbl3 + iVar1)`
0x002E84C0, srsSetLoadMode - Stores the requested resource loading mode used when constructing subsequent file paths
0x002E84C8, srsGetLoadMode - Returns the currently configured resource loading mode from shared resource state
0x002E84D0, srsSetViewPath - Copies the supplied path into the global resource view-path buffer and returns its destination
0x002E84F0, srsMakeFileName - Builds a resource pathname for disc or host loading modes, failing only when the source name is null
0x002E8658, srsChangeSeparator - Walks a nonempty pathname in place and replaces every forward slash with a backslash
0x002E86B0, srsGetFileLen - Builds and normalizes a resource pathname, opens the file, obtains its byte length, then closes it
0x002E8770, fileLoad - Builds a normalized resource pathname and starts loading the file into the supplied destination buffer
0x002E88E0, srsGetEffectData - Retrieves effect data through the common ESD lookup routine using the caller's arguments
0x002E88F8, srsGetComboData - Returns a populated combo-data slot for indices below 195, otherwise returns null
0x002E8928, srsGetEffectName - Retrieves loaded effect metadata and returns its primary name string when available
0x002E8988, srsGetWeaponEffectIdx - Normalizes enemy-range effect IDs and returns the matching weapon-table row among 45 entries, or minus one
0x002E8A10, srsEftNoWeaponEffectID - Maps an effect number through the weapon table and returns the corresponding weapon-effect identifier
0x002E8A48, srsWeapon2EffectID - Converts a weapon-table index and variant into the associated runtime effect identifier
0x002E8A98, srsEftNo2WeaponID - Maps an effect number through the weapon table and returns the corresponding weapon identifier
0x002E8AD0, srsGetEffectName2 - Retrieves loaded effect metadata and returns its secondary name string when available
0x002E8B20, srsGetComboName - Retrieves a populated combo-data record and returns its associated name string when available
0x002E8B80, srsGetEffectType - Classifies an effect number into type zero, two, eleven, fourteen, or fifteen using configured numeric ranges
0x002E8C08, srsInitCdRead - Resets the shared count tracking outstanding asynchronous resource CD reads to zero
0x002E8C10, srsLeaveCdRead - Reads and returns the outstanding asynchronous resource CD-read count from shared state
0x002E8C18, srsCdReadCallback - Maps successfully loaded resource data, updates callback bookkeeping, and decrements the outstanding read count
0x002E8CB0, srsLoadEffectData - Resolves an effect resource name and starts loading its data into the designated destination buffer
0x002E8D00, sresInitMemoryRes - Clears the complete 0x1A0-byte in-memory resource state and returns its base address
0x002E8D28, sresLoadCommonMemory - Allocates memory for the common effect resource and starts loading its file into that allocation
0x002E8DE8, sresLoadCfMemory - Allocates memory for a CF effect resource and starts loading its file into that allocation
0x002E8E60, sresFreeReloaderMemoryNo - Finds a reloader entry by identifier, removes its image mapper, frees memory, and clears the entry
0x002E8F18, sresFreeReloaderMemory - Finds a reloader entry by data pointer, removes its image mapper, frees memory, and clears the entry
0x002E90C0, sresFreeMemoryRes - Releases all common, CF, and reloader allocations and removes their associated image mappers
0x002E9110, sresDataMapping - Parses loaded resource blocks and registers their image mappings under the supplied mapper identifiers
0x002E9378, sresLoadBattleData - Reallocates battle effect memory as needed and loads the requested battle resource package
0x002E9780, srsFileLoad - Executes the shared resource file loader with the current register arguments and discards its result
0x002E9798, srsFileLoadCf - Analyzes an effect identifier, resolves its CF filename, and starts loading that file into managed memory
0x002E9940, srsMemoryLoadCf - Analyzes an effect identifier, allocates CF memory, and loads or maps its resource data
0x002E9AB8, srsEffectNameToID - Scans loaded effect metadata for an exact primary or secondary name match and returns its identifier
0x002E9B28, scInitScript - Clears the global script workspace, task arrays, handler state, and current script and event indices
0x002E9BF8, scFindScriptData - Searches the effect resource mapper for script data using the current call arguments
0x002E9C10, scCreateScript - Finds mapped script data, allocates a script slot and initial task, and reports allocation failures
0x002E9D78, scDestroyScript - Destroys effect schedulers owned by a script and clears all tasks and state in that script slot
0x002E9E48, scDestroyScript2 - Destroys schedulers and tasks matching a script subselector, reporting invalid script indices
0x002E9EF0, scDestroyScriptAll - Iterates every script slot and destroys all active scripts, tasks, and owned effect schedulers
0x002E9F30, scExecScript - Dispatches every active task in one script and destroys the script when no tasks remain
0x002EA008, scExecEffect - Executes all active scripts followed by every active effect scheduler for one update frame
0x002EA028, scCreateTask - Finds a free task slot, initializes its script address and registers, and links it to an active script
0x002EA1F0, scDeleteTask - Clears task ownership, activity, and dependent runtime fields
0x002EA278, scDeleteTaskAll - Deletes every active task belonging to the supplied script and clears its task count
0x002EA2F0, scGetReg - Resolves direct or indirect script-register selectors and returns the corresponding global, script, or task register value
0x002EA380, scSetReg - Resolves an indirect script-register index when bit 15 is set, writes registers 0-15 in the active script context, and traces invalid indices
0x002EA418, scGetCmdScript - Returns `uVar1`; after testing `iVar2 != 0`; with `*piVar3 = *piVar3 + 1`
0x002EA488, scGetNumScript - Decodes the next script operand as either an immediate number or a register value
0x002EA4E0, scGetRegScript - Decodes the next script operand and returns the addressed register selector and resolved value
0x002EA530, scGetAdrScript - Decodes the next script operand and resolves its immediate or table-relative address
0x002EA570, scGetAdrIdx - Reads a 16-bit value from the current task-relative script table, translating sentinel 0xFFFF to zero
0x002EA5E0, scGetTableAdrIdx - Reads a 16-bit value from the current script table plus an optional base index, translating 0xFFFF to zero
0x002EA640, scGetTableAdrImmIdx - Reads a table-relative 16-bit index and converts it into an immediate script address
0x002EA698, scGetImmAdrImmIdx - Reads a 16-bit immediate index and returns its current-script table address, treating zero and 0xFFFF as null
0x002EA6F8, scGetImmAdrImmIdx2 - Reads a 16-bit immediate index and returns its supplied-base address, treating zero and 0xFFFF as null
0x002EA738, scGetTableNumIdx - Returns `*(undefined2 *)(param_2 * 2 + iVar1)`; after testing `param_1 != 0`
0x002EA780, scGetImmNumIdx - Returns the unsigned 16-bit immediate located at the supplied base plus twice the requested index
0x002EA790, scGetAdrImmScript - Decodes a script address operand and returns the address referenced by its immediate index
0x002EA7E0, scERRORScript - Returns script status 0 without reading arguments or changing memory
0x002EA7E8, scGOScript - Resolves a script address, stores it in the current task slot, and returns one
0x002EA820, scGOSUBScript - Pushes the current script address onto the task call stack and jumps to the decoded destination
0x002EA890, scRETURNScript - Pops a saved script address from the task call stack, reporting underflow when no caller remains
0x002EA8E0, scEXITScript - Returns script status 0 without reading arguments or changing memory
0x002EA8E8, scBRAScript - Evaluates the encoded comparison between two script operands and conditionally replaces the current instruction address
0x002EAA08, scONGOSUB - Selects one address from an indexed branch table using a decoded script value
0x002EAAA8, scONGOScript - Runs the ONGO subcommand, stores its result in the current task slot, and returns one
0x002EAAE0, scONGOSUBScript - Pushes the current return address and jumps to the branch-table destination selected by scONGOSUB
0x002EAB38, scOBJEVEScript - Creates an event task for the decoded object identifier and script address operands
0x002EABC0, scABORTScript - Decodes a script identifier and deletes all tasks belonging to that script
0x002EAC00, scPAUSEScript - ORs pause bit 0x4 into the supplied 16-bit script flags and returns status 1
0x002EAC18, scPRINTScript - Advances the current script cursor past its null-terminated print string and returns success
0x002EACD0, scRPUTScript - Decodes a source register and writes its value into the destination script register
0x002EACF8, scRDUMPScript - Reads the selected script register and emits its index and value through the trace logger
0x002EAD88, scCMDPUTONScript - Sets the global _cmdPut flag to 1 and returns script status 1
0x002EAD98, scCMDPUTOFFScript - Clears the global _cmdPut flag to 0 and returns script status 1
0x002EADA8, scRSETScript - Decodes an immediate or register operand and assigns its value to the selected script register
0x002EADF0, scRINCScript - Resolves the selected script register and increments its stored value by one
0x002EAE30, scRDECScript - Resolves the selected script register and decrements its stored value by one
0x002EAE70, scRADDScript - Adds a decoded immediate or register operand to the selected script register
0x002EAEC8, scRSUBScript - Subtracts a decoded immediate or register operand from the selected script register
0x002EAF20, scRMULScript - Multiplies the selected script register by a decoded immediate or register operand
0x002EAF78, scRDIVScript - Divides the selected script register by a decoded nonzero immediate or register operand
0x002EAFF0, scRMODScript - Replaces the selected script register with its remainder modulo a decoded nonzero operand
0x002EB068, scR_ANDScript - Applies bitwise AND between the selected script register and a decoded operand
0x002EB0C0, scR_ORScript - Applies bitwise OR between the selected script register and a decoded operand
0x002EB118, scR_XORScript - Applies bitwise XOR between the selected script register and a decoded operand
0x002EB170, scR_NOTScript - Resolves the selected script register and replaces its value with the bitwise complement
0x002EB1B0, scR_NEGScript - Resolves the selected script register and replaces its value with the arithmetic negation
0x002EB1F0, scRRNDScript - Stores a pseudorandom value bounded by the decoded operand in the selected script register
0x002EB298, scREVEScript - Exchanges or rearranges decoded script register values according to the command's register operands
0x002EB2E8, scWAITCNTScript - Polls sc waitcnt script completion while invoking scGetNumScript and returns the observed status
0x002EB328, scWAITEVEScript - Reads an event task number, marks wait mode two, and returns the parser-yield status two
0x002EB360, scWAITEFTScript - Consumes an effect task number, records wait mode three and the current operand, then yields
0x002EB398, scWAITMOVIEScript - Writes wait mode 4 to script-object byte offset 0x5A and returns status 2
0x002EB3A8, scWAITMISSILEScript - Writes wait mode 5 to script-object byte offset 0x5A and returns status 2
0x002EB3B8, scFADEONScript - ORs fade bit 0x100 into the supplied 16-bit script flags and returns status 1
0x002EB3D0, scFreezeCamera - Clears the camera freeze workspace, resetting all saved camera parameters and activity state
0x002EB478, scSetAmbient - Starts scripted ambient state unless inside an event, selecting override handling from task flag 0x100
0x002EB4D0, scEFFECTScript - Decodes effect script data and creates a scheduler attached to the current script task
0x002EB568, scEFFECT2Script - Decodes an effect identifier, maps it to loaded effect data, and creates the requested scheduler
0x002EB698, scEFFECT3Script - Decodes extended effect parameters and script data before creating the configured scheduler instance
0x002EB7F8, scMOVIEScript - Reads a length-prefixed movie command string and advances the script cursor across its aligned storage
0x002EB8E0, scMISSILEScript - Decodes missile effect data, analyzes its effect identifier, and schedules secondary effect-object processing
0x002EB950, scMISSILE3Script - Decodes extended missile parameters and script data, then schedules the configured missile effect
0x002EB9D0, scDispatchScript - Chooses normal parsing or wait-state handling for a task and dispatches commands until the task yields
0x002EBA50, scParseScript - Dispatches script commands until deletion, suspension, yielding, or the 2000-command safety limit, then returns one
0x002EBB00, scAnalyzeScriptCf - Finds mapped CF script data, validates its header and tables, and reports malformed or missing resources
0x002EBC48, scGetTaskAdr - Returns `puVar1`; after testing `-1 < param_2`; with `puVar1 = (undefined1 *)0x0` and `puVar1 = _scriptWork + param_1 * 0x450 + (int)param_2 * 0x80`
0x002EBC80, scGetRegAdr - Resolves a script-register selector and returns the address of its backing global, script, or task storage
0x002EBCE0, scOfsToAdr - Converts a script-relative byte offset into an absolute address using the current script data base
0x002EBD00, scAdrToImm - Converts an absolute script address into its corresponding immediate halfword index relative to the supplied base
0x002EBD40, scGetCmdAdrScript - Returns `iVar2`; after testing `iVar1 != 0`; with `iVar2 = 0` and `iVar1 = *(int *)(param_1 + *(short *)(param_1 + 0x54) * 4 + 8)`
0x002EBD90, scWaitParseNopScript - Returns wait-parser status 1 without reading arguments or changing memory
0x002EBD98, scWaitParseCntScript - Decrements the signed 16-bit counter at script-object offset 0x5E and returns true once the new value is below 1
0x002EBDB0, scWaitParseEveScript - Returns one when the referenced event task is absent or inactive, otherwise returns zero
0x002EBDF0, scWaitParseEftScript - Tests whether the awaited effect scheduler died, restoring ambient state when complete and returning that status
0x002EBE68, scWaitParseMovieScript - Calls the movie-status routine at 0x00A33248 and returns true when it reports 0
0x002EBE88, scWaitParseMovScript - Returns 1 when flag bit 5 is clear and 0 when bit 5 is set
0x002EBEA0, scWaitParseScript - Dispatches wait mode 0-5 through waitHandlerTbl_0, clears flag bit 0x10 when the handler finishes, or resets invalid modes to 0 and returns 1
0x002EBF10, scWaitMissileScript - Polls sc missile script completion while invoking sefSearchMapperIndex and svGetImageListItem and returns the observed status
0x002EC2A0, scMoveParseScript - Clears the task wait flag and resumes normal script parsing after a suspended operation completes
0x002EC310, sdvInitAmbient - Resets ambient transition state and frame counters without modifying the currently saved lighting values
0x002EC320, sdvSaveAmbient - Copies current studio ambient-light and map-color vectors into saved globals, then clears transition state
0x002EC378, sdvSetAmbStateSub - Updates ambient transition state, preserving the previous state for excluded analyzed effect categories
0x002EC3F8, sdvSetAmbState - Updates ambient transition state after enabling normal effect-category filtering
0x002EC410, sdvSetAmbState2 - Updates ambient transition state while bypassing normal effect-category filtering
0x002EC428, sdvSetAmbient - Gets studio light two, applies its ambient intensity, then tail-calls the overlay ambient-state routine
0x002EC468, sdvRestoreAmbient - Restores saved map color and ambient-light vectors through the studio ambient setter
0x002EC490, sdvExecAmbient - Interpolates saved and target ambient lighting across transition frames, applies each result, and finalizes completed transitions
0x002EC5B0, sdvExecSeqTbl - Evaluates a camera sequence table against battle state and returns the active entry's execution result
0x002EC6A0, sdvProgressKey - Advances a camera sequence key according to frame timing, battle conditions, and encoded jumps
0x002EC780, sdvPlaySound - Plays the supplied normal sound-effect identifier on channel or mode zero
0x002EC798, sdvScheduleSound - Evaluates scheduled sound sequence entries and plays their sound identifiers when conditions and timing match
0x002EC828, sdvSelectCamera - Selects a weighted camera script, favors its boss entry when applicable, and loads four camera parameters
0x002EC9D8, sdvSetCameraParam - Classifies a camera target code and fills position, actor, or battle-reference parameters in a cleared record
0x002ECBF0, sdvSetCameraOffset - Clears an offset record and stores either scaled position components or unscaled angle components by mode
0x002ECCE0, sdvProgressPrm - Advances camera parameter keys and rebuilds the active camera target record whenever a key changes
0x002ED020, sdvScheduleCamera - Selects and initializes a battle camera sequence, then advances its parameters and offsets each frame
0x002ED100, sdvTransOffset - Resolves encoded scheduler points and transforms camera offsets into world-space positions or rotations
0x002ED2C8, sdvInitSpecialWork - Clears the complete sixteen-byte special camera workspace and returns its base address
0x002ED2F0, sdvClearSpecialWork - Clears sdv special work state for reuse and invokes GameDefocusSet to synchronize dependent resources
0x002ED350, sdvAllocSpecialWork - Finds an unused special-camera slot, marks it active, and initializes its scheduler and sequence references
0x002ED3D0, sdvExecSpecial - Executes active special-camera sequence entries, updating their scheduler transforms, defocus, and completion state
0x002ED800, sdvDrawSpecial - Parses special-camera drawing commands, allocates work slots, and applies camera, screen, or defocus effects
0x002EDDD8, sdvScheduleAlter - Analyzes an effect identifier and schedules its alternate-camera sequence when table conditions permit
0x002EE078, sdvInitAlter - Clears exactly 0x1280 bytes at the supplied alternate camera workspace address
0x002EE090, sdvCreateAlter - Initializes an alternate-camera record with its scheduler, effect identifiers, sequence pointers, and default transform state
0x002EE150, sdvDestroyAlter - Clears exactly 0x1280 bytes at the supplied alternate camera workspace address during destruction
0x002EE168, sdvKillAlter - Finds active alternate-camera records matching the supplied selector and clears each record's complete workspace
0x002EE1D0, sdvExecAlter - Advances one alternate-camera effect through initialization, sequence execution, damage-target tracking, and destruction
0x002EE498, sdvDrawAlter - Builds screen-space geometry for an alternate-camera effect and submits its textured GIF packet
0x002EEA88, sdvInitAlters - Clears and initializes every alternate-camera workspace slot and resets their shared execution state
0x002EEAD0, sdvDestroyAlters - Clears every alternate-camera workspace and resets the shared active alteration count
0x002EEB18, sdvExecAlters - Executes each active alternate-camera record and updates the shared count of remaining alterations
0x002EEB88, sdvDrawAlters - Initializes effect graphics state, draws all active camera alterations, then restores the previous GS environment
0x002EEC50, smInitMemInfo - Initializes allocator metadata lists and counters for the configured memory-cell arena
0x002EEC80, smInitilize - Divides a supplied arena into sixteen-byte cells, initializes its head descriptor, and resets allocator metadata
0x002EECC8, smAlloc - Finds and splits a sufficiently large free cell range, marks it allocated, and returns its aligned data address
0x002EEDF0, smFree - Clears sm ownership, activity, and dependent runtime fields
0x002EEE80, smPrintInfo - Builds sm info drawing commands from calculated geometry and current render fields
0x002EEEC0, MOutputDebugString - Formats and prints a variadic debug message when normal diagnostic output is enabled
0x002EEF50, MOutputDebugStringWarn - Formats and prints a variadic warning message when warning diagnostic output is enabled
0x002EEFE0, MMathMakeRandom - Generates a random integer and scales it by the global unit-range floating-point factor
0x002EF010, MMathMakeRandom2PI - Generates a random integer and scales it across the global two-pi angular range
0x002EF040, MMathCalcRotNear - Returns the wrapped signed angular difference choosing the shorter direction around the rotation period
0x002EF0D0, MMathCalcRotFar - Returns the wrapped signed angular difference choosing the longer direction around the rotation period
0x002EF160, MMathCalcHermite - Evaluates a four-component cubic Hermite interpolation at parameter t from two endpoint vectors and two tangent vectors, writing the result vector
0x002EF1D0, MMathCalcHermitePrm - Subtracts each endpoint pair, scales both differences by one half, and writes the two tangent vectors used by Hermite interpolation
0x002EF210, MMathDeg2RadVector - Converts all four floating-point vector components from degrees to the engine's angular units
0x002EF238, MMathDeg2RadVectorI - Converts all four integer vector components from degrees to floating-point engine angular units
0x002EF260, MMathRad2DegVector - Converts all four floating-point engine-angle vector components into degrees
0x002EF288, MMathRad2DegVectorI - Converts four floating-point engine-angle components into truncated integer degrees
0x002EF2B0, MMathNormalizeVector2 - Divides a four-component vector by its length, producing a normalized output vector
0x002EF2E0, MMathCalcLength - Returns the square root of the sum of squared XYZ vector components using VU scalar accumulation
0x002EF310, MMathCalcLengthXY - Returns sqrt(x*x + y*y) for the supplied vector
0x002EF338, MMathCalcLengthXZ - Returns sqrt(x*x + z*z) for the supplied vector
0x002EF360, MMathCalcLengthYZ - Returns sqrt(y*y + z*z) for the supplied vector
0x002EF388, MMathCalcDist - Subtracts two vectors and returns their XYZ Euclidean distance
0x002EF3C0, MMathCalcDistXZ - Subtracts two vectors and returns their XZ-plane Euclidean distance
0x002EF3F0, MMathCalcDirVector - Subtracts the source position from the destination position and normalizes the resulting direction vector
0x002EF420, MMathCalcDir - Computes horizontal direction between two positions from their X and Z differences using srsAtan2
0x002EF450, MMathCalcAngle - Computes pitch and yaw from source to destination, substituting a zero vector for null inputs
0x002EF4D8, MMathCalcAngleCam - Computes camera pitch and yaw between positions while deriving elevation from their reverse difference length
0x002EF560, MMathAddRotateVectorY - Rotates an offset around the Y axis using VU sine and cosine results, then adds its origin
0x002EF5B0, MMathCalcOffset - Uses VU sine and cosine microprograms to rotate the supplied offset by its angular vector, then adds it to the base position
0x002EF608, MMathCalcOffsetXYZ - Computes an XYZ-oriented displacement from the supplied angle and offset vectors with VU sine and cosine calls, then adds the base vector
0x002EF648, MMathSubVectorMulS - Computes `*param_2 = auVar1`; using `auVar3 = _qmtc2(param_1)` and `auVar1 = _lqc2(*param_3)` and `auVar2 = _lqc2(*param_4)`
0x002EF670, MMathSubVectorDivS - Computes `*param_2 = auVar1`; using `auVar2 = _qmtc2(param_1)` and `auVar1 = _lqc2(*param_3)` and `_vdiv(in_vf0,0,auVar2,0)`
0x002EF6A0, MMathDivVector - Computes `*param_1 = auVar1`; using `auVar1 = _lqc2(*param_2)` and `auVar2 = _lqc2(*param_3)` and `_vdiv(auVar1,0,auVar2,0)`
0x002EF6E0, MMathDivVectorS - Computes `*param_2 = auVar1`; using `auVar2 = _qmtc2(param_1)` and `auVar1 = _lqc2(*param_3)` and `_vdiv(in_vf0,0,auVar2,0)`
0x002EF708, MMathDivVector4 - Computes `*param_1 = auVar1`; using `auVar1 = _lqc2(*param_2)` and `auVar2 = _lqc2(*param_3)` and `_vdiv(auVar1,0,auVar2,0)`
0x002EF758, MMathDivVectorS4 - Computes `*param_2 = auVar1`; using `auVar2 = _qmtc2(param_1)` and `auVar1 = _lqc2(*param_3)` and `_vdiv(in_vf0,0,auVar2,0)`
0x002EF780, MMathIsVectorEqual - Returns true when the first three vector components match exactly
0x002EF7A8, MMathIsVectorEqual4 - Returns true when all four vector components match exactly
0x002EF7D0, MMathVectorDotProduct - Returns the sum of the componentwise products of two XYZ vectors
0x002EF7F8, MMathVectorCrossProduct - Computes the three-dimensional cross product of two vectors and writes the resulting vector
0x002EF820, MMathVectorInterpolation - Linearly interpolates all four vector components between two inputs using the supplied factor
0x002EF850, MMathSpecialVectorSub - Subtracts vectors while wrapping angular components to their shortest signed differences
0x002EF8A0, MMathRotateMatrixX - Rotates the source matrix's Y and Z rows about X using VU sine and cosine; a null source selects McMathUnitMatrix
0x002EF908, MMathRotateMatrixY - Rotates the source matrix's X and Z rows about Y using VU sine and cosine; a null source selects McMathUnitMatrix
0x002EF970, MMathRotateMatrixZ - Rotates the source matrix's X and Y rows about Z using VU sine and cosine; a null source selects McMathUnitMatrix
0x002EF9D8, MMathRotateMatrixXY - Applies the X rotation followed by Y to the source matrix while preserving its translation row; null selects McMathUnitMatrix
0x002EFA68, MMathRotateMatrixYX - Applies the Y rotation followed by X to the source matrix while preserving its translation row; null selects McMathUnitMatrix
0x002EFAF8, MMathRotateMatrixXYZ - Applies X, Y, and Z rotations in that order to the source matrix and copies the original translation row
0x002EFBB0, MMathRotateMatrixYXZ - Applies Y, X, and Z rotations in that order to the source matrix and copies the original translation row
0x002EFC68, MMathApplyMatrix - Multiplies a vector by a four-by-four matrix using vector-unit fused operations
0x002EFCA0, MMathMulMatrix - Multiplies two four-by-four matrices with vector-unit fused operations and writes all four result rows
0x002EFD20, MMathScaleMatrix - Multiplies each of the source matrix's four rows componentwise by the supplied scale vector and writes all four rows
0x002EFD60, MMathScaleMatrixS - Multiplies each of the source matrix's four rows by the supplied scalar and writes all four rows
0x002EFDA8, MMathTranslateMatrix - Copies a matrix while transforming its translation row by the supplied vector using vector-unit operations
0x002EFDE8, MMathCalcMatrixVector - Builds an identity matrix oriented toward a vector using yaw followed by pitch rotation
0x002EFEC8, MMathCalcVectorMatrix - Loads the matrix row at offset 0x20, negates all four components, and writes that vector to the output
0x002EFEE0, MMathCalcAngleMatrix - Extracts a direction vector from a matrix and returns its pitch and yaw angles
0x002EFF38, MMathRotTransPers - Transforms a vector by the current matrix and applies perspective projection to produce screen coordinates
0x002EFF98, MMathRotTransPersClip - Transforms and perspective-projects a vector while returning its screen clipping status
0x002F0018, MEfObjInit - Clears the 0x18C00-byte global object pool, sets mefObjSysFlags to one, and returns the pool base
0x002F0050, MEfObjEnabled - Sets mefObjSysFlags bit one for nonzero input or clears only that bit for zero input
0x002F0078, MEfObjExec1st - Updates first-pass effect objects by composing their transforms with the selected studio camera orientation
0x002F0130, MEfObjExec2nd - Reads 2nd control fields, branches on their values, and writes the selected state updates
0x002F01B8, MEfObjCreate - Finds a free effect-object slot, initializes its callback and state, and warns when the pool is exhausted
0x002F0250, MEfObjDestroy - Validates an effect-object pointer and clears its active state, warning when the supplied object is invalid
0x002F02C0, JNI_initSystem - Initializes the Java heap, class database, base classes, native registry, and main execution thread
0x002F0300, JNI_loadNativeClass - Loads a named static class, registers its native method table, and returns the resulting class object
0x002F0470, JNI_pushFrame - Pushes the current free-block and Java-thread pointers onto the heap frame stack
0x002F0488, JNI_popFrame - Restores the previous heap frame, prunes invalid class and string entries, then clears current thread allocation state
0x002F04A8, JNI_isInstanceOf - Returns `uVar1` according to `param_1 != 0`; sets `uVar1 = 0` and `uVar1 = instanceOf(*(undefined4 *)*(undefined4 *)param_1)`
0x002F04D0, JNI_loadClassDB - Allocates a free class-database slot for negative indices, stores below 256, or returns an indexed database pointer
0x002F0568, JNI_callMethod - Clears completed state, services pending waits, and enters the virtual machine only when thread flags permit execution
0x002F0628, JNI_catchException - Calls the registered thread-reset callback once when present, then clears its global function pointer
0x002F0650, JNI_createThread - Allocates a Java thread, operand stack, frame stack, and exception storage, then initializes execution state
0x002F0710, JNI_threadException - Provides an intentional no-op entry point for jni thread exception call sites
0x002F0718, JNI_initThread - Zeros thread flags at 0x24 and halfword execution fields at 0x38, 0x3C, and 0x3E
0x002F0730, skipConstantPool - Walks constant-pool entries forward to the requested bound, consuming tag-specific payload widths and double-slot constants
0x002F0848, checkClass - Returns `(void *)0x0` and `__s1` according to `lVar2 == -0x35014542` and `lVar2 != 0` and `lVar2 == 7` and `lVar2 == 1`
0x002F0A58, getStrIndex - Scans forward through a null-terminated string, returning the byte after the first delimiter or null when absent
0x002F0A90, JNI_searchClasses - Searches every bounded PDB class entry forward, then advances through colon-delimited names and returns the first match or null
0x002F0B90, JNI_loadClassLibrary - Parses a PDB class library, initializes each entry's data buffer, and loads contained class definitions
0x002F0C48, JNI_getRegister - Returns `*(undefined4 *)(VMRegister + (param_1 & 0x1f) * 4)`
0x002F0C68, initClassDB - Clears all eight global class-database pointer slots and returns no value
0x002F0CA0, findClass - Appends .class to the constant-pool name, scans eight databases forward, loads the first matching class, or returns null
0x002F0D90, readClass - Parses a Java class header and delegates constant-pool, interface, field, method, and attribute loading
0x002F0E88, addCode - Parses a method code attribute, records stack and local limits, skips bytecode, and reads nested attributes
0x002F0F50, addField - Allocates an instance or static field descriptor, resolves its name and type, then returns the descriptor
0x002F1038, addMethod - Allocates a method descriptor, resolves name and signature constants, marks constructors, and parses parameters and return type
0x002F10E8, readFields - Reads the field count, allocates field descriptors, and parses each class field entry
0x002F11C0, readMethods - Reads the method count, allocates method descriptors, and parses each class method entry
0x002F1280, readInterfaces - Reads interface indices, allocates the class interface table, and resolves each referenced interface class
0x002F1318, readAttributes - Reads class attribute headers and dispatches recognized code, constant, exception, and source attributes
0x002F1460, readConstantPool - Allocates and parses every Java constant-pool entry according to its tag and encoded payload
0x002F1698, setFieldValue - Stores the supplied field value value in the object field at offset 0x10
0x002F16B0, setupClass - For a resolved class constant, installs class, object, flags, and metadata fields while clearing initialization state
0x002F1708, StringUtf_getHash - Returns `iVar2`; with `pbVar1 = param_1 + param_2` and `iVar2 = 0`
0x002F1748, StringUtf_create - Allocates requested UTF payload length plus thirteen bytes from heap category 0x14 and returns that allocation
0x002F1768, findConstString - Hashes the bytes, then scans one bucket chain forward for equal length and contents, returning null if absent
0x002F17F8, reloadConstString - Scans all 512 hash buckets, discarding chain prefixes allocated at or beyond the restored heap boundary
0x002F1860, loadConstString - Allocates a Java string object for supplied bytes, copying either explicit or measured length
0x002F19A0, loadConstString2 - Allocates a second constant-string representation from supplied bytes using explicit or measured length
0x002F1B00, xmemchk - Provides an intentional no-op entry point for xmemchk call sites
0x002F1B08, xheap_init - Clears heap metadata and initializes one free block spanning the supplied aligned memory arena
0x002F1B58, xheap_current_clear - Clears xheap current fields and restores their defined idle-state values
0x002F1BA0, xheap_push - Decrements the frame stack by eight bytes, saves freeBlock and jthreadCurrent, and returns the saved free block
0x002F1BC8, xheap_pop - Restores saved heap and thread pointers, prunes later strings and classes, advances the frame stack, and returns freeBlock
0x002F1C18, xheap_info - Clears 32 category totals, walks heap blocks forward, accumulates aligned allocation sizes, and returns their total bytes
0x002F1CA0, infoMemory - Clears 32 stack totals and walks heap blocks forward, accumulating each tagged allocation size by category
0x002F1D20, xmalloc - Rounds nonzero size upward to four bytes, writes allocation metadata, advances freeBlock, and returns payload or null
0x002F1D88, xfree - Rewinds freeBlock directly to the allocation header twelve bytes before the supplied payload
0x002F1D98, initVM - Initializes virtual-machine heap, interned names, class state, native bindings, and the main thread
0x002F1F08, virtualMachine - Interprets Java bytecode for the active thread, dispatching native methods and propagating exceptions across frames
0x002F4348, initBaseClasses - Initializes primitive type descriptors and loads the core Java Object, Class, String, and array classes
0x002F4390, initPrimitiveTypes - Creates descriptors for all primitive Java types and associates each with its wrapper class
0x002F44B0, initWrapperClass - Creates a primitive wrapper class, assigns its name and type code, and links its superclass
0x002F4528, findNativeMethod - Scans the native method table forward until a null terminator, returning the function for an exact name match
0x002F4590, resolveNativeMethod - Builds Class_method_signature text from constant-pool strings, resolves its native entry, and caches the function pointer
0x002F47D0, Const2JavaString - Reuses an existing constant String object or allocates and links one to the constant byte array
0x002F4828, newObject - Allocates class instance size from heap category four, stores its class pointer, and returns the new object
0x002F4860, newClass - Allocates a fixed 0x44-byte class descriptor from heap category ten and returns its address
0x002F4898, newArray - Resolves the array class, allocates header plus element storage, records length and class, then returns the array
0x002F4930, processClass - Resolves class inheritance and interfaces, allocates fields, builds method dispatch tables, and marks initialization complete
0x002F4BA8, findSuperMethod - Returns `piVar2` and `(int *)0x0`; after testing `iVar4 != 0` and `-1 < iVar3` and `(*piVar2 == *param_1) && (piVar2[1] == param_1[1])`
0x002F4C20, buildDispatchMethodTable - Builds a class virtual-method table by inheriting super methods and replacing or appending declared methods
0x002F4D90, resolveStaticField - Resolves field constants, initializes referenced classes when needed, and caches the static storage address in the constant pool
0x002F4F48, resolveInstanceField - Resolves an instance field constant and caches its byte offset and width for subsequent bytecode access
0x002F4FC8, resolveConstants - Walks the class constant pool forward, converting unresolved string entries into cached Java String objects
0x002F5068, loadArray - Resolves an array signature's component type and returns or creates the corresponding array class
0x002F50A8, loadClass - Returns an already loaded class or finds and parses its class-library entry on demand
0x002F5120, loadStaticClass - Interns a class name and returns an existing class or loads its static definition
0x002F51B0, reloadClassEntry - Walks the class cache and removes entries whose descriptors lie at or above the restored heap boundary
0x002F5218, lookupClassEntry - Searches the class hash chain by UTF name, allocating and linking a new cache entry when absent
0x002F5318, lookupArray - Builds an array signature, reuses its cached class, or creates and initializes a new array class descriptor
0x002F5430, classFromSig - Parses primitive, object, and array signatures, returning the resolved class and optionally advancing the signature cursor
0x002F5580, getClassFromSignature - Resolves one type signature from its first byte and returns the corresponding primitive, object, or array class
0x002F55A0, allocStaticField - Allocates zeroed storage for all static class fields according to their computed sizes and offsets
0x002F5658, methodDescripter - Parses parameter signatures until closing parenthesis, stores stack widths, and returns the descriptor after its return type
0x002F56B8, sizeofDescripter - Sums argument slot widths between parentheses, then returns the return-type width and optionally the argument total
0x002F5700, instanceOf - Returns true for identical classes, recursively checks interfaces, then follows superclasses until matched or exhausted
0x002F5878, sizeofDescripterType - Advances across one field signature and returns its slot width, treating long and double as two slots
0x002F5998, getMethodSignatureClass - Resolves a method-reference class, searches its hierarchy upward for matching name and descriptor, and returns method or null
0x002F5A58, getField - Validates a field constant, resolves its class and field, writes both outputs, and returns one on success
0x002F5B10, getClass - Returns an already resolved class constant or loads its array or object class and caches the resolution
0x002F5BE0, lookupClassField - Returns `(int *)0x0` and `piVar2`; after testing `param_3 == '\0'` and `(int)uVar1 < 0`
0x002F5C60, findMethodLocal - Returns `(int *)0x0` and `piVar1`; after testing `(int)uVar2 < 0`
0x002F5CA8, findMethod - Searches each class upward through the superclass chain for a local method match, returning null after exhaustion
0x002F5D10, PDB_getEntry - Validates a PDB header, returns its entry array and count, and relocates internal offsets exactly once
0x002F5DA8, PDB_findFile - Scans backward for the final slash, then searches bounded PDB directories and files forward, returning matched entry or null
0x002F5F30, getStrIndex - Scans backward from length minus one to index zero, returning the last matching byte or null
0x002F5F70, DataBuffer_init - Stores buffer start, cursor, end, length, and the selected big- or little-endian integer reader callback
0x002F5FA8, DataBuffer_getPos - Computes and returns the buffer cursor's byte offset relative to its base address
0x002F5FB8, DataBuffer_setPos - Sets the current buffer cursor to the base address plus the supplied byte offset
0x002F5FC8, DataBuffer_seek - Advances the DataBuffer cursor at offset four by the supplied signed byte displacement
0x002F5FD8, DataBuffer_getBytes - Returns `uVar2`; after testing `puVar4 <= *(undefined1 **)(param_1 + 8)` and `puVar3 < puVar4`; with `*param_2 = uVar1` and `*(undefined1 **)(param_1 + 4) = puVar4`
0x002F6030, DataBuffer_getUByteAt - Returns `uVar1`; with `*(undefined1 **)(param_1 + 4) = *(undefined1 **)(param_1 + 4) + 1`
0x002F6048, DataBuffer_getUShortAt - Returns `uVar1`; with `uVar1 = (**(code **)(param_1 + 0x10))(param_1,2)`
0x002F6070, DataBuffer_getUIntAt - Calls the DataBuffer callback stored at object offset 0x10 with a four-byte read width and forwards its v0 result to the caller
0x002F6090, DataBuffer_LittleEndian_getUIntegerAt - Returns `uVar3`; with `*(int *)(param_1 + 4) = iVar1 + param_2`
0x002F60E0, DataBuffer_BigEndian_getUIntegerAt - Returns `uVar4`; after testing `1 < param_2`; with `*(byte **)(param_1 + 4) = pbVar1 + param_2`
0x002F6130, Java_xeno_vm_System_arraycopy__Ljava_lang_Object_ILjava_lang_Object_II - Resolves primitive element width, scales source and destination indices and count, then returns memcpy's destination pointer
0x002F61D0, Java_xeno_vm_System_sleep - Marks the script thread sleeping, clamps its delay nonnegative, and initializes its wake timer
0x002F6210, getStrIndex - Scans forward at most the supplied length, returning the matching byte, or null at terminator or bound
0x002F6258, Java_xeno_vm_System_println__Ljava_lang_String_ - Scans forward for slash-bracket substitutions, expands register references into temporary text, and returns without a value
0x002F63B0, System_waitFor - Polls system for completion while invoking JNI_isInstanceOf and JTHREAD_get and returns the observed status
0x002F6500, Java_xeno_vm_System_waitFor__Ljava_lang_Object_ - Waits on the supplied Java object with both optional selectors fixed to zero
0x002F6520, Java_xeno_vm_System_methodSignal - Sets or clears a script method signal according to the Java arguments and current method state
0x002F6550, Java_xeno_vm_Thread_create__ - Creates a thread with stack parameters four, four, and 0x40, then writes its pointer to Java output
0x002F6588, Java_xeno_vm_Thread_setTarget__Ljava_lang_Object_Ljava_lang_String_ - Resolves a named void method on the target object and installs it with the default thread dispatcher
0x002F6600, Java_xeno_vm_Thread_start__ - Clears the supplied native thread execution state, sets its start-pending bit 0x10, and returns void
0x002F6638, Java_xeno_vm_Thread_stop__ - Clears vm thread ownership, activity, and dependent runtime fields
0x002F6650, Java_xeno_vm_Math_random__ - Calls xglLRand without arguments and writes its 32-bit result through the Java return pointer
0x002F6678, Java_xeno_vm_Math_atan2 - Computes atan2 from the two float arguments and writes the resulting angle through the Java return pointer
0x002F66A8, Java_xeno_vm_Math_cos - Passes the float argument to xglSin and writes that result through the Java return pointer
0x002F66D8, Java_xeno_vm_Math_sin - Passes the float argument to xglCos and writes that result through the Java return pointer
0x002F6708, Java_xeno_util_Spline_create__ - Allocates a 0x494-byte spline object, installs its class vtable, and writes the new object pointer
0x002F6750, Java_xeno_util_Spline_setCtrlVertex__aFIII - Stores spline mode halfwords and initializes three-component controls from the Java float array data and length
0x002F6798, Java_xeno_util_Spline_getValue - Samples spline XYZ at the integer frame, writes a shared Vector4f with W one, and returns it
0x002F6810, Java_xeno_util_Format_floatToIntBits - Copies the input float's unchanged 32-bit representation through the integer Java return slot
0x002F6820, Java_xeno_util_Format_intBitsToFloat - Reinterprets the supplied 32-bit integer bits as float and writes them through the Java return slot
0x002F6830, Java_xeno_util_Format_toInt__Ljava_lang_String_ - Provides an intentional no-op entry point for util format to int ljava lang string call sites
0x002F6838, Java_xeno_util_Format_toString - Allocates a String and 255-byte backing array, formats the character, records length, and returns the object
0x002F68B0, Java_xeno_util_Format_toString - Lazily allocates the shared temporary String, formats the float, updates byte-array length, and returns that object
0x002F6950, Java_xeno_util_Format_toString - Lazily allocates the shared temporary String, writes decimal integer text, updates length, and returns that object
0x002F69D0, Java_xeno_util_Format_toString__Z - Lazily allocates the shared temporary String, formats the Boolean byte numerically, updates length, and returns it
0x002F6A58, Java_xeno_util_Input_create - Allocates a Java Input object, initializes its native control fields, and returns the new instance
0x002F6AD0, Java_xeno_util_Input_getButton__ - Resolves the object's pad index field and returns that controller's current 16-bit button mask
0x002F6B50, Java_xeno_util_Input_getEdge__ - Resolves the object's pad index field and returns that controller's 16-bit newly pressed button mask
0x002F6BD0, Java_xeno_util_Input_getRepeat__ - Resolves the object's pad index field and returns that controller's 16-bit repeat button mask
0x002F6C50, LAYOUT_mapID_setUnit - Loads a layout header into native unit position and rotation fields, then mirrors converted values into Java fields
0x002F6DD8, LAYOUT_mapID_setChr - Loads a layout header into native character position and rotation fields, then mirrors converted values into Java fields
0x002F6F70, LAYOUT_mapID_setEffect - Loads a layout header into native effect position and rotation when present, then mirrors values into Java fields
0x002F70E8, Java_xeno_util_Layout_set__Ljava_lang_Object_I - Detects whether the target is a character, unit, or effect and applies the selected layout record
0x002F71E0, Java_xeno_util_Layout_getManager - Copies through the output pointer via `DAT_004dc6b4 = *param_2` and `*param_3 = &defaultLayout`; with `DAT_004dc6b4 = *param_2` and `*param_3 = &defaultLayout`
0x002F7200, Java_xeno_util_Runtime_execBattle - Loads battle fonts, saves game data, selects map and monster set from two integers, initializes battle actors, applies screen fade values, and restores game data
0x002F72E8, Java_xeno_util_Runtime_getFlags - Reads the indexed flag group and bit through xglFlagsGet, then writes its result to Java output
0x002F7320, Java_xeno_util_Runtime_setFlags - Writes the supplied flag group, index, and value through xglFlagsSet and returns no value
0x002F7340, Java_xeno_util_Runtime_setLocation - Requests map-only loading and marks pending location state when allowed, otherwise performs an immediate map change
0x002F73B0, Java_xeno_util_Runtime_getLocation__ - Reads the current map number through MapGetNo and writes it through the Java return pointer
0x002F73D8, Java_xeno_util_Runtime_setRegister - Masks the register index to five bits and writes the supplied value into that VMRegister slot
0x002F7400, Java_xeno_util_Runtime_getRegister - Masks the Java register index to five bits and returns the selected global virtual-machine register
0x002F7420, Java_xeno_util_Runtime_getEntrance__ - Copies through the output pointer via `*param_3 = (int)DAT_003386d2`; with `*param_3 = (int)DAT_003386d2`
0x002F7430, Java_xeno_util_Runtime_setPlayerControl__Z - Reads set player control fields, branches on their values, and writes the selected state updates
0x002F7480, Java_xeno_util_Runtime_setPlayerMoveParam - Forwards exactly three supplied float words as player movement parameters and returns no value
0x002F74A0, Java_xeno_util_Runtime_disable - Clears the shared runtime-enable bit without modifying unrelated state flags
0x002F74C0, Java_xeno_util_Runtime_enable - Sets the shared runtime-enable bit without modifying unrelated state flags
0x002F74E0, Java_xeno_util_Runtime_getGameState__ - Copies through the output pointer via `*param_3 = DAT_00338690`; with `*param_3 = DAT_00338690`
0x002F74F0, Java_xeno_util_Runtime_CaptureEnd__ - Ends the active capture unconditionally through tyaCaptureEnd and returns no Java value
0x002F7508, Java_xeno_util_Runtime_CaptureStart__Ljava_lang_String_I - Extracts the Java String byte pointer and starts capture with it and the supplied integer
0x002F7530, Java_xeno_util_Runtime_jump_sub - Ends capture and streaming audio, records jump parameters, and initiates the requested map transition
0x002F7660, scriptReset_jump - Clears script-reset state and executes the deferred jump using saved destination and argument globals
0x002F7688, scriptReset_evsExit - Executes the saved jump, restores player position, sets movement refresh bit 0x1000, and clears reset state
0x002F76F0, Java_xeno_util_Runtime_jumpCF - Saves map and entrance arguments, registers deferred reset, ignores talk, marks thread blocked, and snapshots its frame
0x002F7748, Java_xeno_util_Runtime_jumpEvent - Adds 0x10000000 to the event identifier, saves entrance, then blocks the thread for deferred jumping
0x002F77A8, Java_xeno_util_Runtime_setDefocusQuick - Passes all four integer arguments to GameDefocusQuickSet in original order and returns void
0x002F77D0, Java_xeno_util_Runtime_setDefocus - Configures defocus mode and strength using either no array or the supplied array's native payload
0x002F7818, Java_xeno_util_Runtime_setDefocusParam - Stores a defocus parameter in the indexed seventeen-entry row selected by the first two Java integers
0x002F7848, Java_xeno_util_Runtime_setEventTimer__Ljava_lang_String_I - Extracts the Java String bytes and registers an event timer task with the supplied delay
0x002F7870, Java_xeno_util_Runtime_setMap - Passes map and resource identifiers to MapChangeResource in original order and returns no value
0x002F7890, Java_xeno_util_Runtime_setShootFlag__Z - Sets shared shoot-control bit zero for true input or clears only that bit for false
0x002F78D0, Java_xeno_util_Runtime_setShootHeightCheck__Z - Sets shared shoot-control bit one for true input or clears only that bit for false
0x002F7910, Java_xeno_util_Runtime_setShootIDCheck__Z - Sets shared shoot-control bit two for true input or clears only that bit for false
0x002F7950, Java_xeno_util_Runtime_setShootUwaCheck__Z - Sets shared shoot-control bit three for true input or clears only that bit for false
0x002F7990, Java_xeno_util_Runtime_setShootRange - Copies the supplied Java floating-point bit pattern into the global shooting-range value
0x002F79A0, Java_xeno_util_Runtime_addItem - Adds the requested item quantity and writes dataBoxInc's byte status through the Java return pointer
0x002F79D8, Java_xeno_util_Runtime_addItemWin - Creates an item-acquisition window for item and quantity, returning the task creation byte status
0x002F7A10, Java_xeno_util_Runtime_removeItem - Removes the requested item quantity and writes dataBoxDec's byte status through the Java return pointer
0x002F7A48, Java_xeno_util_Runtime_checkItem - Queries the requested item quantity and writes dataBoxChk's integer result through the Java return pointer
0x002F7A80, Java_xeno_util_Runtime_getItemName - Gets item text, wraps its existing bytes in a new Java String, records length, and returns it
0x002F7B00, Java_xeno_util_Runtime_addGold - Adds the supplied gold amount and writes the operation's byte status through the Java return pointer
0x002F7B30, Java_xeno_util_Runtime_removeGold - Removes the supplied gold amount and writes the operation's byte status through the Java return pointer
0x002F7B60, Java_xeno_util_Runtime_checkGold__ - Reads the current gold total and writes it through the Java integer return pointer
0x002F7B88, Java_xeno_util_Runtime_progressEffect - Advances the effect identified by the first Java argument and returns no value
0x002F7BA0, Java_xeno_util_Runtime_enterShop - Saves camera and lighting state, runs the requested shop menu, then restores gameplay presentation state
0x002F7BD0, Java_xeno_util_Runtime_getLeader__ - Copies through the output pointer via `*param_3 = (uint)DAT_004a1854`; with `*param_3 = (uint)DAT_004a1854`
0x002F7BE0, getPartyDataOfs - Selects party-data base offset 0x30, 0x3C, or 0x140 from bits 16-23, then adds low offset
0x002F7C50, Java_xeno_util_Runtime_getPartyData - Resolves encoded party offset, reads byte, signed halfword, or word by top-byte type, and returns it
0x002F7CD0, Java_xeno_util_Runtime_setPartyData - Writes party data at width encoded by the selector and reloads player resources for the active-character field
0x002F7DC8, cid2bic - Scans the zero-terminated character-ID table forward, returning the matching battle index or zero when absent
0x002F7E18, Java_xeno_util_Runtime_setFriend - Computes `uVar1 = cid2bic(*param_2)`; invokes `uVar1 = cid2bic(*param_2)` and `PartyFriendOn(uVar1)`
0x002F7E40, Java_xeno_util_Runtime_resetFriend - Converts the supplied character identifier and clears that character's party-friend flag
0x002F7E68, Java_xeno_util_Runtime_checkFriend - Converts the character identifier to battle index and returns whether that character is a party friend
0x002F7EA0, Java_xeno_util_Runtime_setLockParty - Computes `uVar1 = cid2bic(*param_2)`; invokes `uVar1 = cid2bic(*param_2)` and `PartyLockPartyOn(uVar1)`
0x002F7EC8, Java_xeno_util_Runtime_resetLockParty - Clears util runtime lock party state for reuse and invokes cid2bic and PartyLockPartyOff to synchronize dependent resources
0x002F7EF0, Java_xeno_util_Runtime_checkLockParty - Converts the character identifier to battle index and returns whether that party member is locked
0x002F7F28, Java_xeno_util_Runtime_setOutFriend - Computes `uVar1 = cid2bic(*param_2)`; invokes `uVar1 = cid2bic(*param_2)` and `PartyOutFriendOn(uVar1)`
0x002F7F50, Java_xeno_util_Runtime_resetOutFriend - Converts the supplied character identifier and clears that character's out-of-party friend flag
0x002F7F78, Java_xeno_util_Runtime_checkOutFriend - Converts the character identifier to battle index and returns whether that friend is outside the party
0x002F7FB0, Java_xeno_util_Runtime_setTakeAgws - Converts the Java character ID argument to a battle index and enables that party member's AGWS participation flag
0x002F7FD8, Java_xeno_util_Runtime_resetTakeAgws - Converts the supplied character identifier and clears that character's permission to take an AGWS
0x002F8000, Java_xeno_util_Runtime_checkTakeAgws - Converts the character identifier to battle index and returns whether that member can take an AGWS
0x002F8038, Java_xeno_util_Runtime_battleChangeParty - Converts the Java character ID argument to a battle index and requests that member's party substitution
0x002F8060, Java_xeno_util_Runtime_setIdLightCol - Sets ambient color for light zero or parallel-light color for a positive indexed game light
0x002F8100, Java_xeno_util_Runtime_setIdLightDir - Sets three angular components for a positive indexed parallel light within the selected game-light group
0x002F8170, Java_xeno_util_Runtime_setIdLightVec - Sets a three-component direction vector for a positive indexed light within the selected game-light group
0x002F81E0, Java_xeno_util_Runtime_setWindParam - Dispatches wind mode zero through three to stop, shake, directional-wind, or point-wind configuration
0x002F8298, Java_xeno_util_Runtime_mpeg2__Ljava_lang_String_ - Builds the movie pathname, selects normal, fade, or reserved crossfade mode, clears reservation, and starts playback
0x002F8370, Java_xeno_util_Runtime_mpeg2AfterCrossFade - Sets the one-shot crossfade reservation and programs its duration from the first Java argument
0x002F8390, Java_xeno_util_Runtime_mailFlag - Decodes operation from the top byte, queries or updates mail flags and counts, and writes the result
0x002F8570, Java_xeno_util_Runtime_mailExec - Saves camera and lighting state, runs the mail interface with culling disabled, then restores gameplay state
0x002F85B0, Java_xeno_util_Runtime_minigameExec - Stops vibration, prepares pad input, runs the requested minigame, and restores normal input state afterward
0x002F86D0, Java_xeno_util_Runtime_setMenuLock__ - Locks scene changes for exactly 0x3E ticks through SCRIPT_sceneChangeTimeSet and returns no value
0x002F86E8, Java_xeno_util_Runtime_evsSetRetPoint__ - Saves the current event identifier and four location words as the event-system return point
0x002F8728, Java_xeno_util_Runtime_evsExit__ - Releases util runtime evs records and clears their active ownership or status fields
0x002F8768, Java_xeno_util_Runtime_etherTecSet - Extracts the requested ether technique identifier and tail-calls the overlay routine at 0x00A193C8
0x002F8780, Java_xeno_util_Runtime_charAllRecovery__ - Fully recovers all characters through CharactorAllRecovery without consuming arguments or returning a Java value
0x002F8798, Java_xeno_util_Runtime_AGWSAllRecovery__ - Fully recovers all AGWS units through AgwsAllRecovery without consuming arguments or returning a Java value
0x002F87B0, Java_xeno_util_Window_getSignal__ - Returns the window's signed 16-bit pending signal through Java output, then clears that signal field
0x002F87C8, Java_xeno_util_Window_signal - Stores a pending window signal according to current window state and signal-priority rules
0x002F87D8, Java_xeno_util_Window_clear__ - Sends the fixed clear control string to the supplied window with unlimited input length
0x002F8800, Java_xeno_util_Window_close__ - Sends the fixed close control string to the supplied window with unlimited input length
0x002F8828, Java_xeno_util_Window_waitkey - Formats the integer as a waitkey control command and sends it to the supplied window
0x002F8870, Java_xeno_util_Window_wait - Formats the integer as a timed wait control command and sends it to the supplied window
0x002F88B8, Java_xeno_util_Window_create - Creates a native toolkit window, initializes its CF data, and returns the linked Java window object
0x002F8948, Java_xeno_util_Window_setSize - Stores width and height bytes at 0x187 and 0x186, then reinitializes the supplied window
0x002F8978, Java_xeno_util_Window_setLocation - Clears window flag 0x40 and stores integer X and Y arguments as floats at 0x20 and 0x24
0x002F89A8, Java_xeno_util_Window_print__Ljava_lang_String_ - Extracts a Java string's bytes and prints them into the native window at its current cursor
0x002F89E8, Java_xeno_util_Window_print__aLjava_lang_String_I - Selects a Java string from an array and prints its bytes into the native window
0x002F8A70, Java_xeno_util_Window_setName__Ljava_lang_String_ - Provides an intentional no-op entry point for util window set name ljava lang string call sites
0x002F8A78, Java_xeno_util_Window_closeWaitKey__ - Sends the fixed close-and-wait-key control string to the supplied window with unlimited input length
0x002F8AA0, Java_xeno_util_Menu_addQuery__Ljava_lang_String_ - Extracts the Java String backing-byte pointer and adds it as a query to the supplied native menu
0x002F8AC8, Java_xeno_util_Menu_addQuery__aLjava_lang_String_I - Copies at most 32 Java String byte pointers forward into a stack array, then adds that query set
0x002F8B40, Java_xeno_util_Menu_addItem__Ljava_lang_String_ - Extracts the Java String backing-byte pointer and adds it as an item to the supplied native menu
0x002F8B68, Java_xeno_util_Menu_create__ - Creates a native menu with identifier negative one, installs the Menu class pointer, and returns the object
0x002F8BA8, Java_xeno_util_Menu_getSelected__ - Returns the selected item byte while menu state is nonnegative, otherwise returns the negative state byte
0x002F8BC8, Java_xeno_util_Menu_setLocation - Converts two Java integer coordinates to floats and stores them in the native menu position
0x002F8BE8, Java_xeno_util_Menu_setVisible__Z - Provides an intentional no-op entry point for util menu set visible z call sites
0x002F8BF0, Java_xeno_util_Menu_setCursor - When selection differs, stores the requested cursor at 0x68 and sets menu refresh flag 0x200
0x002F8C20, Java_xeno_util_Toolkit_getPeer__Ljava_lang_Object_ - Dispatches by Java object class to create character, enemy, unit, effect, or stage peers, returning null otherwise
0x002F8D28, getPeer_Unit - Creates a native unit and thread, copies Java transforms, converts degrees to radians, links both objects, and returns peer
0x002F9128, getPeer_Enepc - Creates an enemy and thread, copies position and converted rotation, attaches a Java Light, and returns the peer
0x002F93F8, getPeer_Uwamono - Creates an Uwamono unit and thread, copies position and degree-converted rotation, links Java state, and returns peer
0x002F9648, getPeer_Chr - Creates and initializes a character peer, copies transforms, configures NPC updates and light object, and returns peer
0x002F9978, getPeer_Effect - Loads and creates an effect from Java fields, links native ownership, stores null on failure, and returns peer
0x002F9B38, getPeer_Stage - Validates Stage type, creates its native peer and thread, links Java storage, and returns peer or null
0x002F9BF8, Java_xeno_util_Toolkit_call__Ljava_lang_Object_Ljava_lang_String_ - Provides an intentional no-op entry point for util toolkit call ljava lang object ljava lang string call sites
0x002F9C00, Java_xeno_util_Toolkit_loadResource__Ljava_lang_Object_I - Identifies the Java resource object's supported type and loads the indexed native toolkit resource into it
0x002F9D58, Java_xeno_util_Toolkit_loadResource__Ljava_lang_String_ - Extracts the Java String byte pointer, finds that resource, and writes the returned handle through Java output
0x002F9D90, Java_xeno_util_Toolkit_loadResource__Ljava_lang_Object_Ljava_lang_Object_I - Identifies source and destination Java resource types, resolves names, and performs the requested indexed toolkit load
0x002F9EB0, Java_xeno_util_Toolkit_loadResource__Ljava_lang_Object_II - Identifies the Java resource object's type and loads the native toolkit resource selected by two integer indices
0x002FA010, Java_xeno_util_Toolkit_peerSetGroup - Masks the group index to two bits and stores the supplied value into that global halfword slot
0x002FA030, Java_xeno_Sound_sequencePlay - Starts the sequence identified by the first Java integer using normal playback defaults
0x002FA048, Java_xeno_Sound_sequencePlay - Starts the sequence using both supplied Java integers as identifier and secondary playback parameter
0x002FA068, Java_xeno_Sound_sequenceStop - Fades out the sequence identified by the first Java integer and returns no value
0x002FA080, Java_xeno_Sound_sequenceStop - Fades out the sequence using both supplied Java integers as identifier and fade parameter
0x002FA0A0, Java_xeno_Sound_effectPlay - Plays an effect using three Java integer parameters and fixes the final sound parameter to zero
0x002FA0C8, Java_xeno_Sound_effectStop - Stops the effect identified by the first Java integer with the secondary parameter fixed to zero
0x002FA0E8, Java_xeno_Sound_streamPlay - Stops any current stream and opens the requested VAG stream using supplied volume, channel, and loop parameters
0x002FA228, Java_xeno_Movie_init - Multiplies the Java buffer-size argument by 1024 and initializes movie playback with that byte count
0x002FA248, Java_xeno_Movie_start - Formats the numeric movie identifier into four filename digits and starts playback of the shared pathname
0x002FA2E0, Java_xeno_Movie_stop__ - Stops current movie playback unconditionally and returns no Java value
0x002FA2F8, Java_xeno_Movie_update__ - Advances movie playback and synchronizes the Java Movie object's status fields with native player state
0x002FA3A8, Java_xeno_PlayControl_create__ - Gets the current play controller, installs the Window class pointer, and returns that native object
0x002FA3E8, Java_xeno_PlayControl_getSignal__ - Copies through the output pointer via `*param_3 = *(undefined4 *)(*param_2 + 4)`; with `*param_3 = *(undefined4 *)(*param_2 + 4)`
0x002FA3F8, Java_xeno_PlayControl_signal - Reads signal control fields, branches on their values, and writes the selected state updates
0x002FA408, Java_xeno_PlayControl_init - Stores Java mode and timing arguments into the native controller, then performs common play setup
0x002FA438, Java_xeno_PlayControl_init - Initializes native mode and timing fields, then stores three scaled floating-point playback parameters
0x002FA4B0, Java_xeno_PlayControl_loadCamera__Ljava_lang_Object_ - Extracts the supplied object's native camera payload and installs it on the current play controller
0x002FA4C0, Java_xeno_PlayControl_loadTimeChart__Ljava_lang_Object_ - Extracts the supplied object's native payload and installs it as the current play time chart
0x002FA4E0, Java_xeno_PlayControl_start__ - Sets the native play controller's running field to one and returns no Java value
0x002FA4F8, Java_xeno_PlayControl_stop__ - Clears play control ownership, activity, and dependent runtime fields
0x002FA510, Java_xeno_PlayControl_setObserver__IILjava_lang_Object_Ljava_lang_String_ - Resolves the named void method on the observer object and installs it for the specified controller event pair
0x002FA588, Java_xeno_PlayControl_setObserver__ILjava_lang_String_Ljava_lang_Object_Ljava_lang_String_ - Resolves chart info and a target void method, installing the observer only when the chart name exists
0x002FA648, Java_xeno_PlayControl_getParams__ - Retrieves the callback parameter object for the native controller and returns it through Java output
0x002FA678, Java_xeno_Effect_call - Resolves effect and String native fields and invokes FX_call with command, effect handle, byte pointer, and length
0x002FA730, Java_xeno_Effect_disp__Z - Resolves the native effect peer and enables or disables its display state from the Java Boolean
0x002FA7B0, Java_xeno_Effect_setScale - Resolves the native effect peer and stores the supplied X, Y, and Z scale components when valid
0x002FA830, Java_xeno_Effect_getScale__ - Copies native effect scale at 0xA0 into a shared Vector4f and returns its Java object pointer
0x002FA8C8, Java_xeno_Effect_getTranslate__ - Copies native effect translation at 0x80 through 0x88 into the Java object's X, Y, and Z fields
0x002FA9B8, Java_xeno_Effect_setTranslate__ - Copies Java X, Y, and Z fields into native effect translation offsets 0x80, 0x84, and 0x88
0x002FAAA8, Java_xeno_Effect_getRotate__ - Converts native effect rotation at 0x90 from radians to degrees and stores Java X, Y, and Z fields
0x002FABE0, Java_xeno_Effect_setRotate__ - Converts three Java degree fields to native angular units and stores them in the effect peer
0x002FAD18, Java_xeno_Effect_setCaster__Lxeno_Chr_ - Resolves effect and character peers and stores the native character pointer as the effect caster
0x002FADB0, Java_xeno_Effect_setTarget__Lxeno_Chr_ - Resolves the native Effect and Chr objects through their Java fields and copies the character's native handle into the effect target field at offset 0x6C0
0x002FAE48, Java_xeno_Effect_setCaster__Lxeno_Unit_ - Links valid effect and unit peers bidirectionally as caster effect and casting unit
0x002FAEF0, Java_xeno_Effect_setTarget__Lxeno_Unit_ - Resolves valid effect and unit peers and stores the unit pointer as the effect target
0x002FAF90, Java_xeno_Effect_setTransOffset - Resolves the native effect peer and adds supplied integer offsets to its three translation components
0x002FB028, Java_xeno_Effect_getForceLoop__ - Reads native effect flag 0x20 and writes its normalized force-loop Boolean through Java output
0x002FB098, Java_xeno_Effect_setForceLoop__Z - Resolves the native effect and sets or clears flag 0x20 according to the Java Boolean
0x002FB120, Java_xeno_Effect_getClip__ - Reads native effect flag 0x10 and writes its normalized clipping Boolean through Java output
0x002FB190, Java_xeno_Effect_setClip__Z - Resolves the native effect and sets or clears clipping flag 0x10 according to the Java Boolean
0x002FB218, Java_xeno_Effect_clearEffect__ - Clears effect effect state for reuse and invokes loadConstString and lookupClassField to synchronize dependent resources
0x002FB280, Java_xeno_Effect_setMotion__Z - Resolves the native effect and sets or clears motion flag 0x80 according to the Java Boolean
0x002FB308, Java_xeno_Effect_noAttach__Z - Sets native effect flag 0x400 for true input or clears only that no-attach bit for false
0x002FB390, Java_xeno_Camera_getRotateX__ - Resolves the camera and converts its X rotation at 0xA0 from radians to degrees for Java output
0x002FB3E0, Java_xeno_Camera_getRotateY__ - Resolves the camera and converts its Y rotation at 0xA4 from radians to degrees for Java output
0x002FB430, Java_xeno_Camera_getRotateZ__ - Resolves the camera and converts its Z rotation at 0xA8 from radians to degrees for Java output
0x002FB480, Java_xeno_Camera_getTranslateX__ - Resolves the camera and returns its X translation field at offset 0xD0 through Java output
0x002FB4B8, Java_xeno_Camera_getTranslateY__ - Resolves the camera and returns its Y translation field at offset 0xD4 through Java output
0x002FB4F0, Java_xeno_Camera_getTranslateZ__ - Resolves the camera and returns its Z translation field at offset 0xD8 through Java output
0x002FB528, Java_xeno_Camera_fovSPL__aFI - Selects FOV spline mode 0x12, initializes halfword float keys at 0xE10, and sets terminal index 0xFFFF
0x002FB598, camera_change - Activates the selected studio camera among eight slots, disables all others, and records its index
0x002FB608, Java_xeno_Camera_change__ - Extracts the Java camera identifier and activates it through camera_change without returning a value
0x002FB628, CAMERA_rotateSPL - Selects rotation spline mode 0x13, initializes three-component keys, and stores optional start and end indices
0x002FB6F8, Java_xeno_Camera_rotateSPL__aFI - Starts camera rotation spline mode zero, which uses the full key range and terminal index 0xFFFF
0x002FB728, Java_xeno_Camera_rotateSPL__aFIII - Starts camera rotation spline mode one using the supplied explicit start and end key indices
0x002FB758, Java_xeno_Camera_setActive__Z - Resolves the camera by Java identifier and writes the supplied Boolean byte to its active word
0x002FB790, Java_xeno_Camera_create - Initializes the indexed native camera record, ensures its studio camera exists, and returns the Java peer
0x002FB800, Java_xeno_Camera_transCNS__Ljava_lang_Object_FFF - Selects camera translation constraint mode 0x14, links a Chr or Unit position, and stores three offsets
0x002FB900, CAMERA_transSPL - Selects translation spline mode 0x12, initializes three-component keys, and stores optional start and end indices
0x002FB9D0, Java_xeno_Camera_transSPL__aFI - Starts camera translation spline mode zero, using the full three-component key array and terminal index 0xFFFF
0x002FBA00, Java_xeno_Camera_transSPL__aFIII - Starts camera translation spline mode one with supplied explicit start and end key indices
0x002FBA30, Java_xeno_Camera_viewCNS__Ljava_lang_Object_FFF - Selects camera view constraint mode 0x14, links a Chr or Unit position, and stores three offsets
0x002FBB30, CAMERA_viewSPL - Selects view spline mode 0x12, initializes three-component keys, and stores optional start and end indices
0x002FBC00, Java_xeno_Camera_viewSPL__aFI - Starts camera view spline mode zero, using the full three-component key array and terminal index 0xFFFF
0x002FBC30, Java_xeno_Camera_viewSPL__aFIII - Starts camera view spline mode one with supplied explicit start and end key indices
0x002FBC60, Java_xeno_Camera_rollSPL__aFI - Selects roll spline mode 0x12, initializes halfword float keys at 0x970, and sets terminal index 0xFFFF
0x002FBCD0, Java_xeno_Camera_setRotate - Resolves the studio camera, marks rotation interpolation for sixteen frames, and applies three target angles
0x002FBD20, Java_xeno_Camera_setRoll - Resolves the studio camera, marks roll interpolation for sixteen frames, and applies the target roll
0x002FBD68, Java_xeno_Camera_setTranslate - Resolves the native camera from the Java object, marks camera field 0xC with mode 0x10, and applies the three supplied translation components
0x002FBDB8, Java_xeno_Camera_setFov - Resolves the studio camera, marks FOV interpolation for sixteen frames, and applies the target field of view
0x002FBE00, Java_xeno_Camera_getFov__ - Resolves the camera and converts its FOV field at 0x94 from radians to degrees for Java output
0x002FBE50, Java_xeno_Camera_setView - Resolves the studio camera, marks view interpolation for sixteen frames, and applies three target coordinates
0x002FBEA0, Java_xeno_Camera_start__ILjava_lang_Object_ - Resolves the studio camera and supplied target object, then starts the requested camera-control sequence
0x002FBF40, Java_xeno_Camera_setCFAngle - Stores CF camera angle parameters and updates the corresponding enable flags from supplied values
0x002FC178, Java_xeno_Camera_setCFAnglePers - Stores perspective-aware CF camera angle parameters and updates their corresponding mode flags
0x002FC3D0, Java_xeno_Camera_setCFHokan - Stores CF camera interpolation parameters and updates the associated interpolation enable flags
0x002FC450, Java_xeno_Camera_setCFLock - Stores CF camera target-lock parameters and updates the associated lock enable flags
0x002FC4D8, Java_xeno_Camera_setCFOffset - Stores CF camera position offsets and updates the associated offset enable flags
0x002FC598, Java_xeno_Camera_setMode - Stores the requested camera mode byte, marks mode change pending, and activates camera zero
0x002FC5D0, Java_xeno_Camera_getMode__ - Copies through the output pointer via `*param_3 = (uint)DAT_00338740`; with `*param_3 = (uint)DAT_00338740`
0x002FC5E0, Java_xeno_Camera_setCFPedestal - Stores CF camera pedestal parameters and updates the associated pedestal enable flags
0x002FC748, Java_xeno_Camera_setCFPedestalHokan - Stores interpolated CF camera pedestal parameters and updates their associated enable flags
0x002FC7C8, Java_xeno_Camera_changeID - Passes three Java integer arguments to GameCameraChangeID to update camera selection identifiers
0x002FC7E8, Java_xeno_Camera_setFog - Stores four fog parameters and four converted color components for one camera, or all 33 when index is negative
0x002FC8D8, Java_xeno_Camera_resetFog - Clears both four-word fog vectors for one camera definition, or all 33 definitions when index is negative
0x002FC940, Java_xeno_Camera_setClipRange - Resolves the object's studio camera and stores supplied near and far clipping distances
0x002FC980, Java_xeno_Light_setColor - Sets ambient color for light zero or parallel color for another indexed light, using studio defaults when unbound
0x002FCA68, Java_xeno_Light_setDirection - Converts three supplied degree values to native angles and sets the indexed parallel light direction
0x002FCB78, Java_xeno_Light_setDirection2 - Sets a direct three-component vector for valid parallel-light indices zero through two
0x002FCC58, Java_xeno_Light_setGlobalPointLightCol - Builds a three-component color vector and applies it to the indexed global model point light
0x002FCC98, Java_xeno_Light_setGlobalPointLightPos - Builds a three-component position vector and applies it to the indexed global model point light
0x002FCCD8, Java_xeno_Light_setGlobalPointLightReset__ - Resets every global model point light through the native lighting subsystem
0x002FCCF0, Java_xeno_Chr_getPlayer__ - Resolves the Java player character field and returns its native character peer through Java output
0x002FCD48, Java_xeno_Chr_setPlayer__ - Copies the Java character's native peer into the global player-character field and synchronizes player state
0x002FCEF8, CHR_moveXZ - Validates a character and configures direct or target-following XZ movement sequence data, optionally suspending the calling script
0x002FD228, Java_xeno_Chr_move__IFFZ - Starts direct character movement with integer heading and floating distance by selecting CHR movement mode zero
0x002FD258, Java_xeno_Chr_move__FFFZ - Starts direct character movement with floating heading and distance by selecting CHR movement mode one
0x002FD288, Java_xeno_Chr_move__ILjava_lang_Object_Z - Starts character movement toward a Java object with integer distance by selecting CHR movement mode two
0x002FD2B8, Java_xeno_Chr_move__Ljava_lang_Object_FZ - Starts character movement toward a Java object with floating distance by selecting CHR movement mode three
0x002FD2E8, Java_xeno_Chr_move__Lxeno_util_Spline_IZ - Configures character spline movement from the supplied spline and key index, optionally suspending until sequence completion
0x002FD480, Java_xeno_Chr_rotate__Lxeno_util_Spline_IZ - Schedules spline rotation with flag 0xE, stores spline and frame, and optionally blocks the calling thread
0x002FD608, CHR_rotX - Validates a character and configures direct or target-relative X-axis rotation sequence data, optionally suspending the script
0x002FD940, CHR_rotY - Validates a character and configures direct or target-relative Y-axis rotation sequence data, optionally suspending the script
0x002FDCC0, CHR_rotZ - Validates a character and configures direct or target-relative Z-axis rotation sequence data, optionally suspending the script
0x002FDFF8, Java_xeno_Chr_rotX__FFZ - Starts floating-point character X rotation through CHR_rotX interpolation mode one
0x002FE028, Java_xeno_Chr_rotX - Starts integer character X rotation through CHR_rotX interpolation mode zero
0x002FE058, Java_xeno_Chr_rotX__ILjava_lang_Object_Z - Starts character X rotation toward an object using integer timing through interpolation mode two
0x002FE088, Java_xeno_Chr_rotX__Ljava_lang_Object_FZ - Starts character X rotation toward an object using floating timing through interpolation mode three
0x002FE0B8, Java_xeno_Chr_rotY__FFZ - Starts floating-point character Y rotation through CHR_rotY interpolation mode one
0x002FE0E8, Java_xeno_Chr_rotY - Starts integer character Y rotation through CHR_rotY interpolation mode zero
0x002FE118, Java_xeno_Chr_rotY__ILjava_lang_Object_Z - Starts character Y rotation toward an object using integer timing through interpolation mode two
0x002FE148, Java_xeno_Chr_rotY__Ljava_lang_Object_FZ - Starts character Y rotation toward an object using floating timing through interpolation mode three
0x002FE178, Java_xeno_Chr_rotZ__FFZ - Starts floating-point character Z rotation through CHR_rotZ interpolation mode one
0x002FE1A8, Java_xeno_Chr_rotZ - Starts integer character Z rotation through CHR_rotZ interpolation mode zero
0x002FE1D8, Java_xeno_Chr_rotZ__ILjava_lang_Object_Z - Starts character Z rotation toward an object using integer timing through interpolation mode two
0x002FE208, Java_xeno_Chr_rotZ__Ljava_lang_Object_FZ - Starts character Z rotation toward an object using floating timing through interpolation mode three
0x002FE238, Java_xeno_Chr_start__ILjava_lang_Object_ - Validates the character and command object, then initializes the requested native character sequence
0x002FE438, Java_xeno_Chr_stop__ - Validates the character, stops its active native sequence, and clears associated sequence flags and callbacks
0x002FE5F8, CHR_motion - Validates a character and configures basic or extended motion sequence parameters, optionally suspending until completion
0x002FE808, Java_xeno_Chr_mtn__IIIIIFZ - Starts extended character motion playback through CHR_motion parameter mode one
0x002FE838, Java_xeno_Chr_mtn__IIFZ - Starts basic character motion playback through CHR_motion parameter mode zero
0x002FE868, Java_xeno_Chr_signal - Validates the character and writes the supplied signal into its native sequence-control state
0x002FE8F8, Java_xeno_Chr_getSignal__ - Validates the character and returns its current native sequence signal through Java output
0x002FE978, Java_xeno_Chr_setRotate__ - Converts the character's three Java degree fields to native angular units and stores them in its peer
0x002FEAB0, Java_xeno_Chr_setTranslate__ - Copies three Java position fields into the native character, marks translation dirty, and refreshes dependent height state
0x002FEBD0, Java_xeno_Chr_getRotate__ - Converts native character rotation components to degrees and stores them in the corresponding Java fields
0x002FED08, Java_xeno_Chr_getTranslate__ - Copies native character translation components into the corresponding Java position fields
0x002FEDF0, Java_xeno_Chr_setVisible__Z - Sets visibility by clearing native character flag 0x8 for true or setting it for false
0x002FEE70, Java_xeno_Chr_setVisible - Computes `iVar1 = *param_2` and `uVar2 = loadConstString(0x4dc190,0xffffffffffffffff)`; invokes `uVar2 = loadConstString(0x4dc190,0xffffffffffffffff)` and `iVar3 = lookupClassField(classJava_xeno_Chr,uVar2,0)`
0x002FEED0, Java_xeno_Chr_setCollision__Z - Enables or disables native character collision by setting or clearing flag 0x40
0x002FEF50, Java_xeno_Chr_setHand - Computes `iVar1 = *param_2` and `uVar2 = loadConstString(0x4dc190,0xffffffffffffffff)`; invokes `uVar2 = loadConstString(0x4dc190,0xffffffffffffffff)` and `iVar3 = lookupClassField(classJava_xeno_Chr,uVar2,0)`
0x002FEFB0, copyArgs - Copies exactly count bytes forward from source to destination when count is positive; otherwise performs no writes
0x002FEFF0, Java_xeno_Chr_setArgs - Copies one through four bytes from the supplied integer into the character argument area at the requested offset
0x002FF080, Java_xeno_Chr_getArgs - For counts one through four, copies bytes forward from native offset 0xC0 plus index and returns first word
0x002FF120, Java_xeno_Chr_setArgs__ILjava_lang_Object_I - Stores a Java object's native data and metadata pointers into the character argument slot at the requested offset
0x002FF1A0, Java_xeno_Chr_getSerial__ - Resolves the native character and returns its unsigned serial byte at offset 0x80
0x002FF200, Java_xeno_Chr_getState__ - Uses the native serial byte to index the character sequence table and returns that entry's state flags
0x002FF280, Java_xeno_Chr_mtnGetRoot__ILxeno_util_Vector4f_ - Resolves the character native-field descriptor but performs no motion-root read or Java output write
0x002FF2B8, Java_xeno_Chr_setScale - Resolves the native character and stores supplied X, Y, and Z scale components directly
0x002FF328, Java_xeno_Chr_getScale__ - Copies native scale at 0x60 into a shared Vector4f and returns its Java object pointer
0x002FF3B8, Java_xeno_Chr_scale__Lxeno_util_Spline_IZ - Configures character scale spline sequence data from the supplied spline, optionally suspending until sequence completion
0x002FF538, CHR_sclX - Validates a character and configures X-axis scale interpolation from integer or floating timing parameters
0x002FF748, Java_xeno_Chr_sclX__FFZ - Starts floating-point character X scaling through CHR_sclX interpolation mode one
0x002FF778, Java_xeno_Chr_sclX - Starts integer character X scaling through CHR_sclX interpolation mode zero
0x002FF7A8, CHR_sclY - Validates a character and configures Y-axis scale interpolation from integer or floating timing parameters
0x002FF9B8, Java_xeno_Chr_sclY__FFZ - Starts floating-point character Y scaling through CHR_sclY interpolation mode one
0x002FF9E8, Java_xeno_Chr_sclY - Starts integer character Y scaling through CHR_sclY interpolation mode zero
0x002FFA18, CHR_sclZ - Validates a character and configures Z-axis scale interpolation from integer or floating timing parameters
0x002FFC28, Java_xeno_Chr_sclZ__FFZ - Starts floating-point character Z scaling through CHR_sclZ interpolation mode one
0x002FFC58, Java_xeno_Chr_sclZ - Starts integer character Z scaling through CHR_sclZ interpolation mode one
0x002FFC88, Java_xeno_Chr_rotCNS__ILjava_lang_Object_ - Provides an intentional no-op entry point for character rotation cns i ljava lang object call sites
0x002FFC90, Java_xeno_Chr_rotCNS - Configures character constraint rotation from the supplied target, axis, limits, and interpolation parameters
0x002FFCC8, Java_xeno_Chr_setRotCNSParam - Computes `uVar1 = loadConstString(0x4dc190,0xffffffffffffffff)`; invokes `uVar1 = loadConstString(0x4dc190,0xffffffffffffffff)` and `lookupClassField(classJava_xeno_Chr,uVar1,0)`
0x002FFD00, Java_xeno_Chr_relax - Enables or disables native character relaxation behavior and stores its supplied relaxation parameters
0x002FFD38, Java_xeno_Chr_getFlags__ - Resolves the native character pointer and returns its 32-bit flags word through Java output
0x002FFDA0, Java_xeno_Chr_setFlags - Resolves the native character peer and replaces its complete primary flag word with the supplied integer
0x002FFDF8, Java_xeno_Chr_setEdgeFall - Updates character edge-fall flag 0x8, although the zero case preserves only that bit
0x002FFE70, Java_xeno_Chr_setShadow - Enables character shadow flag 0x20 and stores two supplied shadow-control bytes
0x002FFEE0, Java_xeno_Chr_setShadow__aB - Finds or allocates the character's drop-shadow definition and copies sentinel-delimited three-byte records from the Java array
0x00300038, Java_xeno_Chr_setID - Resolves a data header from the supplied identifier, stores it on the character, and marks translation dirty
0x003000A8, Java_xeno_Chr_setElevatorMode - Updates character elevator-mode flag 0x20, although the zero case preserves only that bit
0x00300120, Java_xeno_Chr_setParent__Lxeno_Chr_III - Resolves child and parent character peers, then creates either an actor relation or indexed parent attachment
0x003001D0, Java_xeno_Chr_setMotionFlags - Sets or clears the supplied mask in the native character's motion flag word according to a Boolean
0x00300250, Java_xeno_Chr_setFilter - Selects no filter, default filtering, Guno filtering, or stealth filtering and returns the required parameter count
0x00300368, Java_xeno_Chr_setFilterParam__aF - Copies four filter parameters from the Java float array into the native character in reordered component order
0x003003E8, Java_xeno_Chr_setClip - Enables or disables character clipping by setting or clearing native rendering flag 0x200
0x00300468, Java_xeno_Chr_setSymmetryY - Enables or disables character Y symmetry by setting or clearing native rendering flag 0x10
0x003004E8, Java_xeno_Chr_setSortOffset - Resolves the native character and writes the supplied float bits to sort offset 0x9E0
0x00300548, Java_xeno_Chr_setPointLightCol - Stores three color components for character point-light indices zero through two and marks lighting updates pending
0x00300600, Java_xeno_Chr_setPointLightPos - Stores three position components for character point-light indices zero through two and marks lighting updates pending
0x003006E0, Java_xeno_Chr_setPointLightReset__ - Clears all character-local point-light colors, positions, enable masks, and pending lighting flags
0x00300768, Java_xeno_Chr_talkto__Ljava_lang_String_ - Resolves the supplied Java string and assigns its message identifier as the character's talk interaction
0x003007D0, Java_xeno_Chr_touchto__Ljava_lang_String_ - Resolves the supplied Java string and assigns its message identifier as the character's touch interaction
0x00300838, Java_xeno_Chr_childGetPeer - For selector 0x1000000, scans child pointers forward and returns the first type-one peer, otherwise null
0x003008F0, Java_xeno_Chr_setPeer__Ljava_lang_Object_ - Links a native actor to its Java character, installs sequence updating, and clears all sequence-slot state
0x003009B8, Java_xeno_Chr_dispRadar__Z - Enables or disables the native character's radar display flag from the supplied Java Boolean
0x00300A38, Java_xeno_Chr_look_camera__ - Configures the native character's head and eye tracking target to follow the active camera
0x00300A90, Java_xeno_Chr_look_char__Ljava_lang_Object_ - Resolves another character peer and configures head and eye tracking toward that character
0x00300B00, Java_xeno_Chr_look_unit__Ljava_lang_Object_ - Resolves a unit peer and configures character head and eye tracking toward that unit
0x00300BA0, Java_xeno_Chr_look_default__ - Restores the native character's head and eye tracking target to its default pose
0x00300C40, Java_xeno_Chr_look_point - Configures character head and eye tracking toward the supplied world-space point
0x00300CB8, Java_xeno_Chr_look_eye_set - Converts two supplied eye angles from degrees to native units and schedules fourteen frames of eye movement
0x00300D58, Java_xeno_Chr_look_eye_control - Enables or disables native eye tracking control for the resolved character peer
0x00300DB8, Java_xeno_Chr_look_speed - Stores the supplied head-tracking speed on the native character peer
0x00300E18, Java_xeno_Chr_look_eye_speed - Stores the supplied eye-tracking speed on the native character peer
0x00300E78, Java_xeno_Chr_renderCommand - Sends the supplied rendering command and parameter to the resolved native character model
0x00300ED8, Java_xeno_Chr_shadow_clip_scale - Resolves the native character peer and stores the supplied floating-point shadow clipping scale
0x00300F38, Java_xeno_Chr_shadow_map_id - Assigns the supplied shadow-map identifier to the resolved native character
0x00300FC0, Java_xeno_Chr_shadow_map_reset__ - Resets the resolved native character's shadow-map identifier and associated mapping state
0x00301010, Java_xeno_Chr_hairStop - Resolves the native character and stops its active procedural hair simulation
0x00301078, Java_xeno_Chr_pixelAlpha - Sets the overall pixel-alpha value for the resolved native character model
0x003010D8, Java_xeno_Chr_pixelAlphaParts - Assigns a pixel-alpha override to selected parts of the resolved native character model
0x00301160, Java_xeno_Chr_pixelAlphaPartsReset__ - Clears all per-part pixel-alpha overrides on the resolved native character model
0x003011B0, Java_xeno_Chr_setMotNoUpdate - Enables or disables automatic motion-number updates for the resolved native character
0x00301298, Java_xeno_Chr_setWeaponR__Lxeno_Chr_ - Computes `iVar1 = *param_2` and `uVar3 = loadConstString(0x4dc190,0xffffffffffffffff)`; invokes `uVar3 = loadConstString(0x4dc190,0xffffffffffffffff)` and `iVar2 = lookupClassField(classJava_xeno_Chr,uVar3,0)`
0x00301308, Java_xeno_Chr_resetWeaponR__Lxeno_Chr_ - Resolves both character peers and resets the target character's right-weapon attachment state
0x00301370, Java_xeno_Chr_resetHand__ - Provides an intentional no-op entry point for character reset hand call sites
0x00301378, Java_xeno_Chr_resetEnv__ - Provides an intentional no-op entry point for character reset env call sites
0x00301380, Java_xeno_Chr_ignoreShape - Sets the shape-ignore selector used when rendering the resolved native character model
0x00301400, UNIT_setUpdate - Links the Java unit with its native peer and refreshes unit update callbacks and ownership state
0x00301500, Java_xeno_Unit_rotYCNS__Ljava_lang_Object_IFFF - Configures constrained unit Y rotation toward a target object using supplied limits and interpolation parameters
0x00301608, Java_xeno_Unit_transCNS__Ljava_lang_Object_IFFF - Configures constrained unit translation toward a target object using supplied axis and interpolation parameters
0x00301710, UNIT_moveXZ - Validates a unit and configures direct or character-following XZ movement sequence data, optionally suspending the calling script
0x00301A38, UNIT_rotX - Validates a unit and configures direct X-axis rotation sequence data from integer or floating timing parameters
0x00301D58, UNIT_rotY - Validates a unit and configures direct Y-axis rotation sequence data from integer or floating timing parameters
0x003020A8, UNIT_rotZ - Validates a unit and configures direct Z-axis rotation sequence data from integer or floating timing parameters
0x003023E8, Java_xeno_Unit_getRotate__ - Resolves native unit rotation, converts its three radians to degrees, and stores the Java X, Y, and Z fields
0x00302520, Java_xeno_Unit_getSignal__ - Validates the Java Unit, then returns its native signal byte or zero when the object type is invalid
0x003025A0, Java_xeno_Unit_getTranslate__ - Copies native unit translation at 0x10 through 0x18 into the Java object's X, Y, and Z fields
0x00302688, Java_xeno_Unit_invalidate__ - Provides an intentional no-op entry point for unit invalidate call sites
0x00302690, Java_xeno_Unit_move__FFFZ - Starts direct unit movement with floating heading and distance by selecting UNIT movement mode one
0x003026C0, Java_xeno_Unit_move__IFFZ - Starts direct unit movement with integer heading and floating distance by selecting UNIT movement mode zero
0x003026F0, Java_xeno_Unit_move__Lxeno_util_Spline_IZ - Configures unit spline movement from the supplied spline and key index, optionally suspending until sequence completion
0x00302878, Java_xeno_Unit_rotate__Lxeno_util_Spline_IZ - Schedules unit spline rotation with flag 0xE, stores spline and frame, and optionally blocks the calling thread
0x00302A00, Java_xeno_Unit_move__ILjava_lang_Object_Z - Provides an intentional no-op entry point for unit move i ljava lang object z call sites
0x00302A08, Java_xeno_Unit_move__Ljava_lang_Object_FZ - Provides an intentional no-op entry point for unit move ljava lang object fz call sites
0x00302A10, UNIT_motion - Validates a unit and configures basic or extended motion sequence parameters, optionally suspending until completion
0x00302BC8, Java_xeno_Unit_mtn__IIFZ - Starts basic unit motion playback through UNIT_motion parameter mode zero
0x00302BF8, Java_xeno_Unit_mtn__IIIIIFZ - Starts extended unit motion playback through UNIT_motion parameter mode one
0x00302C28, Java_xeno_Unit_rotX__FFZ - Starts floating-point unit X rotation through UNIT_rotX interpolation mode one
0x00302C58, Java_xeno_Unit_rotX - Starts integer unit X rotation through UNIT_rotX interpolation mode zero
0x00302C88, Java_xeno_Unit_rotX__ILjava_lang_Object_Z - Provides an intentional no-op entry point for unit rotation x i ljava lang object z call sites
0x00302C90, Java_xeno_Unit_rotX__Ljava_lang_Object_FZ - Provides an intentional no-op entry point for unit rotation x ljava lang object fz call sites
0x00302C98, Java_xeno_Unit_rotY__FFZ - Starts floating-point unit Y rotation through UNIT_rotY interpolation mode one
0x00302CC8, Java_xeno_Unit_rotY - Starts integer unit Y rotation through UNIT_rotY interpolation mode zero
0x00302CF8, Java_xeno_Unit_rotY__ILjava_lang_Object_Z - Provides an intentional no-op entry point for unit rotation y i ljava lang object z call sites
0x00302D00, Java_xeno_Unit_rotY__Ljava_lang_Object_FZ - Provides an intentional no-op entry point for unit rotation y ljava lang object fz call sites
0x00302D08, Java_xeno_Unit_rotZ__FFZ - Starts floating-point unit Z rotation through UNIT_rotZ interpolation mode one
0x00302D38, Java_xeno_Unit_rotZ - Starts integer unit Z rotation through UNIT_rotZ interpolation mode zero
0x00302D68, Java_xeno_Unit_rotZ__ILjava_lang_Object_Z - Provides an intentional no-op entry point for unit rotation z i ljava lang object z call sites
0x00302D70, Java_xeno_Unit_rotZ__Ljava_lang_Object_FZ - Provides an intentional no-op entry point for unit rotation z ljava lang object fz call sites
0x00302D78, Java_xeno_Unit_scale__Lxeno_util_Spline_IZ - Configures unit scale spline sequence data from the supplied spline, optionally suspending until sequence completion
0x00302EF8, UNIT_sclX - Validates a unit and configures X-axis scale interpolation from integer or floating timing parameters
0x00303108, Java_xeno_Unit_sclX__FFZ - Starts floating-point unit X scaling through UNIT_sclX interpolation mode one
0x00303138, Java_xeno_Unit_sclX - Starts integer unit X scaling through UNIT_sclX interpolation mode zero
0x00303168, UNIT_sclY - Validates a unit and configures Y-axis scale interpolation from integer or floating timing parameters
0x00303378, Java_xeno_Unit_sclY__FFZ - Starts floating-point unit Y scaling through UNIT_sclY interpolation mode one
0x003033A8, Java_xeno_Unit_sclY - Starts integer unit Y scaling through UNIT_sclY interpolation mode zero
0x003033D8, UNIT_sclZ - Validates a unit and configures Z-axis scale interpolation from integer or floating timing parameters
0x003035E8, Java_xeno_Unit_sclZ__FFZ - Starts floating-point unit Z scaling through UNIT_sclZ interpolation mode one
0x00303618, Java_xeno_Unit_sclZ - Starts integer unit Z scaling through UNIT_sclZ interpolation mode zero
0x00303648, Java_xeno_Unit_setCollision__Z - Enables or disables native unit collision by setting or clearing primary flag 0x100
0x003036C8, Java_xeno_Unit_setRotate__ - Converts the unit's three Java degree fields to native angular units and stores them in its peer
0x00303800, Java_xeno_Unit_setTranslate__ - Copies Java X, Y, and Z fields into native unit translation and marks its transform for update
0x003038E8, Java_xeno_Unit_setVisible - Computes `iVar1 = *param_2` and `uVar2 = loadConstString(0x4dc1d0,0xffffffffffffffff)`; invokes `uVar2 = loadConstString(0x4dc1d0,0xffffffffffffffff)` and `iVar3 = lookupClassField(classJava_xeno_Unit,uVar2,0)`
0x00303950, Java_xeno_Unit_setVisible__Z - Sets visibility by clearing native unit flag 0x4 for true or setting it for false
0x003039D0, Java_xeno_Unit_signal - Validates the unit and writes the supplied signal into its native sequence-control state
0x00303A60, Java_xeno_Unit_start__ILjava_lang_Object_ - Validates the unit and command object, then initializes the requested native unit sequence
0x00303C58, Java_xeno_Unit_stop__ - Stops the resolved unit's active native sequence and clears associated sequence flags and callbacks
0x00303DF0, Java_xeno_Unit_validate__ - Provides an intentional no-op entry point for unit validate call sites
0x00303DF8, Java_xeno_Unit_setParent__Ljava_lang_Object_I - Attaches a unit to a character peer, resolving accessory joints for selectors carrying flag 0x8000, then refreshes updates
0x00303EC8, copyArgs - Copies exactly count bytes forward from source to destination when count is positive; otherwise performs no writes
0x00303F08, Java_xeno_Unit_setArgs - Copies one through four bytes from the supplied integer into the unit argument area at the requested offset
0x00303F98, Java_xeno_Unit_getArgs - For counts one through four, copies bytes forward from native offset 0x1A0 plus index and returns first word
0x00304038, Java_xeno_Unit_setArgs__ILjava_lang_Object_I - Copies a positive requested byte count from the Java object's data area into the native unit arguments
0x003040C8, Java_xeno_Unit_setArgs - Resolves a Java Unit's indexed native record and writes the four integer arguments to its fields at offsets 0x1A0-0x1AC
0x00304160, Java_xeno_Unit_getScale__ - Copies native scale at 0x30 into a shared Vector4f and returns its Java object pointer
0x003041F0, Java_xeno_Unit_setScale - Resolves the native unit and stores supplied X, Y, and Z scale components directly
0x00304260, Java_xeno_Unit_getSerial__ - Resolves the native unit and returns its unsigned serial byte at offset 0xA0
0x003042C0, Java_xeno_Unit_mtnSetMask - Resolves the native unit peer and stores the low sixteen bits as its motion mask
0x00304320, Java_xeno_Unit_mtnGetRoot__ILxeno_util_Vector4f_ - Resolves the unit and writes the requested motion root translation into the supplied Vector4f
0x00304448, Java_xeno_Unit_getState__ - Uses the native serial byte to index the unit sequence table and returns that entry's state flags
0x003044C8, Java_xeno_Unit_getPivot__Lxeno_util_Vector4f_ - Uses native serial to copy the unit's global pivot XYZ into the supplied Vector4f
0x00304568, Java_xeno_Unit_setPivot - Stores three supplied pivot components in sequence workspace selected by the native unit's slot index
0x00304600, Java_xeno_Unit_getAxis__Lxeno_util_Vector4f_ - Uses native serial to copy the unit's global axis XYZ into the supplied Vector4f
0x003046A8, Java_xeno_Unit_setAxis - Stores four supplied axis components in sequence workspace selected by the native unit's slot index
0x00304748, unit_suspend - Clears bit zero in the supplied unit's state word and returns no value
0x00304758, unit_resume - Clears suspend flag bit 0x10 in the supplied unit's state word
0x00304770, Java_xeno_Unit_suspend - Applies the native unit-suspension callback at 0x00304748 to every member of the supplied unit group
0x00304790, Java_xeno_Unit_resume - Applies the native unit-resumption callback at 0x00304758 to every member of the supplied unit group
0x003047B0, Java_xeno_Unit_initElevatorFunc__ - Initializes the resolved native unit's elevator callback and related movement-control state
0x00304848, Java_xeno_Unit_map_shadow - Enables or disables map-shadow rendering for the resolved native unit
0x003048C8, Java_xeno_Unit_renderCommand - Sends the supplied rendering command and parameter to the resolved native unit model
0x00304928, Java_xeno_Unit_setFilter - Selects native unit filter mode zero, one, or two, returning four required parameters for modes two and three
0x003049D0, Java_xeno_Unit_setFilterParam__aF - Copies every element of the supplied Java float array into the native unit's filter-parameter area
0x00304A68, Java_xeno_Unit_setShadow - Resolves the native unit peer and stores two supplied shadow-control integers
0x00304AC8, Java_xeno_Unit_shadow_clip_scale - Resolves the native unit peer and stores the supplied floating-point shadow clipping scale
0x00304B20, Java_xeno_Unit_shadow_map_id - Assigns the supplied shadow-map identifier to the resolved native unit
0x00304BA0, Java_xeno_Unit_shadow_map_reset__ - Resets the resolved native unit's shadow-map identifier and associated mapping state
0x00304BF8, Java_xeno_Unit_setSortOffset - Resolves the native unit peer, converts the supplied value to float, and stores its rendering sort offset
0x00304C58, Java_xeno_Unit_setClip - Enables or disables native unit clipping by setting or clearing primary flag 0x40
0x00304CD0, Java_xeno_Unit_setMonitorPrio - Stores zero or one in the native unit's monitor-priority field according to the supplied integer
0x00304D40, Java_xeno_Scene_start__ILjava_lang_Object_ - Starts a scene using the JNI context and three Java arguments comprising its identifier and object data
0x00304D68, Java_xeno_Scene_stop__ - Provides an intentional no-op entry point for scene stop call sites
0x00304D70, Java_xeno_Stage_start__ILjava_lang_Object_ - Validates the stage command object and starts the requested native stage sequence
0x00304E98, Java_xeno_Stage_stop__ - Stops the active native stage sequence and clears its associated command state
0x00304F30, Java_xeno_Stage_play__Ljava_lang_String_ - Loads the named debug stage script and executes it when loading succeeds
0x00304F70, Java_xeno_Stage_setPartsLast - Sets the map model's last rendered part entry when both current stage and model pointers are valid
0x00304FB0, Java_xeno_Stage_setPartsLastReset__ - Resets the map model's last-part rendering state through the native model subsystem
0x00304FC8, Java_xeno_Stage_setColor - Copies the supplied three floating-point components into the global stage-color vector
0x00304FF0, Java_xeno_Stage_setFade - Stops enemy sounds, clamps fade colors, enforces positive duration, snapshots fade state, and starts the scripted transition
0x003050E8, Java_xeno_Stage_setEventFade - Configures model fade interruption, stores event fade duration and color, clears mode, and starts the scripted transition
0x00305150, Java_xeno_Stage_setFrameRender - Passes the first Java integer to nmlModelSetBackBuffer to select frame rendering destination, returning no value
0x00305178, Java_xeno_Stage_setFadeCancel - Invokes nmlModelSetFadeOutCancel and nmlModelSetFadeInCancel to cancel stage set fade work and clears its pending request state
0x003051F8, Java_xeno_Stage_setVisible - Initializes stage-part visibility and applies the requested visibility flag to a valid model part index
0x00305268, Java_xeno_Stage_setCFBG - Selects one of two background drawing modes or disables the active background request
0x003052F8, Java_xeno_Stage_setEffectRender - Forwards the requested stage effect-render setting to the model effect-write controller
0x00305310, Java_xeno_Stage_renderCommand - Builds stage command drawing commands from calculated geometry and current render fields
0x00305320, Java_xeno_Stage_setBgColor - Converts normalized RGB components to packed eight-bit channels and sets the renderer clear color
0x00305420, Java_xeno_Stage_setBgClip - Stores the requested background-clipping mode in global stage state
0x00305430, Java_xeno_Stage_clrBackBuffer__ - Forwards the requested back-buffer clearing mode to the model renderer
0x00305448, JTHREAD_defaultUnit - Resolves default unit class constants and caches their script field handles
0x00305510, JTHREAD_defaultChr - Resolves default character class constants and caches their script field handles
0x003055D8, JTHREAD_default - Invokes the configured default script method for the supplied thread context
0x00305638, JTHREAD_defaultScene - Invokes the default scene method through the JNI script runtime
0x00305698, JTHREAD_defaultStage - Invokes the default stage method through the JNI script runtime
0x00305728, JTHREAD_init - Returns immediately without reading arguments or changing memory
0x00305730, JTHREAD_waitFor - Polls for state and returns or records its current completion condition
0x00305850, JTHREAD_info - Prints diagnostic information for a script thread selected from the active thread table
0x00305888, JTHREAD_getSymbol - Searches a thread's symbol chain for the requested identifier and returns its record
0x003058C8, JTHREAD_cntl - Applies a control command to a selected script thread and updates execution state
0x00305958, JTHREAD_get - Traverses active script threads and returns the entry matching the requested identifier
0x00305998, ACT_allocMatrix - Allocates actor matrix storage, initializes bookkeeping, and resets each allocated matrix
0x00305A78, ACT_allocBlock - Allocates an actor-owned resource block of the requested size
0x00305A98, ACT_matrixInit - Points DAT_007c0a74 at actMatrix, sets DAT_007c0a78 to 0xc0000, clears the 0x400-byte matrixHeapBlock, and returns its base pointer
0x00305AF8, ACT_init - Initializes global actor storage, matrix allocation, collision parameters, and runtime defaults
0x00305CD0, ACT_create - Initializes an actor's transforms, animation, attachments, model state, and moved-hair simulation
0x00305E58, ACT_dispose - Disposes an actor through the extended cleanup routine using default options
0x00305E70, ACT_dispose2 - Invokes RSRC_inactiveSource and ACT_resetParent to tear down act dispose 2 resources and clears their dependent handles and state fields
0x00305EF8, ACT_draw - Steps wind simulation and submits visible actor models using their current draw state
0x00305F58, ACT_update - Updates active actors, refreshes camera-dependent state, and resets temporary debug output
0x00305FC8, ACT_pauseUpdate - Advances paused actor motion while preserving simulation and camera synchronization state
0x00306090, ACT_info - Prints selected actor diagnostics and parameters through the runtime debug interface
0x00306578, ACT_resetMatrix - Resets actor matrix slots to identity transforms and initializes translation state
0x003066D0, ACT_resetParent - Detaches an actor from its parent and reinitializes its joint producer
0x003067A8, ACT_setParent - Attaches an actor to a parent joint, registers the child, and initializes joint production
0x00306908, ACT_setParent2 - Attaches an actor through a joint consumer binding and registers it with the parent
0x00306A20, ACT_jointGetMoveElementID - Resolves an actor joint movement element by its encoded identifier
0x00306A70, ACT_jointGetAccessories - Locates the accessories joint record associated with an actor and attachment code
0x00306AE0, ACT_resetArms - Detaches both arm accessories and restores the actor's default hand visibility
0x00306B28, ACT_setArms - Resolves an accessory joint code and attaches the supplied actor as an arm accessory
0x00306BE0, ACT_setRelation - Configures actor attachment relationships, accessory joints, and special hand visibility modes
0x00306D18, ACT_setFace - Attaches a face actor to the head joint and hides the base model's face group
0x00306D78, ACT_animGetUserData - Returns the current animation user-data pointer stored in the actor
0x00306D80, ACT_animCheckData - Validates an actor animation resource by checking its FCV2 data signature
0x00306D98, ACT_updateMotionCore - Advances actor motion with normal or paused timing and dispatches its update helper
0x00306E70, ACT_updateMotion - Advances actor motion through the core updater using normal playback timing
0x00306E88, ACT_updateMotionPause - Advances actor motion through the core updater using paused playback behavior
0x00306EA0, ACT_updateMotionSub - Builds the actor matrix, switches pending motion and interpolation buffers, configures JNT flags and curves, evaluates animation production, extracts root translation, and updates ANM flags
0x00307360, ACT_setDrawEnv - Configures actor depth writing, stencil behavior, transparency, and related rendering state
0x00307420, ACT_modelDraw - Prepares actor rendering state and dispatches the model drawing helper
0x003074B8, ACT_modelDrawSub - Applies joint animation flags and submits the actor model with current transforms
0x003079E8, ACT_setModelWrapper - Creates an actor model wrapper, resolves its root joint, and records model layout offsets
0x00307A98, ACT_loadResource - Loads an actor resource, allocates matrix storage, and records resulting metadata
0x00307C38, ACT_initMTNResource - Returns immediately without reading arguments or changing memory
0x00307C40, ACT_resourceInit - Returns immediately without reading arguments or changing memory
0x00307C48, ACT_initMotion - Initializes animation producers, consumers, playback fields, and default joint bindings
0x00307E50, ACT_setMotion - Starts or clears an actor motion, resets playback state, and marks joints for animation
0x00307F70, ACT_setMotion2 - Changes actor motion unless unchanged, resets playback state, and applies supplied animation flags
0x003081C8, ACT_animGetData - Returns the requested entry from an actor's packed motion resource
0x003081F8, ACT_animGetCurrent - Returns the currently selected entry from an actor's active animation pack
0x00308228, ACT_loadMotion - Loads an actor motion resource and selects the requested motion after completion
0x00308330, ACT_initExMotion - Initializes extended actor-motion fields and clears pending transition state
0x00308380, ACT_setVisible - Changes visibility for either one model part or an encoded model group
0x003083B8, ACT_setHumanHand - Selects named hand model groups, hiding alternatives and showing the requested human hand variant
0x00308618, TCAMERA_get - Returns the indexed camera record from the global camera array
0x00308640, TCAMERA_info - Prints diagnostic fields for the selected and currently active studio cameras
0x00308848, TCAMERA_transMPack - Samples packed translation curves and writes the resulting XYZ camera position
0x003089D0, TCAMERA_mpackGetInterest - Copies the four-word global mpack_interest vector into the caller-provided output buffer
0x003089E8, TCAMERA_transMPack2 - Samples FCV2 translation curves and writes the resulting XYZ camera position
0x00308B38, TCAMERA_viewMPack - Returns immediately without reading arguments or changing memory
0x00308B40, TCAMERA_setTranslate - Stores the supplied tcamera set value in the object field at offset 0xD8
0x00308B58, TCAMERA_setFov - Converts degrees to radians and stores the camera field of view
0x00308B80, TCAMERA_setRoll - Converts degrees to radians and stores the camera roll angle
0x00308BA8, TCAMERA_setRotate - Converts three Euler angles from degrees to radians and stores the camera rotation
0x00308BF8, TCAMERA_setView - Transforms a view direction into camera pitch and yaw while preserving the existing roll
0x00308C90, TCAMERA_transSPL - Samples an XYZ spline directly into the camera translation vector
0x00308CA8, TCAMERA_rotateSPL - Samples an XYZ spline directly into the camera rotation vector
0x00308D28, TCAMERA_viewSPL - Samples a target spline and derives camera view angles toward that point
0x00308DC8, TCAMERA_transCNS - Computes camera translation from constraint data and the referenced actor transform
0x00308E30, TCAMERA_viewCNS - Computes constrained camera view angles using target direction and angular offsets
0x00308F10, TCAMERA_rollSPL - Samples a scalar spline into the camera roll value
0x00308F60, TCAMERA_fovSPL - Samples a scalar spline into the camera field-of-view value
0x00308FB0, TCAMERA_update - Applies active camera translation, rotation, view, roll, and field-of-view controllers
0x00309428, TCAMERA_init - Initializes camera records with default transforms, field of view, and controller state
0x00309480, TCAMERA_setFCurve - Returns immediately without reading arguments or changing memory
0x00309488, nearDir - Wraps an angle toward the equivalent direction nearest a reference angle
0x00309538, SEQ_scaleSPL - Samples the active sequence's XYZ scale curve into object fields 0x60-0x68, increments the curve frame, and clears its active bits after the final frame
0x00309610, SEQ_scale - Interpolates actor scale toward a target over the configured sequence duration
0x003098B0, SEQ_rotate - Interpolates actor rotation while choosing angular paths nearest the current orientation
0x00309D50, SEQ_rotateSPL - Samples an XYZ rotation spline into actor orientation until the sequence completes
0x00309E68, SEQ_moveSPL - Moves an actor along a sampled spline, optionally aligning its facing direction to the path
0x00309FD0, SEQ_moveChr - Moves an actor toward another character over time and optionally turns it toward the target
0x0030A298, SEQ_setMotion - Selects a randomized motion variant and stores it in actor sequence state
0x0030A330, SEQ_setPositionRAND - Chooses a randomized actor destination within configured bounds and initializes movement toward it
0x0030A438, SEQ_setRotY2Player - Turns an actor toward the player and starts the requested actor motion
0x0030A4B0, SEQ_moveNPC_XZ - Moves an NPC toward an XZ destination using timed interpolation and optional facing adjustment
0x0030A788, SEQ_moveXZ - Moves an actor toward an XZ destination using timed interpolation and optional facing adjustment
0x0030AA30, SEQ_motion - Starts the sequence's configured actor motion and tracks its completion state
0x0030AB90, ACT_updateSequence - Executes actor sequence controllers, resolves collision movement, and advances animation playback
0x0030AD08, ACT_updateNPC - Updates autonomous NPC movement, randomized destinations, motion selection, and collision handling
0x0030AF58, ACT_updateDefault - Advances default actor motion and resolves movement against current collision data
0x0030AFA0, ACT_updateRECTRand - Advances actor animation while rectangular random movement remains externally controlled
0x0030AFB8, ACT_updatePlayer - Updates player actor motion, camera-relative orientation effects, and collision-constrained movement
0x0030B3B8, ACT_initSequenceAt - Initializes one actor sequence slot with timing, flags, and controller defaults
0x0030B410, ACT_initSequence - Initializes all actor sequence slots and their collision parameter workspaces
0x0030B4F8, ACT_initVMObject - Initializes an actor-backed script object with default runtime and sequence state
0x0030B548, ACT_createChr - Creates a character actor and initializes its character-specific sequence state
0x0030B608, ACT_createNPC - Creates an NPC actor and initializes autonomous movement and collision parameters
0x0030B6B0, ACT_info - Returns actor information selected by an indexed query code
0x0030B6E0, getCurrentCamera - Resolves the currently active studio camera and returns its camera record
0x0030B730, ACT_updateMPack - Applies packed actor transforms relative to current play and matrix-stack state
0x0030B790, ACT_initScene - Initializes scene actors and their movement collision parameter records
0x0030B830, ACT_setHand - Decodes a hand-selection command and applies the requested human hand model variant
0x0030B8C0, ACT_filterGuno - Configures transparency and depth-write settings for the Gnosis actor filter
0x0030B918, ACT_filterStealth - Configures transparency and depth-write settings for the stealth actor filter
0x0030B970, SPL_init - Initializes a spline's cardinal coefficients and distance-based segment weights
0x0030BA08, setWeightLen2 - Computes closed-loop spline weights from distances between successive control points
0x0030BAB8, setWeightLen - Computes open spline weights from distances between successive control points
0x0030BB48, setWeightTime - Populates spline segment weights from explicit control-point timing values
0x0030BBA0, setWeightIndex - Populates uniformly increasing spline segment weights from control-point indices
0x0030BBE0, SPL_init2 - Initializes a spline using indexed, timed, or distance-based segment weighting
0x0030BD38, SPL_cardinalInit - Computes cardinal spline coefficients for each segment and coordinate component
0x0030C0B8, SPL_getValue - Samples one spline component at the requested time, clamping outside the defined key range
0x0030C2B8, SPL_getValueXYZ - Samples a three-component spline at the requested time and writes its interpolated XYZ coordinates
0x0030C6E0, FCV_getValue - Samples an unpacked float curve using step, linear, or cubic interpolation between neighboring keys
0x0030C920, FCV_resetPack - Stores the supplied fcv pack value in the object field at offset 4
0x0030C940, FCV_skipPack - Advances through a packed full-float curve while discarding its sampled value
0x0030C958, FCV_getPackValue - Selects packed key representation and evaluates the curve at the requested frame
0x0030CA10, FCV_getPackVal2f - Locates neighboring full-float packed keys and evaluates their step, linear, or cubic interpolation
0x0030CD10, FCV_getPackVal2s - Decodes compact packed keys and evaluates step, linear, or cubic interpolation at the requested frame
0x0030D060, FCV_getFKeyType - Extracts a key's two-bit interpolation type from its reverse-ordered packed type byte
0x0030D088, FCV2_getPackVal - Scans variable-sized FCV2 keys, updates the key cursor, and evaluates step, linear, or cubic interpolation
0x0030D428, FCV2_getVal - Evaluates unpacked FCV2 keys using their encoded step, linear, or cubic interpolation mode
0x0030D740, FCV2_getValue - Samples an unpacked FCV2 curve and updates its cached key cursor
0x0030D790, FCV2_getValueAndKey - Samples an FCV2 curve and returns both its value and active key
0x0030D7E0, FCV2_readAttribute - Parses FCV2 attribute records and initializes key count, format, and scale metadata
0x0030D8C0, FCV2_checkData - Returns one for null data, two for a bad FCV2 signature, or zero when valid
0x0030D8E8, FCV2_setStep - Sets half the absolute sampling interval used by FCV2 curve evaluation
0x0030D908, FCV2_resetPack - Initializes an FCV2 packed-curve cursor and parses its attribute metadata
0x0030DA00, FCV2_getPackAttribute - Scans FCV2 attributes and returns the type-four attribute record when present
0x0030DA40, FCV2_getPackValue - Samples a packed FCV2 curve using its cached cursor and parsed attributes
0x0030DAD0, FCV2_getKey - Scans an FCV2 curve and returns the key active at the requested frame
0x0030DB88, FCV2_dump - Prints diagnostic FCV2 curve attributes and key data
0x0030DC08, ANM_getEntry - Validates and relocates an animation pack, then returns the requested entry or null
0x0030DD30, PACK_getEntry - Validates and relocates an FPK pack, then returns the indexed entry or null
0x0030DE38, PACK_getAttr - Validates an FPK pack and returns the requested attribute following its entry table
0x0030DF48, PACK_unlink - Converts relocated FPK entry pointers back into relative offsets and clears its relocation flag
0x0030DFF8, PACK_getSize - Relocates FPK entry offsets once and returns its entry count, treating FCV2 data as one entry
0x0030E0E8, ANM_resetDefault - Initializes animation playback from a default entry in the supplied pack
0x0030E168, ANM_resetTime - Initializes animation timing from an FCV2 time curve and playback parameters
0x0030E300, ANM_resetPack - Initializes animation playback from an indexed packed entry and its curve attributes
0x0030E4F0, ANM_resetTimeInterp - Initializes animation timing with interpolation between current and target time curves
0x0030E6D8, ANM_reset - Initializes animation playback from an entry, frame range, speed, and mode flags
0x0030E8C8, ANM_update - Advances animation time, handles looping or completion, and switches queued entries
0x0030EAE0, ANM_updateTime - Advances animation timing while applying playback direction, loop, and completion rules
0x0030EC08, get_fcvpack - Samples a packed FCV2 joint curve and returns its floating-point value
0x0030ECC0, get_fcvpack_fix - Samples a packed FCV2 joint curve and converts its value to fixed point
0x0030ED60, get_fcvpack_flag - Samples a packed FCV2 joint curve only when its channel flag is enabled
0x0030EDC8, JNT_getStaticVal - Decodes a static joint channel value and advances to the next joint record
0x0030EF30, FCV_getAttrAndValue - Retrieves an FCV2 attribute and samples its associated packed curve value
0x0030F038, JNT_getVal - Decodes animated joint channels, sampling packed curves and applying static fallback values
0x0030F538, JNT_getVal_staticChain - Decodes a chain of joint channels while reusing inherited static transform values
0x0030F938, JNT_constructMatrix - Constructs a joint matrix from decoded translation, rotation, scale, and parent transforms
0x00310C10, JNT_getStaticVal2 - Decodes static joint transform channels and applies them to the current matrix workspace
0x00310D08, JNT_getVal2 - Decodes joint animation channels and constructs their matrix using FCV2 curve samples
0x00312228, JNT_getVal_HOGE2 - Decodes alternate joint channels for secondary-motion processing and matrix construction
0x00313300, liner_interpolate - Linearly interpolates corresponding vector components by the supplied blend factor
0x00313350, JNT_interpolate - Blends joint translations, scales, and quaternion rotations between two matrix sets
0x00313788, JNT_setFlags - Stores the supplied joint-processing flags in shared joint workspace state
0x00313798, JNT_setClipR - Stores the supplied clipping radius in shared joint workspace state
0x003137A8, JNT_animSetFlags - Stores the supplied animation flags in shared joint workspace state
0x003137B8, JNT_getFlags - Returns the 32-bit VU memory flags word at address 0x70000038
0x003137C8, JNT_getAccessories - Traverses joint attributes and returns the first accessories record, or null when absent
0x00313820, JNT_readAttribute - Parses joint attributes and copies their encoded names into runtime lookup storage
0x00313910, JNT_setMatrix - Selects the output matrix buffer and clears its alternate matrix offset
0x00313920, JNT_setMatrix2 - Selects the output matrix buffer and stores its alternate matrix offset
0x00313930, JNT_setInterpMatrix - Selects interpolation matrix storage and its associated blend configuration
0x00313940, JNT_setCurve - Selects joint curve data and its associated evaluation context
0x00313950, JNT_setMDLMatrix - Converts and multiplies a joint transform into the model matrix buffer, returning the next element
0x00313A90, JNT_setModelMatrix - Iterates model joints and writes their computed transforms into the configured model matrix buffers
0x00313B50, JNT_getMoveElement - Searches a joint's movement-element table and returns the element matching the requested identifier
0x00313BA0, JNT_getRootElement - Returns the root element pointer stored in a joint resource
0x00313BB0, JNT_setModel - Selects joint and model resources, parses attributes, and resets joint workspace traversal
0x00313C30, JNT_setFCurve - Initializes a joint curve packet with unit scales, joint identifier, optional curve data, and output cursor
0x00313CB0, JNT_setFCurve2 - Initializes the joint workspace's FCV2 packed-curve cursor from supplied data
0x00313D28, JNT_getRootTrans - Copies the current root-joint translation vector from shared joint workspace to the output
0x00313D40, JNT_getRootRotate - Copies the current root-joint rotation quaternion from shared joint workspace to the output
0x00313D58, JNT_getRootScale - Copies the current root-joint scale vector from shared joint workspace to the output
0x00313D70, JNT_addConsumer - Adds or updates a joint consumer entry containing its identifier, callback data, and destination
0x00313E10, JNT_initProducer - Initializes a joint producer with no consumers or pending output
0x00313E58, JNT_startProduction - Resets producer traversal and marks its joint output generation active
0x00313F28, JNT_getElement - Returns the indexed fixed-size element from a joint element array
0x00313F38, JNT_nextElement - Advances from one variable-sized joint element to the following element
0x00313F40, JNT_defaultConsumer - Evaluates animated or static joint data and writes the resulting consumer transforms
0x003142A8, JNT_resetHair - Initializes secondary hair-joint state from static joint transforms and default simulation values
0x00314318, JNT_hairID - Maps a joint element to its configured secondary hair simulation identifier
0x00314358, JNT_computeHair - Computes simulated hair-joint transforms by combining animation, static values, and dynamic motion
0x003147F0, JNT_setInterrupt - Marks selected joint channels for interrupted or overridden animation processing
0x00314858, JNT_getFilter - Returns an enabled joint filter value for the requested indexed channel
0x003148A8, JNT_resetMatrix - Resets joint matrix workspace and initializes matrices from static transform data
0x00314A38, JNT_computeMatrix - Computes animated joint matrices, parent propagation, interpolation, and secondary hair transforms
0x00315940, JNT_onSmoothHair - Enables smooth interpolation processing for secondary hair-joint motion
0x00315950, JNT_offSmoothHair - Disables smooth interpolation processing for secondary hair-joint motion
0x00315958, JC_face - Traverses facial joints and applies their animated expression transforms
0x00316010, JC_setParent - Builds parent-relative joint matrices while traversing a chain and applying optional model transforms
0x003166D8, JC_setParent2 - Builds alternate parent-relative joint matrices while traversing and linking the supplied joint chain
0x00316DC0, JC_copyChain - Copies a joint chain while resolving static transforms and preserving parent relationships
0x00317060, xglAsin - Computes inverse sine from a square-root identity with input-domain handling
0x003170E8, look_limit - Clamps an angular look offset to symmetric lower and upper limits
0x00317148, look_limit_add - Moves an angle toward its target by a bounded step without overshooting
0x003171B8, look_get_place - Resolves a look target from world, actor, joint, or active-camera coordinates
0x003172C8, LOOK_target_init - Returns immediately without reading arguments or changing memory
0x003172D0, LOOK_target_doit - Returns immediately without reading arguments or changing memory
0x003172D8, LOOK_sebo_cont - Rotates a torso joint toward a resolved target within configured angular limits
0x003174A0, LOOK_head_cont - Rotates the head joint toward its target while respecting yaw and pitch limits
0x003177C0, LOOK_eyeL_cont - Applies target tracking to the left eye through the shared eye controller
0x003177E0, LOOK_eyeR_cont - Applies target tracking to the right eye through the shared eye controller
0x00317800, LOOK_eye_cont - Rotates a named eye joint toward its target with bounded angular stepping
0x00317CE0, MDL_setGroupVisible - Sets visibility bits for every model part belonging to the requested group
0x00317DA8, MDL_setNameVisible - Finds model parts by encoded names and changes their visibility bits
0x00317F68, MDL_setVisible - Sets one model part's visibility bit after validating its index
0x00317FB0, MDL_create - Initializes a model wrapper with default visibility, transforms, and resource links
0x00318058, MDL_partsSetVisible - Applies packed visibility bits to each model part, limiting traversal to the model's first 128 parts
0x003180F8, MDL_draw - Applies model texture and placement state before submitting it for rendering
0x00318150, Footstep - Detects actor foot contacts against collision geometry and triggers appropriate footstep effects
0x003183A0, DrawCircleShadow - Builds and submits a transformed circular shadow beneath an actor
0x00318880, DrawZeldaShadowSub - Projects a directional character shadow using model, light, and ground transforms
0x00318B50, DrawZeldaShadow - Computes camera-relative shadow direction and dispatches projected character shadow rendering
0x00318CC0, DrawDropShadowSubChk - Builds drop shadow helper chk drawing commands from calculated geometry and current render fields
0x00318E30, DrawDropShadowSubBack - Submits the rear half of a drop-shadow primitive behind its actor
0x00318F78, DrawDropShadowSubFront - Submits the front half of a drop-shadow primitive before its actor
0x003191B0, DrawDropShadowSub - Transforms and emits front or rear geometry for an actor drop shadow
0x00319810, DrawDropShadow - Computes a camera-facing actor drop shadow and submits both ordered halves
0x00319A30, DrawDropCircle - Draws a camera-facing circular drop indicator at the supplied world position
0x0031A018, ACT_DrawShadowBegin - Submits render-state commands that begin the actor shadow drawing pass
0x0031A070, ACT_DrawShadowEnd - Submits render-state commands that finish the actor shadow drawing pass
0x0031A098, ACT_DrawShadow - Selects and draws an actor's circular, projected, or drop-shadow style
0x0031A188, ACT_DrawShadowInit - Returns immediately without reading arguments or changing memory
0x0031A190, GetLastWord - Returns the final single-byte character from a string while safely skipping multibyte character pairs
0x0031A200, EXM_PresetHair - Selects secondary-motion presets by the final character of each hair joint name
0x0031B9C8, GetHairTypeSelection - Maps a hair joint name suffix to its secondary-motion preset type
0x0031BC28, EXM_CheckExCollision - Tests extended-motion collision primitives against actor joints and returns the first applicable collision result
0x0031C300, CheckSkirtCollisionSub - Resolves a skirt point against configured collision volumes and updates its corrected local position
0x0031D4E0, EXM_CheckSkirtCollision - Selects skirt collision roots from motion flags and resolves collisions for the affected skirt points
0x0031D640, AdjustJrCoatWidth - Adjusts Junior's coat joint spacing according to the current animated limb distance
0x0031D760, EXM_CalcExMotion - Computes secondary hair and cloth transforms using animation, wind, collision, and parent matrices
0x0031E860, EXM_InitMovedHair - Initializes moved-hair simulation controls and clears accumulated secondary motion
0x0031E890, EXM_OnMovedHair - Enables moved-hair simulation for the selected actor after its configured delay
0x0031E8A8, EXM_OffMovedHair - Disables moved-hair simulation and clears its delayed activation state
0x0031E8B8, EXM_SetDelayMovedHair - Sets the activation delay for an actor's moved-hair simulation
0x0031E8C8, EXM_GetWindPower - Computes directional or point wind force with oscillating amplitude at a world position
0x0031EB20, EXM_ResetWind - Resets active wind state to disabled mode with zero direction and shake
0x0031EB50, EXM_SetWindPara - Copies a complete wind parameter structure into the active extended-motion wind state
0x0031EB98, EXM_GetWindPara - Copies the active extended-motion wind parameter structure into the caller's output buffer
0x0031EBE0, EXM_InitWind - Initializes extended-motion wind simulation by restoring its disabled defaults
0x0031EC00, EXM_StopWind - Clears wind ownership, activity, and dependent runtime fields
0x0031EC18, EXM_SetShakePower - Stores the supplied shake amplitude in active wind simulation state
0x0031EC28, EXM_SetShakeTime - Clamps and stores the oscillation period for wind-driven shake motion
0x0031EC60, EXM_SetDirectionalWind - Selects directional wind mode and copies its normalized direction vector
0x0031ECA0, EXM_SetPointWind - Selects point wind mode and copies its world-space source position
0x0031ECE0, EXM_SetWindStruct - Selects the caller-provided structure as the active wind simulation state
0x0031ECE8, EXM_ClearWindStruct - Clears exm wind struct fields and restores their defined idle-state values
0x0031ECF8, EXM_StepShakeWind - Advances wind shake phase by elapsed time and wraps it through one revolution
0x0031EDB0, EXM_SetShakeWind - Stores the supplied shake phase in active wind simulation state
0x0031EDC0, EXM_ResetWave - Resets the global secondary-motion wave phase to zero
0x0031EDC8, EXM_GetWaveRad - Returns the current waverad value used by exm get wave rad
0x0031EDD0, EXM_GetShakeRad - Returns the current shake phase from active wind simulation state
0x0031EDE0, MAP_loadUnitResource - Loads a map-unit model resource and records its handle and status
0x0031EE88, MAP_initUnit - Initializes all map-unit slots with inactive state and default transforms
0x0031EFB8, MAP_createUnit - Initializes one map unit from a loaded resource, placement, and behavior parameters
0x0031F0C8, MAP_updateUnit - Dispatches each active map unit's callback and advances animation state
0x0031F150, MAP_drawUnitAt - Draws a map unit at a supplied translated and rotated world transform
0x0031F498, MAP_drawUnit - Draws a map unit using its current position, rotation, and model state
0x0031F4F0, MAP_getHeight - Queries collision data for ground height beneath a map unit position
0x0031F548, MAP_createUnitPeer - Creates a map unit sharing model resources with an existing peer
0x0031F630, SEQ_rotYCNSUnitChr - Rotates a map unit around Y to face a target character
0x0031F760, SEQ_transCNSUnitChr - Copies a target character position into constrained map-unit sequence state
0x0031F868, SEQ_rotateUnit - Interpolates map-unit rotation while choosing angles nearest its current orientation
0x0031FCE0, SEQ_scaleUnit - Interpolates map-unit scale toward a target over the configured duration
0x0031FF80, SEQ_rotateUnitSPL - Samples an XYZ rotation spline into map-unit orientation until completion
0x00320098, SEQ_scaleUnitSPL - Samples a scale spline into a map unit until the configured final frame
0x00320170, SEQ_moveUnitSPL - Moves a map unit along a sampled spline and optionally aligns its facing to the path
0x00320288, SEQ_moveUnitChr - Moves a map unit toward a character over time and optionally faces the target
0x003204E8, SEQ_moveUnitXZ - Moves a map unit toward an XZ destination using timed interpolation and optional facing adjustment
0x00320738, SEQ_motionUnit - Starts a map-unit motion and tracks when its animation sequence completes
0x00320828, MAP_setUnitMotion - Resets map-unit animation playback to the requested default packed entry
0x00320850, MAP_updateUnitMotion - Returns immediately without reading arguments or changing memory
0x00320858, MAP_callUnitGroup - Invokes a callback for active map units belonging to the requested group
0x003208E0, MAP_updateUnitMPack - Applies packed transforms to a map unit relative to current play state
0x00320958, MAP_updateUnitSequence - Executes map-unit sequence controllers with collision and matrix-stack updates
0x00320A80, MAP_updateUnitDefault - Updates default map-unit collision placement and world transformation
0x00320B10, MAP_initUnitSequance - Initializes map-unit sequence slots with timing, flags, and controller defaults
0x00320B98, MAP_updateUnitPartsSequence - Updates sequenced unit parts with collision placement and parent transforms
0x00320D00, MAP_updateUnitPartsSequence2 - Updates sequenced unit parts while aligning their transforms to terrain
0x003211A0, unit6003_draw - Renders unit 6003 movie geometry using camera state and direct texture commands
0x00321700, movie_work_setup - Allocates movie work buffers and initializes movie decoding information and state
0x003217B8, unit6003_update - Loads unit 6003 resources and advances its movie-backed state machine
0x00321BE0, MotTransXYZ - Applies motion translation coordinates while preserving and restoring matrix-stack state
0x00321CC8, GetMdlFileName - Returns no model filename because this compatibility motion interface is stubbed
0x00321CD0, MotInit - Returns immediately without reading arguments or changing memory
0x00321CD8, MotCalc - Returns immediately without reading arguments or changing memory
0x00321CE0, MotSetEx - Returns immediately without reading arguments or changing memory
0x00321CE8, UnduInit - Initializes collision query globals and clears current collision header state
0x003221A0, UnduDataGetHeaderSub - Resolves an encoded collision header reference by direct index or identifier search
0x00322218, UnduDataGetHeader - Resolves a collision header through direct, grouped, or nested header references
0x003223B0, UnduParamInit - Initializes collision-query parameters with position, radius, masks, and sentinel results
0x00322408, UnduCheckSub - Tests a point against one collision primitive and records matching height and attributes
0x00322608, UnduCheckSubHeightCheck - Tests whether a collision primitive provides a valid height for the query point
0x003227B0, UnduCheckSubCheckAll - Evaluates every collision primitive and reports whether any produced a valid height result
0x00322840, CheckWallAttr - Tests whether collision attributes satisfy the query's wall inclusion and exclusion masks
0x00322918, UnduCheckSubCrossCheck - Tests movement against collision polygon edges and records which boundaries were crossed
0x00323638, UnduCheckResultCheck - Selects the best collision result according to height, surface flags, and query mode
0x003236F8, UnduCheck - Evaluates movement against current collision geometry, records hit attributes, and returns the resolved height
0x003239E8, UnduGet2 - Initializes a collision query, evaluates geometry, and returns resolved ground height and attributes
0x00323A90, UnduGet - Calls UnduGet2 with a zero argument and does not return its result
0x00323AB0, cos - Computes double-precision cosine after reducing the input angle when necessary
0x00323BD8, sin - Computes double-precision sine after reducing the input angle when necessary
0x00323D10, cosf - Computes single-precision cosine after reducing the input angle when necessary
0x00323DE8, floorf - Rounds a single-precision value downward to the nearest integral value
0x00323ED8, sinf - Computes single-precision sine after reducing the input angle when necessary
0x00323FC0, tanf - Computes single-precision tangent after reducing the input angle when necessary
0x00324038, acos - Computes inverse cosine for the supplied floating-point value
0x00324050, atan2 - Computes the quadrant-correct inverse tangent of the supplied coordinate pair
0x00324068, fmod - Computes the floating-point remainder after truncating the supplied quotient
0x00324080, pow - Raises the supplied base to a floating-point exponent with IEEE edge-case handling
0x00324098, sqrt - Computes the nonnegative double-precision square root of the supplied value
0x003240B0, asinf - Computes single-precision inverse sine for the supplied value
0x003240C8, atan2f - Computes the single-precision quadrant-correct inverse tangent of the supplied coordinates
0x003240E0, fmodf - Computes the single-precision remainder after truncating the supplied quotient
0x003240F8, sqrtf - Computes the nonnegative single-precision square root of the supplied value
0x00324110, __ieee754_acos - Computes inverse cosine for the supplied floating-point value
0x00324838, __ieee754_atan2 - Computes the quadrant-correct inverse tangent of the supplied coordinate pair
0x00324B78, __ieee754_fmod - Computes the floating-point remainder after truncating the supplied quotient
0x00324F98, __ieee754_pow - Raises the supplied base to a floating-point exponent with IEEE edge-case handling
0x00325EF0, __ieee754_rem_pio2 - Reduces an angle by multiples of pi over two and returns its quadrant
0x003264A8, __ieee754_sqrt - Computes the nonnegative double-precision square root of the supplied value
0x003267C8, __ieee754_asinf - Computes single-precision inverse sine for the supplied value
0x00326B80, __ieee754_atan2f - Computes the single-precision quadrant-correct inverse tangent of the supplied coordinates
0x00326D68, __ieee754_fmodf - Computes the single-precision remainder after truncating the supplied quotient
0x00326F38, __ieee754_rem_pio2f - Reduces a single-precision angle by multiples of pi over two and returns its quadrant
0x00327300, __ieee754_sqrtf - Computes the nonnegative single-precision square root of the supplied value
0x003273D8, __kernel_cos - Evaluates the reduced-range polynomial for double-precision cosine after reducing the input angle when necessary
0x003276B0, __kernel_rem_pio2 - Reduces an angle by multiples of pi over two and returns its quadrant
0x00328200, __kernel_sin - Evaluates the reduced-range polynomial for double-precision sine after reducing the input angle when necessary
0x00328438, __kernel_cosf - Evaluates the reduced-range polynomial for single-precision cosine after reducing the input angle when necessary
0x003285A8, __kernel_rem_pio2f - Reduces a single-precision angle by multiples of pi over two and returns its quadrant
0x00328E50, __kernel_sinf - Evaluates the fdlibm single-precision sine kernel polynomial on an already reduced argument, using the tail term when the correction flag is nonzero
0x00328F78, __kernel_tanf - Evaluates the reduced-range polynomial for single-precision tangent after reducing the input angle when necessary
0x00329220, atan - Computes double-precision inverse tangent with argument-range reduction and sign restoration
0x003296E8, fabs - Clears the sign bit of a double-precision value and returns its magnitude
0x00329720, floor - Rounds a double-precision value downward to the nearest integral value
0x00329938, scalbn - Scales a double-precision value by the requested power of two
0x00329B20, atanf - Computes single-precision inverse tangent with argument reduction and sign restoration
0x00329DC0, fabsf - Clears the sign bit of a single-precision value and returns its magnitude
0x00329DE8, scalbnf - Scales a single-precision value by the requested power of two
0x00329EB0, copysign - Combines one value magnitude with another value sign and returns the result
0x00329EF8, copysignf - Combines one float magnitude with another float sign and returns the result
0x00329F38, __muldi3 - Multiplies two signed 64-bit integers and returns the low 64-bit product
0x00329FB0, __divdi3 - Divides one signed 64-bit integer by another and returns the quotient
0x0032A648, __moddi3 - Divides signed 64-bit integers and returns the remainder
0x0032ACD8, __udivdi3 - Divides one unsigned 64-bit integer by another and returns the quotient
0x0032B258, __umoddi3 - Divides unsigned 64-bit integers and returns the remainder
0x0032B7C0, __fixunsdfdi - Converts a double-precision value to an unsigned 64-bit integer
0x0032B8D8, __fixunssfdi - Converts a single-precision value to an unsigned 64-bit integer
0x0032BA00, __do_global_dtors - Runs registered global destructors once and deregisters compiler exception-frame information
0x0032BA90, __do_global_ctors - Registers exception frames, schedules destructor cleanup, and runs global constructors in reverse order
0x0032BB50, __main - Runs registered global constructors once during compiler runtime initialization
0x0032BB88, fptodp - Converts unpacked single-precision parts into the internal double-precision representation
0x0032BBC8, _fpadd_parts - Adds two classified floating-point values with exponent alignment and normalization
0x0032BE28, dpadd - Unpacks two doubles, adds their parts, and repacks the double result
0x0032BE80, dpsub - Negates the second double and delegates subtraction to the double addition routine
0x0032BEE8, dpmul - Multiplies two software-emulated doubles with classification, normalization, and rounding
0x0032C198, dpdiv - Divides two software-emulated doubles with classification, normalization, and rounding
0x0032C310, dpcmp - Compares two software-emulated doubles and returns the caller-selected unordered result for NaNs
0x0032C360, litodp - Converts a signed long integer into the software double representation
0x0032C418, dptoli - Converts a software double to signed long with saturation and truncation
0x0032C4B8, __make_dp - Builds and packs a double from classification, sign, exponent, and significand fields
0x0032C4E8, dptofp - Converts a software double to single precision with classification-preserving repacking
0x0032C540, dptoul - Converts a software double to unsigned long with saturation and truncation
0x0032C5E0, decode_uleb128 - Decodes an unsigned LEB128 integer and advances the supplied byte cursor
0x0032C628, decode_sleb128 - Decodes a signed LEB128 integer and advances the supplied byte cursor
0x0032C680, fde_merge - Merge-sorts frame description entry pointers by their initial program-counter addresses
0x0032C778, end_fde_sort - Invokes abort and fde_merge to tear down fde sort resources and clears their dependent handles and state fields
0x0032CCF0, __register_frame_info - Registers an exception-frame object in the semaphore-protected global frame list
0x0032CD58, __register_frame - Allocates bookkeeping and registers a contiguous compiler exception-frame section
0x0032CD88, __register_frame_info_table - Registers a table of exception-frame sections in the protected global frame list
0x0032CDF0, __register_frame_table - Allocates bookkeeping and registers a table of compiler exception-frame sections
0x0032CE20, __deregister_frame_info - Removes and returns matching exception-frame bookkeeping from the protected global list
0x0032CEE0, __deregister_frame - Deregisters an exception-frame section and releases its allocated bookkeeping
0x0032CF00, count_fdes - Counts frame description entries and accumulates their encoded byte and address ranges
0x0032CF40, add_fdes - Appends nonempty frame description entries while accumulating their total encoded and address ranges
0x0032CFD0, search_fdes - Binary-searches sorted frame descriptions for the entry covering a program counter
0x0032D028, frame_init - Counts, allocates, collects, and sorts an object's frame description entries
0x0032D190, find_fde - Finds the registered frame description entry covering a program counter under semaphore protection
0x0032D338, extract_cie_info - Parses a common information entry's augmentation, alignment, return register, and initial instructions
0x0032D448, decode_stack_op - Decodes and evaluates one DWARF stack-location expression operation
0x0032D568, execute_cfa_insn - Interprets a DWARF call-frame instruction and updates the frame rule table
0x0032D998, __frame_state_for - Locates unwind metadata and executes its CIE and FDE instructions for an address
0x0032DB50, __floatdidf - Converts a signed 64-bit integer to double precision
0x0032DBF8, __unpack_f - Decodes a single-precision bit pattern into classification, sign, unbiased exponent, and normalized significand fields
0x0032DC58, __make_fp - Builds and packs a float from classification, sign, exponent, and significand fields
0x0032DC88, __pack_d - Encodes classified floating-point parts as IEEE double precision with range handling and round-to-nearest-even
0x0032DDA0, __unpack_d - Decodes a double-precision bit pattern into classification, sign, unbiased exponent, and normalized significand fields
0x0032DE50, __fpcmp_parts_d - Compares classified double-precision parts with correct sign, infinity, zero, and NaN handling
0x0032DF70, __pack_f - Encodes classified floating-point parts as IEEE single precision with range handling and round-to-nearest-even
0x0032E040, abort - Raises the abort signal and terminates through the process exit fallback
0x0032E058, atexit - Registers a function for invocation during orderly process termination
0x0032E0F8, atof - Parses a floating-point value from the supplied string through strtod
0x0032E110, atoi - Parses a signed decimal integer from the supplied string through strtol
0x0032E138, bcopy - Copies bytes between potentially overlapping buffers through memmove
0x0032E158, __errno - Returns the error-number pointer from the active reentrancy structure
0x0032E168, exit - Runs registered cleanup handlers and terminates the process with the supplied status
0x0032E218, malloc - Allocates a heap block of the requested size under the allocator lock
0x0032E270, free - Returns a heap block to the allocator and releases the malloc synchronization lock
0x0032E2B8, malloc_extend_top - Extends the allocator's top chunk through sbrk while maintaining alignment and fenceposts
0x0032E510, _malloc_r - Allocates from fast bins, regular bins, or the top chunk under allocator locking
0x0032EC38, memcmp - Compares two byte ranges lexicographically and returns their first ordering difference
0x0032ECCC, memcpy - Copies the requested bytes from the source buffer to the destination buffer and returns the destination
0x0032ED7C, memmove - Copies bytes between potentially overlapping buffers and returns the destination pointer
0x0032EE80, memset - Fills the destination range with the supplied byte and returns its original address
0x0032EF40, __malloc_lock - Acquires the allocator semaphore recursively for the current thread
0x0032EFC0, __malloc_unlock - Releases one recursive allocator lock level and signals its semaphore when fully unlocked
0x0032F010, _printf_r - Formats variadic output into the supplied reentrant stream context
0x0032F070, printf - Formats variadic output and writes it to the standard output stream
0x0032F0E0, srand - Seeds the library pseudorandom generator from the supplied value
0x0032F0F8, rand - Advances the library pseudorandom generator state and returns the next bounded value
0x0032F160, _sbrk_r - Calls sbrk and copies its failure error into the reentrancy structure
0x0032F1B8, _init_signal_r - Allocates and initializes the reentrant signal-handler table on demand
0x0032F228, _signal_r - Installs a reentrant signal handler and returns the previous handler
0x0032F2A8, _raise_r - Delivers a signal through its registered handler or the process kill fallback
0x0032F380, __sigtramp_r - Dispatches a registered signal handler and applies default, ignore, or error behavior
0x0032F418, raise - Raises a signal using the active process reentrancy context
0x0032F438, signal - Installs a signal handler using the active process reentrancy context
0x0032F460, _init_signal - Initializes signal state in the active process reentrancy structure
0x0032F480, __sigtramp - Dispatches a signal using the active process reentrancy context
0x0032F4A0, _kill_r - Calls kill and records its failure error in the reentrancy structure
0x0032F500, _getpid_r - Returns the current process identifier through the platform getpid service
0x0032F518, _sprintf_r - Formats variadic output into a caller buffer using the supplied reentrancy context
0x0032F5A0, sprintf - Formats variadic output into the supplied memory buffer and returns its length
0x0032F630, eofread - Returns 0 without reading arguments or changing memory
0x0032F638, sscanf - Parses formatted values from the supplied string into caller-provided destinations
0x0032F6E0, strcasecmp - Compares two strings without ASCII letter-case distinctions and returns their ordering difference
0x0032F7B8, strcat - Appends the source string to the destination terminator and returns the destination string
0x0032F8E4, strchr - Finds the first occurrence of a character in a null-terminated string
0x0032FA74, strcmp - Compares two null-terminated strings lexicographically and returns their ordering difference
0x0032FBB8, strcpy - Copies a null-terminated source string into the destination buffer and returns the destination
0x0032FCCC, strlen - Counts characters before the terminating null byte and returns the resulting string length
0x0032FE08, strlwr - Converts uppercase characters in the supplied string to lowercase in place
0x0032FE58, strncmp - Compares up to the requested number of string characters and returns their ordering difference
0x00330010, strncpy - Copies at most the requested source characters and pads the remaining destination range when necessary
0x003301D0, strrchr - Finds the final occurrence of a character in a null-terminated string
0x00330220, strstr - Searches for the first occurrence of a substring and returns its address when found
0x003302A8, _strtod_r - Parses decimal or hexadecimal floating-point text with arbitrary-precision rounding and range handling
0x003311C0, strtod - Parses a double-precision value from text and reports the stopping position
0x003311E8, strtodf - Parses text as double precision, converts the result to single precision, and returns it
0x00331210, _strtol_r - Parses a signed integer with base detection, overflow handling, and endpoint reporting
0x00331448, strtol - Parses a signed integer in the requested base and reports the stopping position
0x00331478, __sprint - Writes an array of buffered output fragments through the stream vector writer
0x003314C0, __sbprintf - Formats through a temporary buffered stream and flushes it into an unbuffered destination
0x00331578, vfprintf - Initializes standard streams when needed and delegates variadic formatting to the reentrant formatter
0x003315F0, _vfprintf_r - Parses printf conversions and emits formatted arguments, padding, signs, prefixes, and locale data
0x00332C50, cvt - Converts a floating-point argument into digits for fixed, exponential, or general formatting
0x00332E10, exponent - Appends a signed decimal exponent with the requested marker and minimum width
0x00332EF0, __svfscanf - Parses formatted stream input into caller destinations with width and conversion handling
0x00333B80, __sccl - Builds a character-membership table for a scanf bracket conversion
0x00333C80, vprintf - Formats a variadic argument list and writes it to standard output
0x00333CA8, vsprintf - Formats a variadic argument list into the supplied memory buffer
0x00333D00, vsprintf_r - Builds a bounded in-memory FILE over the destination, formats through vfprintf, appends a null byte at the final write pointer, and returns the character count
0x00333D58, __swsetup - Validates stream write permissions and establishes writable buffering when required
0x00333E68, atol - Parses a signed long integer from the supplied string through strtol
0x00333E88, quorem - Divides one multiprecision integer by another known-close divisor and returns a decimal digit
0x003340B8, _dtoa_r - Converts a double to correctly rounded decimal digits under the requested formatting mode
0x00335320, fflush - Flushes pending stream output through its configured write callback
0x00335438, std - Initializes a FILE structure, installs stream callbacks, and configures buffering and descriptor metadata
0x00335498, __sfmoreglue - Allocates an additional block of FILE structures for the reentrant stream pool
0x00335510, __sfp - Finds or allocates an unused FILE structure and initializes its ownership fields
0x00335608, _cleanup_r - Flushes every stream belonging to the supplied reentrancy context
0x00335628, _cleanup - Delegates process-wide standard-stream cleanup to the reentrant cleanup routine
0x00335648, __sinit - Initializes the reentrant standard streams and registers stream cleanup
0x003356D8, fread - Reads complete fixed-size elements from a stream into the destination buffer
0x003357F8, _free_r - Invokes _malloc_trim_r and __malloc_unlock to tear down r resources and clears their dependent handles and state fields
0x00335AF0, _malloc_trim_r - Releases page-aligned free space from the allocator's top chunk back to the system
0x00335C60, __sfvwrite - Writes scatter-gather buffers through a stream while honoring line, full, or unbuffered modes
0x00336040, _fwalk - Calls a callback for every allocated stream in a reentrancy structure
0x003360D8, _setlocale_r - Accepts C or empty locale names, records the category, and returns the static locale descriptor
0x00336168, _localeconv_r - Returns the current lconv value used by localeconv r
0x00336178, setlocale - Sets or queries locale state through the active process reentrancy context
0x003361A0, localeconv - Returns locale formatting conventions from the active process reentrancy context
0x003361C0, __smakebuf - Selects stream buffering mode and allocates a suitable buffer from file characteristics
0x00336318, _mbtowc_r - Converts one single-byte C-locale character to a wide character
0x0033634C, memchr - Searches a byte range for the requested value and returns its first matching address
0x00336430, _Balloc - Obtains a multiprecision integer of the requested capacity from a freelist or heap
0x003364D8, _Bfree - Returns a multiprecision integer to its size-class freelist
0x00336508, _multadd - Multiplies a multiprecision integer by a small value and adds another small value
0x00336610, _s2b - Converts a decimal digit string into a multiprecision integer
0x00336740, _hi0bits - Counts leading zero bits in a word and optionally normalizes it
0x003367C0, _lo0bits - Counts trailing zero bits in a word while shifting them out
0x00336880, _i2b - Allocates a multiprecision integer initialized from one machine word
0x003368B8, _multiply - Multiplies two multiprecision integers and returns their normalized product
0x00336AC8, _pow5mult - Multiplies a multiprecision integer by five raised to the requested power
0x00336BC8, _lshift - Left-shifts a multiprecision integer, expanding storage and returning the normalized result
0x00336D20, __mcmp - Compares two multiprecision integers by length and most-significant words
0x00336D88, __mdiff - Computes the absolute difference between two multiprecision integers and records its sign
0x00336F18, _ulp - Computes the unit in the last place corresponding to a double
0x00336FE8, _b2d - Approximates a multiprecision integer as a normalized double and reports its exponent
0x00337180, _d2b - Converts a finite double into a multiprecision significand with exponent and bit count
0x00337308, _ratio - Approximates the ratio of two multiprecision integers as a double
0x003373D8, _mprec_log10 - Computes ten raised to an integer power using exponentiation by squaring
0x00337448, lflush - Flushes a stream only when it is line-buffered
0x00337480, __srefill - Refills a readable stream buffer, flushing line-buffered outputs when required
0x00337600, isinf - Tests whether the supplied floating-point value represents positive or negative infinity
0x00337648, isnan - Tests whether the supplied floating-point value represents a NaN encoding
0x00337688, __sread - Reads from a stream descriptor and updates its tracked file offset
0x003376F0, __swrite - Writes to a stream descriptor, applying append seeking and offset invalidation
0x00337770, __sseek - Seeks a stream descriptor and updates or invalidates its tracked offset
0x003377D8, __sclose - Closes the file descriptor associated with a stream cookie
0x003377F8, _strtoul_r - Parses an unsigned integer with base detection, overflow handling, and endpoint reporting
0x00337A28, strtoul - Parses an unsigned integer in the requested base and reports the stopping position
0x00337A58, __submore - Expands a stream's ungetc backup area while preserving already pushed characters
0x00337B40, ungetc - Pushes one character back onto an input stream, extending its backup buffer when needed
0x00337CC8, _write_r - Submits r data with write and records completion and resource state from the transfer result
0x00337D28, _calloc_r - Allocates a reentrant heap block for an array and clears its bytes
0x00337DE0, _close_r - Invokes close to tear down r resources and clears their dependent handles and state fields
0x00337E38, _fstat_r - Calls fstat and records its failure error in the reentrancy structure
0x00337E98, _lseek_r - Calls lseek and records its failure error in the reentrancy structure
0x00337EF8, _read_r - Calls read and records its failure error in the reentrancy structure
0x00337F58, _realloc_r - Resizes an allocation in place when possible, otherwise moving it under allocator locking
0x003384F8, __fixdfdi - Converts a double-precision value to a signed 64-bit integer
0x00A00000, device_check_sync - Polls device check completion while invoking xglMcMain and xglSleep and returns the observed status
0x00A00040, hdd_check - Probes hard-drive availability, prompts through recoverable errors, and retries or initializes storage from user input
0x00A00070, CasinoMiniGameMain - Initializes casino controller and game state, runs frames until completion, then performs final engine updates
0x00A00300, mc_check - Polls both memory-card slots, validates capacity and state, and displays retryable warnings for unusable cards
0x00A00338, CardGameRoot - Initializes card renderer state and enters the card-game initialization and processing lifecycle
0x00A00668, LogoFirst - Initializes the first logo frame by clearing frame buffers and establishing the logo background color
0x00A006C8, ipuplay - Opens and plays an IPU movie while managing movie information, frame decoding, and completion state
0x00A007F8, Logo - Advances logo display timing, clears rendering targets, and transitions when the logo sequence completes
0x00A00850, BootDisplay - Returns immediately because this build does not implement a separate boot display
0x00A00858, copyframe - Emits VIF commands that copy the current frame texture for subsequent title-screen effects
0x00A00980, build_mipmap - Builds progressively reduced frame textures by emitting direct VIF and graphics commands
0x00A00D18, particle_reset - Reinitializes title-screen particles with randomized positions, velocities, sizes, and lifetimes
0x00A00E18, Title - Runs the title-screen state machine, rendering effects and handling memory-card requests and input
0x00A017A0, TitleGameInit - Initializes flags, party data, and other persistent game state before leaving the title screen
0x00A017F0, HddInstallSync - Polls HDD install completion while invoking xglPacketGetCurrent and sceVif1PkCnt and returns the observed status
0x00A01928, HddInstallCB - Updates HDD installation progress, draws status text, and reports whether the asynchronous operation finished
0x00A01D78, TitleHddInstallSubInstall - Drives installation confirmation, execution, and return transitions for the title-screen HDD menu
0x00A01DE0, TitleHddInstallExecute - Runs HDD installation, activates installed data, and handles completion, failure, retry, or cancellation prompts
0x00A01EA8, RobotGameMain - Runs the robot-game mode loop, initializing systems and dispatching CPU, two-player, or help modes
0x00A01F58, TitleHddInstallReturnStub - Returns immediately as the shared completion target for HDD installation prompt paths
0x00A01F80, TitleHddInstallSubUninstall - Runs HDD data removal, displays progress, and waits for asynchronous uninstall completion
0x00A02148, TitleHddInstall - Checks HDD status and drives the title-screen install or uninstall workflow
0x00A023A8, tskUmnObjectTaskMain - Dispatches an object's UMN task callback and removes the task after its completion state
0x00A02458, UmnObjectTaskCreate - Allocates and initializes a UMN object task with its callback and state data
0x00A024D8, UmnChangeTopLevel - Clears 112 bytes of UMN level state, resets the command byte, stores the requested top-level mode, and rebuilds the procurator state
0x00A02530, UmnFirstLoad - Loads common UMN text and initial interface resources into the supplied arena
0x00A025B8, UmnInit - Initializes UMN interface state, text rendering, menu audio, resources, and top-level control
0x00A02778, UmnMain - Runs the primary UMN interface loop, processing levels, rendering frames, and handling exit transitions
0x00A029A8, UmnMain2 - Runs the alternate UMN interface loop with frame copying and top-level state dispatch
0x00A02D68, tskUmnBgCubeMain - Animates and draws the UMN background cube, then removes its task when finished
0x00A03060, UmnBgCubeInit - Creates the UMN background-cube task and initializes its camera-relative animation state
0x00A03148, DrawUmnInterface2 - Emits direct VIF drawing data for the secondary fading UMN interface overlay
0x00A03368, UmnInterface2Main - Decrements the interface's two fade counters by 8 and 2 while nonzero and draws the interface only until both counters reach zero
0x00A033E0, UmnInterface2Init - Initializes secondary UMN interface fade counters, rendering state, and task linkage
0x00A03450, taskUmnTopWin - Drives the UMN top window's opening, message display, input, and closing states
0x00A03EB0, UmnTopMenu - Creates four gated UMN top entries, restores the saved cursor, wraps shoulder navigation, opens the selected nonzero section on confirm, and enters close phase 0xF0 on cancel
0x00A04170, UmnManzaiControl - Advances scripted UMN dialogue pages and fetches subsequent event-text records until completion
0x00A042A8, UmnManzaiInit - Builds UMN dialogue text, selects its first record, and initializes conversation display state
0x00A04388, tskUmnManzaiWin - Animates the UMN dialogue window and configures its current message content
0x00A047C8, LocalLightSet - Initializes a model's local lighting transform from fixed camera parameters and enables its lighting flag
0x00A048C0, UmnProcuratorManzai2 - Positions and animates the secondary UMN dialogue character model using matrix-stack transforms
0x00A04DE0, Rotation - Transforms an offset through supplied rotations and adds the result to a base position vector
0x00A04E80, UmnProcuratorManzai - Positions, lights, and animates the primary character model during UMN dialogue scenes
0x00A052F8, UmnProcuratorMail - Positions, lights, and animates the character model used by the UMN mail screen
0x00A054F0, UmnProcuratorTop - Opens, lights, and controls the character model displayed on the UMN top menu
0x00A055A0, UmnProcuratorGoodBy - Opens and animates the lit character model used for the UMN exit sequence
0x00A05670, UmnProcuratorSet - Requests the primary UMN character model when entering either the top menu or mail section
0x00A05738, tskUmnMailPas - Displays mail-screen progress information and sizes its window from the formatted content
0x00A05A80, tskUmnMailInfo - Drives the mail information window's initialization, animation, content, and closing states
0x00A05F40, tskUmnMailFolder - Drives folder navigation windows, cursor movement, hierarchy changes, and selection input
0x00A06EB0, tskUmnMailDisp - Displays the selected mail's header and body while managing window transitions and scrolling
0x00A07B38, tskUmnMailHensin - Drives the mail reply window and handles its selection and transition states
0x00A07EB0, tskUmnMailMenu - Drives the mail command menu, cursor input, selection, and window transitions
0x00A082E0, tskUmnMailExWin - Displays modal mail messages and switches message modes during open and close transitions
0x00A08700, SisoSiso.6 - Walks UMN history-tree entries to determine ancestry and visible folder relationships
0x00A087A0, UmnMailFolderSet - Builds or restores the visible mail-folder ancestry, preserving cursor and scroll positions between hierarchy levels
0x00A08A50, UmnMail - Coordinates UMN mail folders, messages, attachments, events, and their associated interface tasks
0x00A097D8, UmnGunoDataBaseGet - Returns the fixed-size database record for supported IDs, otherwise returning the database base record
0x00A09818, tskUmnDataBasePas - Displays database-screen progress information and manages its animated window states
0x00A09A70, tskUmnDataBaseInfo - Drives the database information window's content, animation, and close transitions
0x00A09BC0, tskUmnDataBaseName - Drives the OV02 UMN database-name screen state machine, initializes fourteen two-column entries, animates selection transitions, fills monster names and numbers, and updates the cursor
0x00A0A3F8, tskUmnDataBaseAnalisis - Displays the selected monster's analysis record and processes navigation and exit input
0x00A0A600, tskUmnDataBaseMenu - Drives the database command menu, cursor movement, selection, and window transitions
0x00A0A8F8, tskUmnDataBaseExWin - Displays modal database messages and switches message modes through open and close states
0x00A0ACE0, tskUmnDataBaseKeyWord - Configures and displays keyword details using UML text parameters and ribbon widgets
0x00A0B028, UmnDataBaseModel - Loads, controls, and releases the monster model shown on the UMN database screen
0x00A0B1D8, UmnDataBase - Coordinates database lists, analysis views, models, keywords, sounds, and interface tasks
0x00A0B5F0, battleRetCodeGet - Returns the battle result code exported by the active battle overlay
0x00A0B708, monsSetNoSet - Stores the selected monster-set number in battle overlay configuration state
0x00A0B728, mapNoSet - Stores the selected battle-map number in battle overlay configuration state
0x00A0BAF8, tskUmnSimulationPas - Displays simulation-screen progress information and manages its animated window states
0x00A0BD08, tskUmnSimulationInfo - Drives the simulation information window's content, animation, and closing states
0x00A0BEE8, tskUmnSimulationList - Displays the simulation list, animates selection movement, and handles cursor input
0x00A0C1C8, UmnSimulation - Coordinates simulation list tasks, selection sounds, battle launch parameters, and return transitions
0x00A0C488, mark - Computes and stores display marker coordinates from two related UML records
0x00A0C4C8, tail - Computes the destination record's 16-bit field at offset 0x1E from its offset-0x1A value and the relative offset-0xA and offset-0x12 coordinates of the two records
0x00A0C4F0, tyaUmlDispLoad - Loads UML display resources from disc and records their sizes and destination addresses
0x00A0CA38, texture_trans - Emits direct graphics commands that transform and draw a textured UML display element
0x00A0CAD8, tyaUmlDispType3Sub0 - Builds type-three UML geometry and submits its transformed textured primitives for rendering
0x00A0CE30, nusumeGet - Returns the battle overlay flag recording the current steal result
0x00A0CEF0, tyaUmlDispType3Sub1 - Submits a prepared block of direct VIF data for type-three UML rendering
0x00A0CF60, tyaUmlDispType3 - Renders a type-three UML panel, including textured geometry and formatted font content
0x00A0D038, tyaUmlDispMain - Loads UML display resources on demand and dispatches rendering for the active display type
0x00A0D0C8, find_text - Selects database text according to its identifier and required game progression flags
0x00A0D128, get_fileno - Scans the database file table for an entry matching the requested ID and returns its file index
0x00A0D1A0, get_indexno - Scans the base database table for the requested ID and returns its selectable-entry index
0x00A0D218, get_selectno - Maps a selectable-entry ordinal back to its base table index while skipping sentinel entries
0x00A0D290, dbfileno_load - Loads the database file-number table from disc into the caller's arena
0x00A0D3C0, dbheader_load - Loads database headers and referenced file-number data while advancing the caller's arena pointer
0x00A0D5E0, disp_index - Draws the database index, current selection details, and page indicators using font renderers
0x00A0D708, tyaUmlDatabaseMain - Drives the lower-level UML database browser, including windows, selection, text, and loading
0x00A0DD80, tyaUmlDispParamReset - Resets a 36-byte UML display parameter block to sentinel IDs, zero origins, 0x200-by-0x1C0 bounds, and returns 0
0x00A0DDC8, tyaUmlDispInit2 - Initializes a UML display descriptor with dimensions, type, resource pointers, and default state
0x00A0DE08, tyaUmlDispInit - Initializes a UML display descriptor using the shared extended initializer
0x00A0DE20, tskUmnPluginPas - Displays plugin-screen progress information and manages its animated window states
0x00A0E038, tskUmnPluginInfo - Drives the plugin information window's content, animation, and closing states
0x00A0E1A0, tskUmnPluginList - Displays unlocked plugins, obtains their text, and handles list navigation and selection
0x00A0E4D8, tskUmnPluginExWin - Displays plugin details using ribbon and tagged-font widgets through animated window states
0x00A0E6F8, UmnPlugin - Coordinates plugin list and information tasks, selection sounds, and section exit transitions
0x00A0E938, UmnEventTextSymbolCheck - Identifies control symbols in UMN event text and returns their encoded command length
0x00A0EA68, UmnEventTextCharCheck - Determines the byte length of the next UMN event-text character
0x00A0EB28, UmnEventTextNumberGet - Parses a decimal or octal number from the source and advances its caller-owned pointer
0x00A0EBB0, UmnEventTextGyouJump - Advances an event-text cursor to the requested line while respecting embedded control sequences
0x00A0EBF0, UmnEventTextMessageMake - Parses event-text commands and constructs one displayable dialogue message in the output buffer
0x00A0ECE0, UmnEventTextMake - Loads an event-text resource and converts its encoded records into runtime dialogue messages
0x00A0EFC0, UmnEventTextNextGet - Advances the global dialogue record cursor and returns the requested record or null at the end
0x00A0F000, UmnMailEventCheck - Finds a mail in the event table and returns its pending event index when not completed
0x00A0F068, UmnEventEndMailCheck - Unlocks and registers the configured follow-up mail when the specified event-ending mail is read
0x00A0F0D8, UmnHistoryTreeLoad - Aligns an 0x800-byte history-tree buffer, loads its resource, and returns the next free address
0x00A0F110, monsGainPtrGet - Returns the battle overlay's shared monster reward-data structure
0x00A0F128, UmnHistoryTreeGet - Returns a four-byte history-tree entry for identifiers below 128, otherwise returning null
0x00A0F150, UmnKosmosSpecialGetCheck - Reports whether the requested KOS-MOS special ability has already been acquired
0x00A0F1D8, UmnMailAttachGet - Returns the three-byte attachment descriptor at the requested table index
0x00A0F1F8, UmnMailAttachSet - Applies an attachment descriptor by unlocking plugins, granting repeated items, or adding a scaled amount
0x00A0F338, UmnMailHeaderGet - Returns the fixed-size mail header record at the requested identifier index
0x00A0F358, UmnMailHeaderCreate - Loads mail header text and builds indexed runtime records with measured display lengths
0x00A0F550, UmnPluginTextGet - Returns one of six fixed-size plugin text records, falling back to the text base
0x00A0F578, UmnTextLoad - Loads shared UMN text and menu resources into successive aligned arena regions
0x00A0F5E8, UmnMailCompulsionDownLoadCheck - Recognizes forced-download attachments and reports whether the associated mail attachment remains undownloaded
0x00A0F650, UmnEventTextInit - Aligns the supplied arena pointer to 16 bytes, assigns a 0x2000-byte event-text buffer, clears its state flag, and returns the first byte after the buffer
0x00A11108, calcTotalParaMenu - Recalculates the selected unit's derived menu combat parameters through the battle overlay
0x00A11270, calcUseEtherMenu - Applies menu ether effects to eligible targets, deducts caster EP, and restores temporarily replaced unit fields
0x00A114C0, calcUseItemMenu - Applies a menu item to eligible targets while preserving temporarily replaced unit combat fields
